bench,exe,driver_i,driver_j,name_i,name_j,size_i,size_j,inter,union,iou
xpdf,pdftops,1,2,1_default,2_level1,2,2,0,4,0.0
xpdf,pdftops,1,3,1_default,3_level1sep,2,2,0,4,0.0
xpdf,pdftops,1,4,1_default,4_level2,2,2,0,4,0.0
xpdf,pdftops,1,5,1_default,5_level2gray,2,2,0,4,0.0
xpdf,pdftops,1,6,1_default,6_level2sep,2,2,0,4,0.0
xpdf,pdftops,1,7,1_default,7_level3,2,2,0,4,0.0
xpdf,pdftops,1,8,1_default,8_level3gray,2,2,0,4,0.0
xpdf,pdftops,1,9,1_default,9_level3sep,2,2,0,4,0.0
xpdf,pdftops,1,10,1_default,10_eps,2,2,0,4,0.0
xpdf,pdftops,1,11,1_default,11_form,2,2,0,4,0.0
xpdf,pdftops,1,12,1_default,12_f_1,2,2,2,2,1.0
xpdf,pdftops,1,13,1_default,13_l_3,2,2,2,2,1.0
xpdf,pdftops,1,14,1_default,14_paper_letter,2,2,2,2,1.0
xpdf,pdftops,1,15,1_default,15_paperw_612,2,2,2,2,1.0
xpdf,pdftops,1,16,1_default,16_paperh_792,2,2,2,2,1.0
xpdf,pdftops,1,17,1_default,17_level1_f_1,2,2,2,2,1.0
xpdf,pdftops,1,18,1_default,18_level1_l_3,2,2,2,2,1.0
xpdf,pdftops,1,19,1_default,19_level1_paper_letter,2,1,0,3,0.0
xpdf,pdftops,1,20,1_default,20_level1_paperw_612,2,1,0,3,0.0
xpdf,pdftops,1,21,1_default,21_level1_paperh_792,2,1,0,3,0.0
xpdf,pdftops,1,22,1_default,22_level1sep_f_1,2,1,0,3,0.0
xpdf,pdftops,1,23,1_default,23_level1sep_l_3,2,1,0,3,0.0
xpdf,pdftops,1,24,1_default,24_level1sep_paper_letter,2,1,0,3,0.0
xpdf,pdftops,1,25,1_default,25_level1sep_paperw_612,2,1,0,3,0.0
xpdf,pdftops,1,26,1_default,26_level1sep_paperh_792,2,1,0,3,0.0
xpdf,pdftops,1,27,1_default,27_level2_f_1,2,1,0,3,0.0
xpdf,pdftops,1,28,1_default,28_level2_l_3,2,1,0,3,0.0
xpdf,pdftops,1,29,1_default,29_level2_paper_letter,2,1,0,3,0.0
xpdf,pdftops,1,30,1_default,30_level2_paperw_612,2,1,0,3,0.0
xpdf,pdftops,1,31,1_default,31_level2_paperh_792,2,1,0,3,0.0
xpdf,pdftops,1,32,1_default,32_level2gray_f_1,2,1,0,3,0.0
xpdf,pdftops,1,33,1_default,33_level2gray_l_3,2,1,0,3,0.0
xpdf,pdftops,1,34,1_default,34_level2gray_paper_letter,2,1,0,3,0.0
xpdf,pdftops,1,35,1_default,35_level2gray_paperw_612,2,1,0,3,0.0
xpdf,pdftops,1,36,1_default,36_level2gray_paperh_792,2,1,0,3,0.0
xpdf,pdftops,1,37,1_default,37_level2sep_f_1,2,1,0,3,0.0
xpdf,pdftops,1,38,1_default,38_level2sep_l_3,2,1,0,3,0.0
xpdf,pdftops,1,39,1_default,39_level2sep_paper_letter,2,1,0,3,0.0
xpdf,pdftops,1,40,1_default,40_level2sep_paperw_612,2,1,0,3,0.0
xpdf,pdftops,1,41,1_default,41_level2sep_paperh_792,2,1,0,3,0.0
xpdf,pdftops,1,42,1_default,42_level3_f_1,2,1,0,3,0.0
xpdf,pdftops,1,43,1_default,43_level3_l_3,2,1,0,3,0.0
xpdf,pdftops,1,44,1_default,44_level3_paper_letter,2,1,0,3,0.0
xpdf,pdftops,1,45,1_default,45_level3_paperw_612,2,1,0,3,0.0
xpdf,pdftops,1,46,1_default,46_level3_paperh_792,2,1,0,3,0.0
xpdf,pdftops,1,47,1_default,47_level3gray_f_1,2,1,0,3,0.0
xpdf,pdftops,1,48,1_default,48_level3gray_l_3,2,1,0,3,0.0
xpdf,pdftops,1,49,1_default,49_level3gray_paper_letter,2,1,0,3,0.0
xpdf,pdftops,1,50,1_default,50_level3gray_paperw_612,2,1,0,3,0.0
xpdf,pdftops,1,51,1_default,51_level3gray_paperh_792,2,1,0,3,0.0
xpdf,pdftops,1,52,1_default,52_level3sep_f_1,2,1,0,3,0.0
xpdf,pdftops,1,53,1_default,53_level3sep_l_3,2,1,0,3,0.0
xpdf,pdftops,1,54,1_default,54_level3sep_paper_letter,2,1,0,3,0.0
xpdf,pdftops,1,55,1_default,55_level3sep_paperw_612,2,1,0,3,0.0
xpdf,pdftops,1,56,1_default,56_level3sep_paperh_792,2,1,0,3,0.0
xpdf,pdftops,1,57,1_default,57_eps_f_1,2,1,0,3,0.0
xpdf,pdftops,1,58,1_default,58_eps_l_3,2,1,0,3,0.0
xpdf,pdftops,1,59,1_default,59_eps_paper_letter,2,1,0,3,0.0
xpdf,pdftops,1,60,1_default,60_eps_paperw_612,2,1,0,3,0.0
xpdf,pdftops,1,61,1_default,61_eps_paperh_792,2,1,0,3,0.0
xpdf,pdftops,1,62,1_default,62_form_f_1,2,1,0,3,0.0
xpdf,pdftops,1,63,1_default,63_form_l_3,2,1,0,3,0.0
xpdf,pdftops,1,64,1_default,64_form_paper_letter,2,1,0,3,0.0
xpdf,pdftops,1,65,1_default,65_form_paperw_612,2,1,0,3,0.0
xpdf,pdftops,1,66,1_default,66_form_paperh_792,2,1,0,3,0.0
xpdf,pdftops,2,3,2_level1,3_level1sep,2,2,0,4,0.0
xpdf,pdftops,2,4,2_level1,4_level2,2,2,0,4,0.0
xpdf,pdftops,2,5,2_level1,5_level2gray,2,2,0,4,0.0
xpdf,pdftops,2,6,2_level1,6_level2sep,2,2,0,4,0.0
xpdf,pdftops,2,7,2_level1,7_level3,2,2,0,4,0.0
xpdf,pdftops,2,8,2_level1,8_level3gray,2,2,0,4,0.0
xpdf,pdftops,2,9,2_level1,9_level3sep,2,2,0,4,0.0
xpdf,pdftops,2,10,2_level1,10_eps,2,2,0,4,0.0
xpdf,pdftops,2,11,2_level1,11_form,2,2,0,4,0.0
xpdf,pdftops,2,12,2_level1,12_f_1,2,2,0,4,0.0
xpdf,pdftops,2,13,2_level1,13_l_3,2,2,0,4,0.0
xpdf,pdftops,2,14,2_level1,14_paper_letter,2,2,0,4,0.0
xpdf,pdftops,2,15,2_level1,15_paperw_612,2,2,0,4,0.0
xpdf,pdftops,2,16,2_level1,16_paperh_792,2,2,0,4,0.0
xpdf,pdftops,2,17,2_level1,17_level1_f_1,2,2,0,4,0.0
xpdf,pdftops,2,18,2_level1,18_level1_l_3,2,2,0,4,0.0
xpdf,pdftops,2,19,2_level1,19_level1_paper_letter,2,1,0,3,0.0
xpdf,pdftops,2,20,2_level1,20_level1_paperw_612,2,1,0,3,0.0
xpdf,pdftops,2,21,2_level1,21_level1_paperh_792,2,1,0,3,0.0
xpdf,pdftops,2,22,2_level1,22_level1sep_f_1,2,1,0,3,0.0
xpdf,pdftops,2,23,2_level1,23_level1sep_l_3,2,1,0,3,0.0
xpdf,pdftops,2,24,2_level1,24_level1sep_paper_letter,2,1,0,3,0.0
xpdf,pdftops,2,25,2_level1,25_level1sep_paperw_612,2,1,0,3,0.0
xpdf,pdftops,2,26,2_level1,26_level1sep_paperh_792,2,1,0,3,0.0
xpdf,pdftops,2,27,2_level1,27_level2_f_1,2,1,0,3,0.0
xpdf,pdftops,2,28,2_level1,28_level2_l_3,2,1,0,3,0.0
xpdf,pdftops,2,29,2_level1,29_level2_paper_letter,2,1,0,3,0.0
xpdf,pdftops,2,30,2_level1,30_level2_paperw_612,2,1,0,3,0.0
xpdf,pdftops,2,31,2_level1,31_level2_paperh_792,2,1,0,3,0.0
xpdf,pdftops,2,32,2_level1,32_level2gray_f_1,2,1,0,3,0.0
xpdf,pdftops,2,33,2_level1,33_level2gray_l_3,2,1,0,3,0.0
xpdf,pdftops,2,34,2_level1,34_level2gray_paper_letter,2,1,0,3,0.0
xpdf,pdftops,2,35,2_level1,35_level2gray_paperw_612,2,1,0,3,0.0
xpdf,pdftops,2,36,2_level1,36_level2gray_paperh_792,2,1,0,3,0.0
xpdf,pdftops,2,37,2_level1,37_level2sep_f_1,2,1,0,3,0.0
xpdf,pdftops,2,38,2_level1,38_level2sep_l_3,2,1,0,3,0.0
xpdf,pdftops,2,39,2_level1,39_level2sep_paper_letter,2,1,0,3,0.0
xpdf,pdftops,2,40,2_level1,40_level2sep_paperw_612,2,1,0,3,0.0
xpdf,pdftops,2,41,2_level1,41_level2sep_paperh_792,2,1,0,3,0.0
xpdf,pdftops,2,42,2_level1,42_level3_f_1,2,1,0,3,0.0
xpdf,pdftops,2,43,2_level1,43_level3_l_3,2,1,0,3,0.0
xpdf,pdftops,2,44,2_level1,44_level3_paper_letter,2,1,0,3,0.0
xpdf,pdftops,2,45,2_level1,45_level3_paperw_612,2,1,0,3,0.0
xpdf,pdftops,2,46,2_level1,46_level3_paperh_792,2,1,0,3,0.0
xpdf,pdftops,2,47,2_level1,47_level3gray_f_1,2,1,0,3,0.0
xpdf,pdftops,2,48,2_level1,48_level3gray_l_3,2,1,0,3,0.0
xpdf,pdftops,2,49,2_level1,49_level3gray_paper_letter,2,1,0,3,0.0
xpdf,pdftops,2,50,2_level1,50_level3gray_paperw_612,2,1,0,3,0.0
xpdf,pdftops,2,51,2_level1,51_level3gray_paperh_792,2,1,0,3,0.0
xpdf,pdftops,2,52,2_level1,52_level3sep_f_1,2,1,0,3,0.0
xpdf,pdftops,2,53,2_level1,53_level3sep_l_3,2,1,0,3,0.0
xpdf,pdftops,2,54,2_level1,54_level3sep_paper_letter,2,1,0,3,0.0
xpdf,pdftops,2,55,2_level1,55_level3sep_paperw_612,2,1,0,3,0.0
xpdf,pdftops,2,56,2_level1,56_level3sep_paperh_792,2,1,0,3,0.0
xpdf,pdftops,2,57,2_level1,57_eps_f_1,2,1,0,3,0.0
xpdf,pdftops,2,58,2_level1,58_eps_l_3,2,1,0,3,0.0
xpdf,pdftops,2,59,2_level1,59_eps_paper_letter,2,1,0,3,0.0
xpdf,pdftops,2,60,2_level1,60_eps_paperw_612,2,1,0,3,0.0
xpdf,pdftops,2,61,2_level1,61_eps_paperh_792,2,1,0,3,0.0
xpdf,pdftops,2,62,2_level1,62_form_f_1,2,1,0,3,0.0
xpdf,pdftops,2,63,2_level1,63_form_l_3,2,1,0,3,0.0
xpdf,pdftops,2,64,2_level1,64_form_paper_letter,2,1,0,3,0.0
xpdf,pdftops,2,65,2_level1,65_form_paperw_612,2,1,0,3,0.0
xpdf,pdftops,2,66,2_level1,66_form_paperh_792,2,1,0,3,0.0
xpdf,pdftops,3,4,3_level1sep,4_level2,2,2,0,4,0.0
xpdf,pdftops,3,5,3_level1sep,5_level2gray,2,2,0,4,0.0
xpdf,pdftops,3,6,3_level1sep,6_level2sep,2,2,0,4,0.0
xpdf,pdftops,3,7,3_level1sep,7_level3,2,2,0,4,0.0
xpdf,pdftops,3,8,3_level1sep,8_level3gray,2,2,0,4,0.0
xpdf,pdftops,3,9,3_level1sep,9_level3sep,2,2,0,4,0.0
xpdf,pdftops,3,10,3_level1sep,10_eps,2,2,0,4,0.0
xpdf,pdftops,3,11,3_level1sep,11_form,2,2,0,4,0.0
xpdf,pdftops,3,12,3_level1sep,12_f_1,2,2,0,4,0.0
xpdf,pdftops,3,13,3_level1sep,13_l_3,2,2,0,4,0.0
xpdf,pdftops,3,14,3_level1sep,14_paper_letter,2,2,0,4,0.0
xpdf,pdftops,3,15,3_level1sep,15_paperw_612,2,2,0,4,0.0
xpdf,pdftops,3,16,3_level1sep,16_paperh_792,2,2,0,4,0.0
xpdf,pdftops,3,17,3_level1sep,17_level1_f_1,2,2,0,4,0.0
xpdf,pdftops,3,18,3_level1sep,18_level1_l_3,2,2,0,4,0.0
xpdf,pdftops,3,19,3_level1sep,19_level1_paper_letter,2,1,0,3,0.0
xpdf,pdftops,3,20,3_level1sep,20_level1_paperw_612,2,1,0,3,0.0
xpdf,pdftops,3,21,3_level1sep,21_level1_paperh_792,2,1,0,3,0.0
xpdf,pdftops,3,22,3_level1sep,22_level1sep_f_1,2,1,0,3,0.0
xpdf,pdftops,3,23,3_level1sep,23_level1sep_l_3,2,1,0,3,0.0
xpdf,pdftops,3,24,3_level1sep,24_level1sep_paper_letter,2,1,0,3,0.0
xpdf,pdftops,3,25,3_level1sep,25_level1sep_paperw_612,2,1,0,3,0.0
xpdf,pdftops,3,26,3_level1sep,26_level1sep_paperh_792,2,1,0,3,0.0
xpdf,pdftops,3,27,3_level1sep,27_level2_f_1,2,1,0,3,0.0
xpdf,pdftops,3,28,3_level1sep,28_level2_l_3,2,1,0,3,0.0
xpdf,pdftops,3,29,3_level1sep,29_level2_paper_letter,2,1,0,3,0.0
xpdf,pdftops,3,30,3_level1sep,30_level2_paperw_612,2,1,0,3,0.0
xpdf,pdftops,3,31,3_level1sep,31_level2_paperh_792,2,1,0,3,0.0
xpdf,pdftops,3,32,3_level1sep,32_level2gray_f_1,2,1,0,3,0.0
xpdf,pdftops,3,33,3_level1sep,33_level2gray_l_3,2,1,0,3,0.0
xpdf,pdftops,3,34,3_level1sep,34_level2gray_paper_letter,2,1,0,3,0.0
xpdf,pdftops,3,35,3_level1sep,35_level2gray_paperw_612,2,1,0,3,0.0
xpdf,pdftops,3,36,3_level1sep,36_level2gray_paperh_792,2,1,0,3,0.0
xpdf,pdftops,3,37,3_level1sep,37_level2sep_f_1,2,1,0,3,0.0
xpdf,pdftops,3,38,3_level1sep,38_level2sep_l_3,2,1,0,3,0.0
xpdf,pdftops,3,39,3_level1sep,39_level2sep_paper_letter,2,1,0,3,0.0
xpdf,pdftops,3,40,3_level1sep,40_level2sep_paperw_612,2,1,0,3,0.0
xpdf,pdftops,3,41,3_level1sep,41_level2sep_paperh_792,2,1,0,3,0.0
xpdf,pdftops,3,42,3_level1sep,42_level3_f_1,2,1,0,3,0.0
xpdf,pdftops,3,43,3_level1sep,43_level3_l_3,2,1,0,3,0.0
xpdf,pdftops,3,44,3_level1sep,44_level3_paper_letter,2,1,0,3,0.0
xpdf,pdftops,3,45,3_level1sep,45_level3_paperw_612,2,1,0,3,0.0
xpdf,pdftops,3,46,3_level1sep,46_level3_paperh_792,2,1,0,3,0.0
xpdf,pdftops,3,47,3_level1sep,47_level3gray_f_1,2,1,0,3,0.0
xpdf,pdftops,3,48,3_level1sep,48_level3gray_l_3,2,1,0,3,0.0
xpdf,pdftops,3,49,3_level1sep,49_level3gray_paper_letter,2,1,0,3,0.0
xpdf,pdftops,3,50,3_level1sep,50_level3gray_paperw_612,2,1,0,3,0.0
xpdf,pdftops,3,51,3_level1sep,51_level3gray_paperh_792,2,1,0,3,0.0
xpdf,pdftops,3,52,3_level1sep,52_level3sep_f_1,2,1,0,3,0.0
xpdf,pdftops,3,53,3_level1sep,53_level3sep_l_3,2,1,0,3,0.0
xpdf,pdftops,3,54,3_level1sep,54_level3sep_paper_letter,2,1,0,3,0.0
xpdf,pdftops,3,55,3_level1sep,55_level3sep_paperw_612,2,1,0,3,0.0
xpdf,pdftops,3,56,3_level1sep,56_level3sep_paperh_792,2,1,0,3,0.0
xpdf,pdftops,3,57,3_level1sep,57_eps_f_1,2,1,0,3,0.0
xpdf,pdftops,3,58,3_level1sep,58_eps_l_3,2,1,0,3,0.0
xpdf,pdftops,3,59,3_level1sep,59_eps_paper_letter,2,1,0,3,0.0
xpdf,pdftops,3,60,3_level1sep,60_eps_paperw_612,2,1,0,3,0.0
xpdf,pdftops,3,61,3_level1sep,61_eps_paperh_792,2,1,0,3,0.0
xpdf,pdftops,3,62,3_level1sep,62_form_f_1,2,1,0,3,0.0
xpdf,pdftops,3,63,3_level1sep,63_form_l_3,2,1,0,3,0.0
xpdf,pdftops,3,64,3_level1sep,64_form_paper_letter,2,1,0,3,0.0
xpdf,pdftops,3,65,3_level1sep,65_form_paperw_612,2,1,0,3,0.0
xpdf,pdftops,3,66,3_level1sep,66_form_paperh_792,2,1,0,3,0.0
xpdf,pdftops,4,5,4_level2,5_level2gray,2,2,0,4,0.0
xpdf,pdftops,4,6,4_level2,6_level2sep,2,2,0,4,0.0
xpdf,pdftops,4,7,4_level2,7_level3,2,2,0,4,0.0
xpdf,pdftops,4,8,4_level2,8_level3gray,2,2,0,4,0.0
xpdf,pdftops,4,9,4_level2,9_level3sep,2,2,0,4,0.0
xpdf,pdftops,4,10,4_level2,10_eps,2,2,0,4,0.0
xpdf,pdftops,4,11,4_level2,11_form,2,2,0,4,0.0
xpdf,pdftops,4,12,4_level2,12_f_1,2,2,0,4,0.0
xpdf,pdftops,4,13,4_level2,13_l_3,2,2,0,4,0.0
xpdf,pdftops,4,14,4_level2,14_paper_letter,2,2,0,4,0.0
xpdf,pdftops,4,15,4_level2,15_paperw_612,2,2,0,4,0.0
xpdf,pdftops,4,16,4_level2,16_paperh_792,2,2,0,4,0.0
xpdf,pdftops,4,17,4_level2,17_level1_f_1,2,2,0,4,0.0
xpdf,pdftops,4,18,4_level2,18_level1_l_3,2,2,0,4,0.0
xpdf,pdftops,4,19,4_level2,19_level1_paper_letter,2,1,0,3,0.0
xpdf,pdftops,4,20,4_level2,20_level1_paperw_612,2,1,0,3,0.0
xpdf,pdftops,4,21,4_level2,21_level1_paperh_792,2,1,0,3,0.0
xpdf,pdftops,4,22,4_level2,22_level1sep_f_1,2,1,0,3,0.0
xpdf,pdftops,4,23,4_level2,23_level1sep_l_3,2,1,0,3,0.0
xpdf,pdftops,4,24,4_level2,24_level1sep_paper_letter,2,1,0,3,0.0
xpdf,pdftops,4,25,4_level2,25_level1sep_paperw_612,2,1,0,3,0.0
xpdf,pdftops,4,26,4_level2,26_level1sep_paperh_792,2,1,0,3,0.0
xpdf,pdftops,4,27,4_level2,27_level2_f_1,2,1,0,3,0.0
xpdf,pdftops,4,28,4_level2,28_level2_l_3,2,1,0,3,0.0
xpdf,pdftops,4,29,4_level2,29_level2_paper_letter,2,1,0,3,0.0
xpdf,pdftops,4,30,4_level2,30_level2_paperw_612,2,1,0,3,0.0
xpdf,pdftops,4,31,4_level2,31_level2_paperh_792,2,1,0,3,0.0
xpdf,pdftops,4,32,4_level2,32_level2gray_f_1,2,1,0,3,0.0
xpdf,pdftops,4,33,4_level2,33_level2gray_l_3,2,1,0,3,0.0
xpdf,pdftops,4,34,4_level2,34_level2gray_paper_letter,2,1,0,3,0.0
xpdf,pdftops,4,35,4_level2,35_level2gray_paperw_612,2,1,0,3,0.0
xpdf,pdftops,4,36,4_level2,36_level2gray_paperh_792,2,1,0,3,0.0
xpdf,pdftops,4,37,4_level2,37_level2sep_f_1,2,1,0,3,0.0
xpdf,pdftops,4,38,4_level2,38_level2sep_l_3,2,1,0,3,0.0
xpdf,pdftops,4,39,4_level2,39_level2sep_paper_letter,2,1,0,3,0.0
xpdf,pdftops,4,40,4_level2,40_level2sep_paperw_612,2,1,0,3,0.0
xpdf,pdftops,4,41,4_level2,41_level2sep_paperh_792,2,1,0,3,0.0
xpdf,pdftops,4,42,4_level2,42_level3_f_1,2,1,0,3,0.0
xpdf,pdftops,4,43,4_level2,43_level3_l_3,2,1,0,3,0.0
xpdf,pdftops,4,44,4_level2,44_level3_paper_letter,2,1,0,3,0.0
xpdf,pdftops,4,45,4_level2,45_level3_paperw_612,2,1,0,3,0.0
xpdf,pdftops,4,46,4_level2,46_level3_paperh_792,2,1,0,3,0.0
xpdf,pdftops,4,47,4_level2,47_level3gray_f_1,2,1,0,3,0.0
xpdf,pdftops,4,48,4_level2,48_level3gray_l_3,2,1,0,3,0.0
xpdf,pdftops,4,49,4_level2,49_level3gray_paper_letter,2,1,0,3,0.0
xpdf,pdftops,4,50,4_level2,50_level3gray_paperw_612,2,1,0,3,0.0
xpdf,pdftops,4,51,4_level2,51_level3gray_paperh_792,2,1,0,3,0.0
xpdf,pdftops,4,52,4_level2,52_level3sep_f_1,2,1,0,3,0.0
xpdf,pdftops,4,53,4_level2,53_level3sep_l_3,2,1,0,3,0.0
xpdf,pdftops,4,54,4_level2,54_level3sep_paper_letter,2,1,0,3,0.0
xpdf,pdftops,4,55,4_level2,55_level3sep_paperw_612,2,1,0,3,0.0
xpdf,pdftops,4,56,4_level2,56_level3sep_paperh_792,2,1,0,3,0.0
xpdf,pdftops,4,57,4_level2,57_eps_f_1,2,1,0,3,0.0
xpdf,pdftops,4,58,4_level2,58_eps_l_3,2,1,0,3,0.0
xpdf,pdftops,4,59,4_level2,59_eps_paper_letter,2,1,0,3,0.0
xpdf,pdftops,4,60,4_level2,60_eps_paperw_612,2,1,0,3,0.0
xpdf,pdftops,4,61,4_level2,61_eps_paperh_792,2,1,0,3,0.0
xpdf,pdftops,4,62,4_level2,62_form_f_1,2,1,0,3,0.0
xpdf,pdftops,4,63,4_level2,63_form_l_3,2,1,0,3,0.0
xpdf,pdftops,4,64,4_level2,64_form_paper_letter,2,1,0,3,0.0
xpdf,pdftops,4,65,4_level2,65_form_paperw_612,2,1,0,3,0.0
xpdf,pdftops,4,66,4_level2,66_form_paperh_792,2,1,0,3,0.0
xpdf,pdftops,5,6,5_level2gray,6_level2sep,2,2,0,4,0.0
xpdf,pdftops,5,7,5_level2gray,7_level3,2,2,0,4,0.0
xpdf,pdftops,5,8,5_level2gray,8_level3gray,2,2,0,4,0.0
xpdf,pdftops,5,9,5_level2gray,9_level3sep,2,2,0,4,0.0
xpdf,pdftops,5,10,5_level2gray,10_eps,2,2,0,4,0.0
xpdf,pdftops,5,11,5_level2gray,11_form,2,2,0,4,0.0
xpdf,pdftops,5,12,5_level2gray,12_f_1,2,2,0,4,0.0
xpdf,pdftops,5,13,5_level2gray,13_l_3,2,2,0,4,0.0
xpdf,pdftops,5,14,5_level2gray,14_paper_letter,2,2,0,4,0.0
xpdf,pdftops,5,15,5_level2gray,15_paperw_612,2,2,0,4,0.0
xpdf,pdftops,5,16,5_level2gray,16_paperh_792,2,2,0,4,0.0
xpdf,pdftops,5,17,5_level2gray,17_level1_f_1,2,2,0,4,0.0
xpdf,pdftops,5,18,5_level2gray,18_level1_l_3,2,2,0,4,0.0
xpdf,pdftops,5,19,5_level2gray,19_level1_paper_letter,2,1,0,3,0.0
xpdf,pdftops,5,20,5_level2gray,20_level1_paperw_612,2,1,0,3,0.0
xpdf,pdftops,5,21,5_level2gray,21_level1_paperh_792,2,1,0,3,0.0
xpdf,pdftops,5,22,5_level2gray,22_level1sep_f_1,2,1,0,3,0.0
xpdf,pdftops,5,23,5_level2gray,23_level1sep_l_3,2,1,0,3,0.0
xpdf,pdftops,5,24,5_level2gray,24_level1sep_paper_letter,2,1,0,3,0.0
xpdf,pdftops,5,25,5_level2gray,25_level1sep_paperw_612,2,1,0,3,0.0
xpdf,pdftops,5,26,5_level2gray,26_level1sep_paperh_792,2,1,0,3,0.0
xpdf,pdftops,5,27,5_level2gray,27_level2_f_1,2,1,0,3,0.0
xpdf,pdftops,5,28,5_level2gray,28_level2_l_3,2,1,0,3,0.0
xpdf,pdftops,5,29,5_level2gray,29_level2_paper_letter,2,1,0,3,0.0
xpdf,pdftops,5,30,5_level2gray,30_level2_paperw_612,2,1,0,3,0.0
xpdf,pdftops,5,31,5_level2gray,31_level2_paperh_792,2,1,0,3,0.0
xpdf,pdftops,5,32,5_level2gray,32_level2gray_f_1,2,1,0,3,0.0
xpdf,pdftops,5,33,5_level2gray,33_level2gray_l_3,2,1,0,3,0.0
xpdf,pdftops,5,34,5_level2gray,34_level2gray_paper_letter,2,1,0,3,0.0
xpdf,pdftops,5,35,5_level2gray,35_level2gray_paperw_612,2,1,0,3,0.0
xpdf,pdftops,5,36,5_level2gray,36_level2gray_paperh_792,2,1,0,3,0.0
xpdf,pdftops,5,37,5_level2gray,37_level2sep_f_1,2,1,0,3,0.0
xpdf,pdftops,5,38,5_level2gray,38_level2sep_l_3,2,1,0,3,0.0
xpdf,pdftops,5,39,5_level2gray,39_level2sep_paper_letter,2,1,0,3,0.0
xpdf,pdftops,5,40,5_level2gray,40_level2sep_paperw_612,2,1,0,3,0.0
xpdf,pdftops,5,41,5_level2gray,41_level2sep_paperh_792,2,1,0,3,0.0
xpdf,pdftops,5,42,5_level2gray,42_level3_f_1,2,1,0,3,0.0
xpdf,pdftops,5,43,5_level2gray,43_level3_l_3,2,1,0,3,0.0
xpdf,pdftops,5,44,5_level2gray,44_level3_paper_letter,2,1,0,3,0.0
xpdf,pdftops,5,45,5_level2gray,45_level3_paperw_612,2,1,0,3,0.0
xpdf,pdftops,5,46,5_level2gray,46_level3_paperh_792,2,1,0,3,0.0
xpdf,pdftops,5,47,5_level2gray,47_level3gray_f_1,2,1,0,3,0.0
xpdf,pdftops,5,48,5_level2gray,48_level3gray_l_3,2,1,0,3,0.0
xpdf,pdftops,5,49,5_level2gray,49_level3gray_paper_letter,2,1,0,3,0.0
xpdf,pdftops,5,50,5_level2gray,50_level3gray_paperw_612,2,1,0,3,0.0
xpdf,pdftops,5,51,5_level2gray,51_level3gray_paperh_792,2,1,0,3,0.0
xpdf,pdftops,5,52,5_level2gray,52_level3sep_f_1,2,1,0,3,0.0
xpdf,pdftops,5,53,5_level2gray,53_level3sep_l_3,2,1,0,3,0.0
xpdf,pdftops,5,54,5_level2gray,54_level3sep_paper_letter,2,1,0,3,0.0
xpdf,pdftops,5,55,5_level2gray,55_level3sep_paperw_612,2,1,0,3,0.0
xpdf,pdftops,5,56,5_level2gray,56_level3sep_paperh_792,2,1,0,3,0.0
xpdf,pdftops,5,57,5_level2gray,57_eps_f_1,2,1,0,3,0.0
xpdf,pdftops,5,58,5_level2gray,58_eps_l_3,2,1,0,3,0.0
xpdf,pdftops,5,59,5_level2gray,59_eps_paper_letter,2,1,0,3,0.0
xpdf,pdftops,5,60,5_level2gray,60_eps_paperw_612,2,1,0,3,0.0
xpdf,pdftops,5,61,5_level2gray,61_eps_paperh_792,2,1,0,3,0.0
xpdf,pdftops,5,62,5_level2gray,62_form_f_1,2,1,0,3,0.0
xpdf,pdftops,5,63,5_level2gray,63_form_l_3,2,1,0,3,0.0
xpdf,pdftops,5,64,5_level2gray,64_form_paper_letter,2,1,0,3,0.0
xpdf,pdftops,5,65,5_level2gray,65_form_paperw_612,2,1,0,3,0.0
xpdf,pdftops,5,66,5_level2gray,66_form_paperh_792,2,1,0,3,0.0
xpdf,pdftops,6,7,6_level2sep,7_level3,2,2,0,4,0.0
xpdf,pdftops,6,8,6_level2sep,8_level3gray,2,2,0,4,0.0
xpdf,pdftops,6,9,6_level2sep,9_level3sep,2,2,0,4,0.0
xpdf,pdftops,6,10,6_level2sep,10_eps,2,2,0,4,0.0
xpdf,pdftops,6,11,6_level2sep,11_form,2,2,0,4,0.0
xpdf,pdftops,6,12,6_level2sep,12_f_1,2,2,0,4,0.0
xpdf,pdftops,6,13,6_level2sep,13_l_3,2,2,0,4,0.0
xpdf,pdftops,6,14,6_level2sep,14_paper_letter,2,2,0,4,0.0
xpdf,pdftops,6,15,6_level2sep,15_paperw_612,2,2,0,4,0.0
xpdf,pdftops,6,16,6_level2sep,16_paperh_792,2,2,0,4,0.0
xpdf,pdftops,6,17,6_level2sep,17_level1_f_1,2,2,0,4,0.0
xpdf,pdftops,6,18,6_level2sep,18_level1_l_3,2,2,0,4,0.0
xpdf,pdftops,6,19,6_level2sep,19_level1_paper_letter,2,1,0,3,0.0
xpdf,pdftops,6,20,6_level2sep,20_level1_paperw_612,2,1,0,3,0.0
xpdf,pdftops,6,21,6_level2sep,21_level1_paperh_792,2,1,0,3,0.0
xpdf,pdftops,6,22,6_level2sep,22_level1sep_f_1,2,1,0,3,0.0
xpdf,pdftops,6,23,6_level2sep,23_level1sep_l_3,2,1,0,3,0.0
xpdf,pdftops,6,24,6_level2sep,24_level1sep_paper_letter,2,1,0,3,0.0
xpdf,pdftops,6,25,6_level2sep,25_level1sep_paperw_612,2,1,0,3,0.0
xpdf,pdftops,6,26,6_level2sep,26_level1sep_paperh_792,2,1,0,3,0.0
xpdf,pdftops,6,27,6_level2sep,27_level2_f_1,2,1,0,3,0.0
xpdf,pdftops,6,28,6_level2sep,28_level2_l_3,2,1,0,3,0.0
xpdf,pdftops,6,29,6_level2sep,29_level2_paper_letter,2,1,0,3,0.0
xpdf,pdftops,6,30,6_level2sep,30_level2_paperw_612,2,1,0,3,0.0
xpdf,pdftops,6,31,6_level2sep,31_level2_paperh_792,2,1,0,3,0.0
xpdf,pdftops,6,32,6_level2sep,32_level2gray_f_1,2,1,0,3,0.0
xpdf,pdftops,6,33,6_level2sep,33_level2gray_l_3,2,1,0,3,0.0
xpdf,pdftops,6,34,6_level2sep,34_level2gray_paper_letter,2,1,0,3,0.0
xpdf,pdftops,6,35,6_level2sep,35_level2gray_paperw_612,2,1,0,3,0.0
xpdf,pdftops,6,36,6_level2sep,36_level2gray_paperh_792,2,1,0,3,0.0
xpdf,pdftops,6,37,6_level2sep,37_level2sep_f_1,2,1,0,3,0.0
xpdf,pdftops,6,38,6_level2sep,38_level2sep_l_3,2,1,0,3,0.0
xpdf,pdftops,6,39,6_level2sep,39_level2sep_paper_letter,2,1,0,3,0.0
xpdf,pdftops,6,40,6_level2sep,40_level2sep_paperw_612,2,1,0,3,0.0
xpdf,pdftops,6,41,6_level2sep,41_level2sep_paperh_792,2,1,0,3,0.0
xpdf,pdftops,6,42,6_level2sep,42_level3_f_1,2,1,0,3,0.0
xpdf,pdftops,6,43,6_level2sep,43_level3_l_3,2,1,0,3,0.0
xpdf,pdftops,6,44,6_level2sep,44_level3_paper_letter,2,1,0,3,0.0
xpdf,pdftops,6,45,6_level2sep,45_level3_paperw_612,2,1,0,3,0.0
xpdf,pdftops,6,46,6_level2sep,46_level3_paperh_792,2,1,0,3,0.0
xpdf,pdftops,6,47,6_level2sep,47_level3gray_f_1,2,1,0,3,0.0
xpdf,pdftops,6,48,6_level2sep,48_level3gray_l_3,2,1,0,3,0.0
xpdf,pdftops,6,49,6_level2sep,49_level3gray_paper_letter,2,1,0,3,0.0
xpdf,pdftops,6,50,6_level2sep,50_level3gray_paperw_612,2,1,0,3,0.0
xpdf,pdftops,6,51,6_level2sep,51_level3gray_paperh_792,2,1,0,3,0.0
xpdf,pdftops,6,52,6_level2sep,52_level3sep_f_1,2,1,0,3,0.0
xpdf,pdftops,6,53,6_level2sep,53_level3sep_l_3,2,1,0,3,0.0
xpdf,pdftops,6,54,6_level2sep,54_level3sep_paper_letter,2,1,0,3,0.0
xpdf,pdftops,6,55,6_level2sep,55_level3sep_paperw_612,2,1,0,3,0.0
xpdf,pdftops,6,56,6_level2sep,56_level3sep_paperh_792,2,1,0,3,0.0
xpdf,pdftops,6,57,6_level2sep,57_eps_f_1,2,1,0,3,0.0
xpdf,pdftops,6,58,6_level2sep,58_eps_l_3,2,1,0,3,0.0
xpdf,pdftops,6,59,6_level2sep,59_eps_paper_letter,2,1,0,3,0.0
xpdf,pdftops,6,60,6_level2sep,60_eps_paperw_612,2,1,0,3,0.0
xpdf,pdftops,6,61,6_level2sep,61_eps_paperh_792,2,1,0,3,0.0
xpdf,pdftops,6,62,6_level2sep,62_form_f_1,2,1,0,3,0.0
xpdf,pdftops,6,63,6_level2sep,63_form_l_3,2,1,0,3,0.0
xpdf,pdftops,6,64,6_level2sep,64_form_paper_letter,2,1,0,3,0.0
xpdf,pdftops,6,65,6_level2sep,65_form_paperw_612,2,1,0,3,0.0
xpdf,pdftops,6,66,6_level2sep,66_form_paperh_792,2,1,0,3,0.0
xpdf,pdftops,7,8,7_level3,8_level3gray,2,2,0,4,0.0
xpdf,pdftops,7,9,7_level3,9_level3sep,2,2,0,4,0.0
xpdf,pdftops,7,10,7_level3,10_eps,2,2,0,4,0.0
xpdf,pdftops,7,11,7_level3,11_form,2,2,0,4,0.0
xpdf,pdftops,7,12,7_level3,12_f_1,2,2,0,4,0.0
xpdf,pdftops,7,13,7_level3,13_l_3,2,2,0,4,0.0
xpdf,pdftops,7,14,7_level3,14_paper_letter,2,2,0,4,0.0
xpdf,pdftops,7,15,7_level3,15_paperw_612,2,2,0,4,0.0
xpdf,pdftops,7,16,7_level3,16_paperh_792,2,2,0,4,0.0
xpdf,pdftops,7,17,7_level3,17_level1_f_1,2,2,0,4,0.0
xpdf,pdftops,7,18,7_level3,18_level1_l_3,2,2,0,4,0.0
xpdf,pdftops,7,19,7_level3,19_level1_paper_letter,2,1,0,3,0.0
xpdf,pdftops,7,20,7_level3,20_level1_paperw_612,2,1,0,3,0.0
xpdf,pdftops,7,21,7_level3,21_level1_paperh_792,2,1,0,3,0.0
xpdf,pdftops,7,22,7_level3,22_level1sep_f_1,2,1,0,3,0.0
xpdf,pdftops,7,23,7_level3,23_level1sep_l_3,2,1,0,3,0.0
xpdf,pdftops,7,24,7_level3,24_level1sep_paper_letter,2,1,0,3,0.0
xpdf,pdftops,7,25,7_level3,25_level1sep_paperw_612,2,1,0,3,0.0
xpdf,pdftops,7,26,7_level3,26_level1sep_paperh_792,2,1,0,3,0.0
xpdf,pdftops,7,27,7_level3,27_level2_f_1,2,1,0,3,0.0
xpdf,pdftops,7,28,7_level3,28_level2_l_3,2,1,0,3,0.0
xpdf,pdftops,7,29,7_level3,29_level2_paper_letter,2,1,0,3,0.0
xpdf,pdftops,7,30,7_level3,30_level2_paperw_612,2,1,0,3,0.0
xpdf,pdftops,7,31,7_level3,31_level2_paperh_792,2,1,0,3,0.0
xpdf,pdftops,7,32,7_level3,32_level2gray_f_1,2,1,0,3,0.0
xpdf,pdftops,7,33,7_level3,33_level2gray_l_3,2,1,0,3,0.0
xpdf,pdftops,7,34,7_level3,34_level2gray_paper_letter,2,1,0,3,0.0
xpdf,pdftops,7,35,7_level3,35_level2gray_paperw_612,2,1,0,3,0.0
xpdf,pdftops,7,36,7_level3,36_level2gray_paperh_792,2,1,0,3,0.0
xpdf,pdftops,7,37,7_level3,37_level2sep_f_1,2,1,0,3,0.0
xpdf,pdftops,7,38,7_level3,38_level2sep_l_3,2,1,0,3,0.0
xpdf,pdftops,7,39,7_level3,39_level2sep_paper_letter,2,1,0,3,0.0
xpdf,pdftops,7,40,7_level3,40_level2sep_paperw_612,2,1,0,3,0.0
xpdf,pdftops,7,41,7_level3,41_level2sep_paperh_792,2,1,0,3,0.0
xpdf,pdftops,7,42,7_level3,42_level3_f_1,2,1,0,3,0.0
xpdf,pdftops,7,43,7_level3,43_level3_l_3,2,1,0,3,0.0
xpdf,pdftops,7,44,7_level3,44_level3_paper_letter,2,1,0,3,0.0
xpdf,pdftops,7,45,7_level3,45_level3_paperw_612,2,1,0,3,0.0
xpdf,pdftops,7,46,7_level3,46_level3_paperh_792,2,1,0,3,0.0
xpdf,pdftops,7,47,7_level3,47_level3gray_f_1,2,1,0,3,0.0
xpdf,pdftops,7,48,7_level3,48_level3gray_l_3,2,1,0,3,0.0
xpdf,pdftops,7,49,7_level3,49_level3gray_paper_letter,2,1,0,3,0.0
xpdf,pdftops,7,50,7_level3,50_level3gray_paperw_612,2,1,0,3,0.0
xpdf,pdftops,7,51,7_level3,51_level3gray_paperh_792,2,1,0,3,0.0
xpdf,pdftops,7,52,7_level3,52_level3sep_f_1,2,1,0,3,0.0
xpdf,pdftops,7,53,7_level3,53_level3sep_l_3,2,1,0,3,0.0
xpdf,pdftops,7,54,7_level3,54_level3sep_paper_letter,2,1,0,3,0.0
xpdf,pdftops,7,55,7_level3,55_level3sep_paperw_612,2,1,0,3,0.0
xpdf,pdftops,7,56,7_level3,56_level3sep_paperh_792,2,1,0,3,0.0
xpdf,pdftops,7,57,7_level3,57_eps_f_1,2,1,0,3,0.0
xpdf,pdftops,7,58,7_level3,58_eps_l_3,2,1,0,3,0.0
xpdf,pdftops,7,59,7_level3,59_eps_paper_letter,2,1,0,3,0.0
xpdf,pdftops,7,60,7_level3,60_eps_paperw_612,2,1,0,3,0.0
xpdf,pdftops,7,61,7_level3,61_eps_paperh_792,2,1,0,3,0.0
xpdf,pdftops,7,62,7_level3,62_form_f_1,2,1,0,3,0.0
xpdf,pdftops,7,63,7_level3,63_form_l_3,2,1,0,3,0.0
xpdf,pdftops,7,64,7_level3,64_form_paper_letter,2,1,0,3,0.0
xpdf,pdftops,7,65,7_level3,65_form_paperw_612,2,1,0,3,0.0
xpdf,pdftops,7,66,7_level3,66_form_paperh_792,2,1,0,3,0.0
xpdf,pdftops,8,9,8_level3gray,9_level3sep,2,2,0,4,0.0
xpdf,pdftops,8,10,8_level3gray,10_eps,2,2,0,4,0.0
xpdf,pdftops,8,11,8_level3gray,11_form,2,2,0,4,0.0
xpdf,pdftops,8,12,8_level3gray,12_f_1,2,2,0,4,0.0
xpdf,pdftops,8,13,8_level3gray,13_l_3,2,2,0,4,0.0
xpdf,pdftops,8,14,8_level3gray,14_paper_letter,2,2,0,4,0.0
xpdf,pdftops,8,15,8_level3gray,15_paperw_612,2,2,0,4,0.0
xpdf,pdftops,8,16,8_level3gray,16_paperh_792,2,2,0,4,0.0
xpdf,pdftops,8,17,8_level3gray,17_level1_f_1,2,2,0,4,0.0
xpdf,pdftops,8,18,8_level3gray,18_level1_l_3,2,2,0,4,0.0
xpdf,pdftops,8,19,8_level3gray,19_level1_paper_letter,2,1,0,3,0.0
xpdf,pdftops,8,20,8_level3gray,20_level1_paperw_612,2,1,0,3,0.0
xpdf,pdftops,8,21,8_level3gray,21_level1_paperh_792,2,1,0,3,0.0
xpdf,pdftops,8,22,8_level3gray,22_level1sep_f_1,2,1,0,3,0.0
xpdf,pdftops,8,23,8_level3gray,23_level1sep_l_3,2,1,0,3,0.0
xpdf,pdftops,8,24,8_level3gray,24_level1sep_paper_letter,2,1,0,3,0.0
xpdf,pdftops,8,25,8_level3gray,25_level1sep_paperw_612,2,1,0,3,0.0
xpdf,pdftops,8,26,8_level3gray,26_level1sep_paperh_792,2,1,0,3,0.0
xpdf,pdftops,8,27,8_level3gray,27_level2_f_1,2,1,0,3,0.0
xpdf,pdftops,8,28,8_level3gray,28_level2_l_3,2,1,0,3,0.0
xpdf,pdftops,8,29,8_level3gray,29_level2_paper_letter,2,1,0,3,0.0
xpdf,pdftops,8,30,8_level3gray,30_level2_paperw_612,2,1,0,3,0.0
xpdf,pdftops,8,31,8_level3gray,31_level2_paperh_792,2,1,0,3,0.0
xpdf,pdftops,8,32,8_level3gray,32_level2gray_f_1,2,1,0,3,0.0
xpdf,pdftops,8,33,8_level3gray,33_level2gray_l_3,2,1,0,3,0.0
xpdf,pdftops,8,34,8_level3gray,34_level2gray_paper_letter,2,1,0,3,0.0
xpdf,pdftops,8,35,8_level3gray,35_level2gray_paperw_612,2,1,0,3,0.0
xpdf,pdftops,8,36,8_level3gray,36_level2gray_paperh_792,2,1,0,3,0.0
xpdf,pdftops,8,37,8_level3gray,37_level2sep_f_1,2,1,0,3,0.0
xpdf,pdftops,8,38,8_level3gray,38_level2sep_l_3,2,1,0,3,0.0
xpdf,pdftops,8,39,8_level3gray,39_level2sep_paper_letter,2,1,0,3,0.0
xpdf,pdftops,8,40,8_level3gray,40_level2sep_paperw_612,2,1,0,3,0.0
xpdf,pdftops,8,41,8_level3gray,41_level2sep_paperh_792,2,1,0,3,0.0
xpdf,pdftops,8,42,8_level3gray,42_level3_f_1,2,1,0,3,0.0
xpdf,pdftops,8,43,8_level3gray,43_level3_l_3,2,1,0,3,0.0
xpdf,pdftops,8,44,8_level3gray,44_level3_paper_letter,2,1,0,3,0.0
xpdf,pdftops,8,45,8_level3gray,45_level3_paperw_612,2,1,0,3,0.0
xpdf,pdftops,8,46,8_level3gray,46_level3_paperh_792,2,1,0,3,0.0
xpdf,pdftops,8,47,8_level3gray,47_level3gray_f_1,2,1,0,3,0.0
xpdf,pdftops,8,48,8_level3gray,48_level3gray_l_3,2,1,0,3,0.0
xpdf,pdftops,8,49,8_level3gray,49_level3gray_paper_letter,2,1,0,3,0.0
xpdf,pdftops,8,50,8_level3gray,50_level3gray_paperw_612,2,1,0,3,0.0
xpdf,pdftops,8,51,8_level3gray,51_level3gray_paperh_792,2,1,0,3,0.0
xpdf,pdftops,8,52,8_level3gray,52_level3sep_f_1,2,1,0,3,0.0
xpdf,pdftops,8,53,8_level3gray,53_level3sep_l_3,2,1,0,3,0.0
xpdf,pdftops,8,54,8_level3gray,54_level3sep_paper_letter,2,1,0,3,0.0
xpdf,pdftops,8,55,8_level3gray,55_level3sep_paperw_612,2,1,0,3,0.0
xpdf,pdftops,8,56,8_level3gray,56_level3sep_paperh_792,2,1,0,3,0.0
xpdf,pdftops,8,57,8_level3gray,57_eps_f_1,2,1,0,3,0.0
xpdf,pdftops,8,58,8_level3gray,58_eps_l_3,2,1,0,3,0.0
xpdf,pdftops,8,59,8_level3gray,59_eps_paper_letter,2,1,0,3,0.0
xpdf,pdftops,8,60,8_level3gray,60_eps_paperw_612,2,1,0,3,0.0
xpdf,pdftops,8,61,8_level3gray,61_eps_paperh_792,2,1,0,3,0.0
xpdf,pdftops,8,62,8_level3gray,62_form_f_1,2,1,0,3,0.0
xpdf,pdftops,8,63,8_level3gray,63_form_l_3,2,1,0,3,0.0
xpdf,pdftops,8,64,8_level3gray,64_form_paper_letter,2,1,0,3,0.0
xpdf,pdftops,8,65,8_level3gray,65_form_paperw_612,2,1,0,3,0.0
xpdf,pdftops,8,66,8_level3gray,66_form_paperh_792,2,1,0,3,0.0
xpdf,pdftops,9,10,9_level3sep,10_eps,2,2,0,4,0.0
xpdf,pdftops,9,11,9_level3sep,11_form,2,2,0,4,0.0
xpdf,pdftops,9,12,9_level3sep,12_f_1,2,2,0,4,0.0
xpdf,pdftops,9,13,9_level3sep,13_l_3,2,2,0,4,0.0
xpdf,pdftops,9,14,9_level3sep,14_paper_letter,2,2,0,4,0.0
xpdf,pdftops,9,15,9_level3sep,15_paperw_612,2,2,0,4,0.0
xpdf,pdftops,9,16,9_level3sep,16_paperh_792,2,2,0,4,0.0
xpdf,pdftops,9,17,9_level3sep,17_level1_f_1,2,2,0,4,0.0
xpdf,pdftops,9,18,9_level3sep,18_level1_l_3,2,2,0,4,0.0
xpdf,pdftops,9,19,9_level3sep,19_level1_paper_letter,2,1,0,3,0.0
xpdf,pdftops,9,20,9_level3sep,20_level1_paperw_612,2,1,0,3,0.0
xpdf,pdftops,9,21,9_level3sep,21_level1_paperh_792,2,1,0,3,0.0
xpdf,pdftops,9,22,9_level3sep,22_level1sep_f_1,2,1,0,3,0.0
xpdf,pdftops,9,23,9_level3sep,23_level1sep_l_3,2,1,0,3,0.0
xpdf,pdftops,9,24,9_level3sep,24_level1sep_paper_letter,2,1,0,3,0.0
xpdf,pdftops,9,25,9_level3sep,25_level1sep_paperw_612,2,1,0,3,0.0
xpdf,pdftops,9,26,9_level3sep,26_level1sep_paperh_792,2,1,0,3,0.0
xpdf,pdftops,9,27,9_level3sep,27_level2_f_1,2,1,0,3,0.0
xpdf,pdftops,9,28,9_level3sep,28_level2_l_3,2,1,0,3,0.0
xpdf,pdftops,9,29,9_level3sep,29_level2_paper_letter,2,1,0,3,0.0
xpdf,pdftops,9,30,9_level3sep,30_level2_paperw_612,2,1,0,3,0.0
xpdf,pdftops,9,31,9_level3sep,31_level2_paperh_792,2,1,0,3,0.0
xpdf,pdftops,9,32,9_level3sep,32_level2gray_f_1,2,1,0,3,0.0
xpdf,pdftops,9,33,9_level3sep,33_level2gray_l_3,2,1,0,3,0.0
xpdf,pdftops,9,34,9_level3sep,34_level2gray_paper_letter,2,1,0,3,0.0
xpdf,pdftops,9,35,9_level3sep,35_level2gray_paperw_612,2,1,0,3,0.0
xpdf,pdftops,9,36,9_level3sep,36_level2gray_paperh_792,2,1,0,3,0.0
xpdf,pdftops,9,37,9_level3sep,37_level2sep_f_1,2,1,0,3,0.0
xpdf,pdftops,9,38,9_level3sep,38_level2sep_l_3,2,1,0,3,0.0
xpdf,pdftops,9,39,9_level3sep,39_level2sep_paper_letter,2,1,0,3,0.0
xpdf,pdftops,9,40,9_level3sep,40_level2sep_paperw_612,2,1,0,3,0.0
xpdf,pdftops,9,41,9_level3sep,41_level2sep_paperh_792,2,1,0,3,0.0
xpdf,pdftops,9,42,9_level3sep,42_level3_f_1,2,1,0,3,0.0
xpdf,pdftops,9,43,9_level3sep,43_level3_l_3,2,1,0,3,0.0
xpdf,pdftops,9,44,9_level3sep,44_level3_paper_letter,2,1,0,3,0.0
xpdf,pdftops,9,45,9_level3sep,45_level3_paperw_612,2,1,0,3,0.0
xpdf,pdftops,9,46,9_level3sep,46_level3_paperh_792,2,1,0,3,0.0
xpdf,pdftops,9,47,9_level3sep,47_level3gray_f_1,2,1,0,3,0.0
xpdf,pdftops,9,48,9_level3sep,48_level3gray_l_3,2,1,0,3,0.0
xpdf,pdftops,9,49,9_level3sep,49_level3gray_paper_letter,2,1,0,3,0.0
xpdf,pdftops,9,50,9_level3sep,50_level3gray_paperw_612,2,1,0,3,0.0
xpdf,pdftops,9,51,9_level3sep,51_level3gray_paperh_792,2,1,0,3,0.0
xpdf,pdftops,9,52,9_level3sep,52_level3sep_f_1,2,1,0,3,0.0
xpdf,pdftops,9,53,9_level3sep,53_level3sep_l_3,2,1,0,3,0.0
xpdf,pdftops,9,54,9_level3sep,54_level3sep_paper_letter,2,1,0,3,0.0
xpdf,pdftops,9,55,9_level3sep,55_level3sep_paperw_612,2,1,0,3,0.0
xpdf,pdftops,9,56,9_level3sep,56_level3sep_paperh_792,2,1,0,3,0.0
xpdf,pdftops,9,57,9_level3sep,57_eps_f_1,2,1,0,3,0.0
xpdf,pdftops,9,58,9_level3sep,58_eps_l_3,2,1,0,3,0.0
xpdf,pdftops,9,59,9_level3sep,59_eps_paper_letter,2,1,0,3,0.0
xpdf,pdftops,9,60,9_level3sep,60_eps_paperw_612,2,1,0,3,0.0
xpdf,pdftops,9,61,9_level3sep,61_eps_paperh_792,2,1,0,3,0.0
xpdf,pdftops,9,62,9_level3sep,62_form_f_1,2,1,0,3,0.0
xpdf,pdftops,9,63,9_level3sep,63_form_l_3,2,1,0,3,0.0
xpdf,pdftops,9,64,9_level3sep,64_form_paper_letter,2,1,0,3,0.0
xpdf,pdftops,9,65,9_level3sep,65_form_paperw_612,2,1,0,3,0.0
xpdf,pdftops,9,66,9_level3sep,66_form_paperh_792,2,1,0,3,0.0
xpdf,pdftops,10,11,10_eps,11_form,2,2,0,4,0.0
xpdf,pdftops,10,12,10_eps,12_f_1,2,2,0,4,0.0
xpdf,pdftops,10,13,10_eps,13_l_3,2,2,0,4,0.0
xpdf,pdftops,10,14,10_eps,14_paper_letter,2,2,0,4,0.0
xpdf,pdftops,10,15,10_eps,15_paperw_612,2,2,0,4,0.0
xpdf,pdftops,10,16,10_eps,16_paperh_792,2,2,0,4,0.0
xpdf,pdftops,10,17,10_eps,17_level1_f_1,2,2,0,4,0.0
xpdf,pdftops,10,18,10_eps,18_level1_l_3,2,2,0,4,0.0
xpdf,pdftops,10,19,10_eps,19_level1_paper_letter,2,1,0,3,0.0
xpdf,pdftops,10,20,10_eps,20_level1_paperw_612,2,1,0,3,0.0
xpdf,pdftops,10,21,10_eps,21_level1_paperh_792,2,1,0,3,0.0
xpdf,pdftops,10,22,10_eps,22_level1sep_f_1,2,1,0,3,0.0
xpdf,pdftops,10,23,10_eps,23_level1sep_l_3,2,1,0,3,0.0
xpdf,pdftops,10,24,10_eps,24_level1sep_paper_letter,2,1,0,3,0.0
xpdf,pdftops,10,25,10_eps,25_level1sep_paperw_612,2,1,0,3,0.0
xpdf,pdftops,10,26,10_eps,26_level1sep_paperh_792,2,1,0,3,0.0
xpdf,pdftops,10,27,10_eps,27_level2_f_1,2,1,0,3,0.0
xpdf,pdftops,10,28,10_eps,28_level2_l_3,2,1,0,3,0.0
xpdf,pdftops,10,29,10_eps,29_level2_paper_letter,2,1,0,3,0.0
xpdf,pdftops,10,30,10_eps,30_level2_paperw_612,2,1,0,3,0.0
xpdf,pdftops,10,31,10_eps,31_level2_paperh_792,2,1,0,3,0.0
xpdf,pdftops,10,32,10_eps,32_level2gray_f_1,2,1,0,3,0.0
xpdf,pdftops,10,33,10_eps,33_level2gray_l_3,2,1,0,3,0.0
xpdf,pdftops,10,34,10_eps,34_level2gray_paper_letter,2,1,0,3,0.0
xpdf,pdftops,10,35,10_eps,35_level2gray_paperw_612,2,1,0,3,0.0
xpdf,pdftops,10,36,10_eps,36_level2gray_paperh_792,2,1,0,3,0.0
xpdf,pdftops,10,37,10_eps,37_level2sep_f_1,2,1,0,3,0.0
xpdf,pdftops,10,38,10_eps,38_level2sep_l_3,2,1,0,3,0.0
xpdf,pdftops,10,39,10_eps,39_level2sep_paper_letter,2,1,0,3,0.0
xpdf,pdftops,10,40,10_eps,40_level2sep_paperw_612,2,1,0,3,0.0
xpdf,pdftops,10,41,10_eps,41_level2sep_paperh_792,2,1,0,3,0.0
xpdf,pdftops,10,42,10_eps,42_level3_f_1,2,1,0,3,0.0
xpdf,pdftops,10,43,10_eps,43_level3_l_3,2,1,0,3,0.0
xpdf,pdftops,10,44,10_eps,44_level3_paper_letter,2,1,0,3,0.0
xpdf,pdftops,10,45,10_eps,45_level3_paperw_612,2,1,0,3,0.0
xpdf,pdftops,10,46,10_eps,46_level3_paperh_792,2,1,0,3,0.0
xpdf,pdftops,10,47,10_eps,47_level3gray_f_1,2,1,0,3,0.0
xpdf,pdftops,10,48,10_eps,48_level3gray_l_3,2,1,0,3,0.0
xpdf,pdftops,10,49,10_eps,49_level3gray_paper_letter,2,1,0,3,0.0
xpdf,pdftops,10,50,10_eps,50_level3gray_paperw_612,2,1,0,3,0.0
xpdf,pdftops,10,51,10_eps,51_level3gray_paperh_792,2,1,0,3,0.0
xpdf,pdftops,10,52,10_eps,52_level3sep_f_1,2,1,0,3,0.0
xpdf,pdftops,10,53,10_eps,53_level3sep_l_3,2,1,0,3,0.0
xpdf,pdftops,10,54,10_eps,54_level3sep_paper_letter,2,1,0,3,0.0
xpdf,pdftops,10,55,10_eps,55_level3sep_paperw_612,2,1,0,3,0.0
xpdf,pdftops,10,56,10_eps,56_level3sep_paperh_792,2,1,0,3,0.0
xpdf,pdftops,10,57,10_eps,57_eps_f_1,2,1,0,3,0.0
xpdf,pdftops,10,58,10_eps,58_eps_l_3,2,1,0,3,0.0
xpdf,pdftops,10,59,10_eps,59_eps_paper_letter,2,1,0,3,0.0
xpdf,pdftops,10,60,10_eps,60_eps_paperw_612,2,1,0,3,0.0
xpdf,pdftops,10,61,10_eps,61_eps_paperh_792,2,1,0,3,0.0
xpdf,pdftops,10,62,10_eps,62_form_f_1,2,1,0,3,0.0
xpdf,pdftops,10,63,10_eps,63_form_l_3,2,1,0,3,0.0
xpdf,pdftops,10,64,10_eps,64_form_paper_letter,2,1,0,3,0.0
xpdf,pdftops,10,65,10_eps,65_form_paperw_612,2,1,0,3,0.0
xpdf,pdftops,10,66,10_eps,66_form_paperh_792,2,1,0,3,0.0
xpdf,pdftops,11,12,11_form,12_f_1,2,2,0,4,0.0
xpdf,pdftops,11,13,11_form,13_l_3,2,2,0,4,0.0
xpdf,pdftops,11,14,11_form,14_paper_letter,2,2,0,4,0.0
xpdf,pdftops,11,15,11_form,15_paperw_612,2,2,0,4,0.0
xpdf,pdftops,11,16,11_form,16_paperh_792,2,2,0,4,0.0
xpdf,pdftops,11,17,11_form,17_level1_f_1,2,2,0,4,0.0
xpdf,pdftops,11,18,11_form,18_level1_l_3,2,2,0,4,0.0
xpdf,pdftops,11,19,11_form,19_level1_paper_letter,2,1,0,3,0.0
xpdf,pdftops,11,20,11_form,20_level1_paperw_612,2,1,0,3,0.0
xpdf,pdftops,11,21,11_form,21_level1_paperh_792,2,1,0,3,0.0
xpdf,pdftops,11,22,11_form,22_level1sep_f_1,2,1,0,3,0.0
xpdf,pdftops,11,23,11_form,23_level1sep_l_3,2,1,0,3,0.0
xpdf,pdftops,11,24,11_form,24_level1sep_paper_letter,2,1,0,3,0.0
xpdf,pdftops,11,25,11_form,25_level1sep_paperw_612,2,1,0,3,0.0
xpdf,pdftops,11,26,11_form,26_level1sep_paperh_792,2,1,0,3,0.0
xpdf,pdftops,11,27,11_form,27_level2_f_1,2,1,0,3,0.0
xpdf,pdftops,11,28,11_form,28_level2_l_3,2,1,0,3,0.0
xpdf,pdftops,11,29,11_form,29_level2_paper_letter,2,1,0,3,0.0
xpdf,pdftops,11,30,11_form,30_level2_paperw_612,2,1,0,3,0.0
xpdf,pdftops,11,31,11_form,31_level2_paperh_792,2,1,0,3,0.0
xpdf,pdftops,11,32,11_form,32_level2gray_f_1,2,1,0,3,0.0
xpdf,pdftops,11,33,11_form,33_level2gray_l_3,2,1,0,3,0.0
xpdf,pdftops,11,34,11_form,34_level2gray_paper_letter,2,1,0,3,0.0
xpdf,pdftops,11,35,11_form,35_level2gray_paperw_612,2,1,0,3,0.0
xpdf,pdftops,11,36,11_form,36_level2gray_paperh_792,2,1,0,3,0.0
xpdf,pdftops,11,37,11_form,37_level2sep_f_1,2,1,0,3,0.0
xpdf,pdftops,11,38,11_form,38_level2sep_l_3,2,1,0,3,0.0
xpdf,pdftops,11,39,11_form,39_level2sep_paper_letter,2,1,0,3,0.0
xpdf,pdftops,11,40,11_form,40_level2sep_paperw_612,2,1,0,3,0.0
xpdf,pdftops,11,41,11_form,41_level2sep_paperh_792,2,1,0,3,0.0
xpdf,pdftops,11,42,11_form,42_level3_f_1,2,1,0,3,0.0
xpdf,pdftops,11,43,11_form,43_level3_l_3,2,1,0,3,0.0
xpdf,pdftops,11,44,11_form,44_level3_paper_letter,2,1,0,3,0.0
xpdf,pdftops,11,45,11_form,45_level3_paperw_612,2,1,0,3,0.0
xpdf,pdftops,11,46,11_form,46_level3_paperh_792,2,1,0,3,0.0
xpdf,pdftops,11,47,11_form,47_level3gray_f_1,2,1,0,3,0.0
xpdf,pdftops,11,48,11_form,48_level3gray_l_3,2,1,0,3,0.0
xpdf,pdftops,11,49,11_form,49_level3gray_paper_letter,2,1,0,3,0.0
xpdf,pdftops,11,50,11_form,50_level3gray_paperw_612,2,1,0,3,0.0
xpdf,pdftops,11,51,11_form,51_level3gray_paperh_792,2,1,0,3,0.0
xpdf,pdftops,11,52,11_form,52_level3sep_f_1,2,1,0,3,0.0
xpdf,pdftops,11,53,11_form,53_level3sep_l_3,2,1,0,3,0.0
xpdf,pdftops,11,54,11_form,54_level3sep_paper_letter,2,1,0,3,0.0
xpdf,pdftops,11,55,11_form,55_level3sep_paperw_612,2,1,0,3,0.0
xpdf,pdftops,11,56,11_form,56_level3sep_paperh_792,2,1,0,3,0.0
xpdf,pdftops,11,57,11_form,57_eps_f_1,2,1,0,3,0.0
xpdf,pdftops,11,58,11_form,58_eps_l_3,2,1,0,3,0.0
xpdf,pdftops,11,59,11_form,59_eps_paper_letter,2,1,0,3,0.0
xpdf,pdftops,11,60,11_form,60_eps_paperw_612,2,1,0,3,0.0
xpdf,pdftops,11,61,11_form,61_eps_paperh_792,2,1,0,3,0.0
xpdf,pdftops,11,62,11_form,62_form_f_1,2,1,0,3,0.0
xpdf,pdftops,11,63,11_form,63_form_l_3,2,1,0,3,0.0
xpdf,pdftops,11,64,11_form,64_form_paper_letter,2,1,0,3,0.0
xpdf,pdftops,11,65,11_form,65_form_paperw_612,2,1,0,3,0.0
xpdf,pdftops,11,66,11_form,66_form_paperh_792,2,1,0,3,0.0
xpdf,pdftops,12,13,12_f_1,13_l_3,2,2,2,2,1.0
xpdf,pdftops,12,14,12_f_1,14_paper_letter,2,2,2,2,1.0
xpdf,pdftops,12,15,12_f_1,15_paperw_612,2,2,2,2,1.0
xpdf,pdftops,12,16,12_f_1,16_paperh_792,2,2,2,2,1.0
xpdf,pdftops,12,17,12_f_1,17_level1_f_1,2,2,2,2,1.0
xpdf,pdftops,12,18,12_f_1,18_level1_l_3,2,2,2,2,1.0
xpdf,pdftops,12,19,12_f_1,19_level1_paper_letter,2,1,0,3,0.0
xpdf,pdftops,12,20,12_f_1,20_level1_paperw_612,2,1,0,3,0.0
xpdf,pdftops,12,21,12_f_1,21_level1_paperh_792,2,1,0,3,0.0
xpdf,pdftops,12,22,12_f_1,22_level1sep_f_1,2,1,0,3,0.0
xpdf,pdftops,12,23,12_f_1,23_level1sep_l_3,2,1,0,3,0.0
xpdf,pdftops,12,24,12_f_1,24_level1sep_paper_letter,2,1,0,3,0.0
xpdf,pdftops,12,25,12_f_1,25_level1sep_paperw_612,2,1,0,3,0.0
xpdf,pdftops,12,26,12_f_1,26_level1sep_paperh_792,2,1,0,3,0.0
xpdf,pdftops,12,27,12_f_1,27_level2_f_1,2,1,0,3,0.0
xpdf,pdftops,12,28,12_f_1,28_level2_l_3,2,1,0,3,0.0
xpdf,pdftops,12,29,12_f_1,29_level2_paper_letter,2,1,0,3,0.0
xpdf,pdftops,12,30,12_f_1,30_level2_paperw_612,2,1,0,3,0.0
xpdf,pdftops,12,31,12_f_1,31_level2_paperh_792,2,1,0,3,0.0
xpdf,pdftops,12,32,12_f_1,32_level2gray_f_1,2,1,0,3,0.0
xpdf,pdftops,12,33,12_f_1,33_level2gray_l_3,2,1,0,3,0.0
xpdf,pdftops,12,34,12_f_1,34_level2gray_paper_letter,2,1,0,3,0.0
xpdf,pdftops,12,35,12_f_1,35_level2gray_paperw_612,2,1,0,3,0.0
xpdf,pdftops,12,36,12_f_1,36_level2gray_paperh_792,2,1,0,3,0.0
xpdf,pdftops,12,37,12_f_1,37_level2sep_f_1,2,1,0,3,0.0
xpdf,pdftops,12,38,12_f_1,38_level2sep_l_3,2,1,0,3,0.0
xpdf,pdftops,12,39,12_f_1,39_level2sep_paper_letter,2,1,0,3,0.0
xpdf,pdftops,12,40,12_f_1,40_level2sep_paperw_612,2,1,0,3,0.0
xpdf,pdftops,12,41,12_f_1,41_level2sep_paperh_792,2,1,0,3,0.0
xpdf,pdftops,12,42,12_f_1,42_level3_f_1,2,1,0,3,0.0
xpdf,pdftops,12,43,12_f_1,43_level3_l_3,2,1,0,3,0.0
xpdf,pdftops,12,44,12_f_1,44_level3_paper_letter,2,1,0,3,0.0
xpdf,pdftops,12,45,12_f_1,45_level3_paperw_612,2,1,0,3,0.0
xpdf,pdftops,12,46,12_f_1,46_level3_paperh_792,2,1,0,3,0.0
xpdf,pdftops,12,47,12_f_1,47_level3gray_f_1,2,1,0,3,0.0
xpdf,pdftops,12,48,12_f_1,48_level3gray_l_3,2,1,0,3,0.0
xpdf,pdftops,12,49,12_f_1,49_level3gray_paper_letter,2,1,0,3,0.0
xpdf,pdftops,12,50,12_f_1,50_level3gray_paperw_612,2,1,0,3,0.0
xpdf,pdftops,12,51,12_f_1,51_level3gray_paperh_792,2,1,0,3,0.0
xpdf,pdftops,12,52,12_f_1,52_level3sep_f_1,2,1,0,3,0.0
xpdf,pdftops,12,53,12_f_1,53_level3sep_l_3,2,1,0,3,0.0
xpdf,pdftops,12,54,12_f_1,54_level3sep_paper_letter,2,1,0,3,0.0
xpdf,pdftops,12,55,12_f_1,55_level3sep_paperw_612,2,1,0,3,0.0
xpdf,pdftops,12,56,12_f_1,56_level3sep_paperh_792,2,1,0,3,0.0
xpdf,pdftops,12,57,12_f_1,57_eps_f_1,2,1,0,3,0.0
xpdf,pdftops,12,58,12_f_1,58_eps_l_3,2,1,0,3,0.0
xpdf,pdftops,12,59,12_f_1,59_eps_paper_letter,2,1,0,3,0.0
xpdf,pdftops,12,60,12_f_1,60_eps_paperw_612,2,1,0,3,0.0
xpdf,pdftops,12,61,12_f_1,61_eps_paperh_792,2,1,0,3,0.0
xpdf,pdftops,12,62,12_f_1,62_form_f_1,2,1,0,3,0.0
xpdf,pdftops,12,63,12_f_1,63_form_l_3,2,1,0,3,0.0
xpdf,pdftops,12,64,12_f_1,64_form_paper_letter,2,1,0,3,0.0
xpdf,pdftops,12,65,12_f_1,65_form_paperw_612,2,1,0,3,0.0
xpdf,pdftops,12,66,12_f_1,66_form_paperh_792,2,1,0,3,0.0
xpdf,pdftops,13,14,13_l_3,14_paper_letter,2,2,2,2,1.0
xpdf,pdftops,13,15,13_l_3,15_paperw_612,2,2,2,2,1.0
xpdf,pdftops,13,16,13_l_3,16_paperh_792,2,2,2,2,1.0
xpdf,pdftops,13,17,13_l_3,17_level1_f_1,2,2,2,2,1.0
xpdf,pdftops,13,18,13_l_3,18_level1_l_3,2,2,2,2,1.0
xpdf,pdftops,13,19,13_l_3,19_level1_paper_letter,2,1,0,3,0.0
xpdf,pdftops,13,20,13_l_3,20_level1_paperw_612,2,1,0,3,0.0
xpdf,pdftops,13,21,13_l_3,21_level1_paperh_792,2,1,0,3,0.0
xpdf,pdftops,13,22,13_l_3,22_level1sep_f_1,2,1,0,3,0.0
xpdf,pdftops,13,23,13_l_3,23_level1sep_l_3,2,1,0,3,0.0
xpdf,pdftops,13,24,13_l_3,24_level1sep_paper_letter,2,1,0,3,0.0
xpdf,pdftops,13,25,13_l_3,25_level1sep_paperw_612,2,1,0,3,0.0
xpdf,pdftops,13,26,13_l_3,26_level1sep_paperh_792,2,1,0,3,0.0
xpdf,pdftops,13,27,13_l_3,27_level2_f_1,2,1,0,3,0.0
xpdf,pdftops,13,28,13_l_3,28_level2_l_3,2,1,0,3,0.0
xpdf,pdftops,13,29,13_l_3,29_level2_paper_letter,2,1,0,3,0.0
xpdf,pdftops,13,30,13_l_3,30_level2_paperw_612,2,1,0,3,0.0
xpdf,pdftops,13,31,13_l_3,31_level2_paperh_792,2,1,0,3,0.0
xpdf,pdftops,13,32,13_l_3,32_level2gray_f_1,2,1,0,3,0.0
xpdf,pdftops,13,33,13_l_3,33_level2gray_l_3,2,1,0,3,0.0
xpdf,pdftops,13,34,13_l_3,34_level2gray_paper_letter,2,1,0,3,0.0
xpdf,pdftops,13,35,13_l_3,35_level2gray_paperw_612,2,1,0,3,0.0
xpdf,pdftops,13,36,13_l_3,36_level2gray_paperh_792,2,1,0,3,0.0
xpdf,pdftops,13,37,13_l_3,37_level2sep_f_1,2,1,0,3,0.0
xpdf,pdftops,13,38,13_l_3,38_level2sep_l_3,2,1,0,3,0.0
xpdf,pdftops,13,39,13_l_3,39_level2sep_paper_letter,2,1,0,3,0.0
xpdf,pdftops,13,40,13_l_3,40_level2sep_paperw_612,2,1,0,3,0.0
xpdf,pdftops,13,41,13_l_3,41_level2sep_paperh_792,2,1,0,3,0.0
xpdf,pdftops,13,42,13_l_3,42_level3_f_1,2,1,0,3,0.0
xpdf,pdftops,13,43,13_l_3,43_level3_l_3,2,1,0,3,0.0
xpdf,pdftops,13,44,13_l_3,44_level3_paper_letter,2,1,0,3,0.0
xpdf,pdftops,13,45,13_l_3,45_level3_paperw_612,2,1,0,3,0.0
xpdf,pdftops,13,46,13_l_3,46_level3_paperh_792,2,1,0,3,0.0
xpdf,pdftops,13,47,13_l_3,47_level3gray_f_1,2,1,0,3,0.0
xpdf,pdftops,13,48,13_l_3,48_level3gray_l_3,2,1,0,3,0.0
xpdf,pdftops,13,49,13_l_3,49_level3gray_paper_letter,2,1,0,3,0.0
xpdf,pdftops,13,50,13_l_3,50_level3gray_paperw_612,2,1,0,3,0.0
xpdf,pdftops,13,51,13_l_3,51_level3gray_paperh_792,2,1,0,3,0.0
xpdf,pdftops,13,52,13_l_3,52_level3sep_f_1,2,1,0,3,0.0
xpdf,pdftops,13,53,13_l_3,53_level3sep_l_3,2,1,0,3,0.0
xpdf,pdftops,13,54,13_l_3,54_level3sep_paper_letter,2,1,0,3,0.0
xpdf,pdftops,13,55,13_l_3,55_level3sep_paperw_612,2,1,0,3,0.0
xpdf,pdftops,13,56,13_l_3,56_level3sep_paperh_792,2,1,0,3,0.0
xpdf,pdftops,13,57,13_l_3,57_eps_f_1,2,1,0,3,0.0
xpdf,pdftops,13,58,13_l_3,58_eps_l_3,2,1,0,3,0.0
xpdf,pdftops,13,59,13_l_3,59_eps_paper_letter,2,1,0,3,0.0
xpdf,pdftops,13,60,13_l_3,60_eps_paperw_612,2,1,0,3,0.0
xpdf,pdftops,13,61,13_l_3,61_eps_paperh_792,2,1,0,3,0.0
xpdf,pdftops,13,62,13_l_3,62_form_f_1,2,1,0,3,0.0
xpdf,pdftops,13,63,13_l_3,63_form_l_3,2,1,0,3,0.0
xpdf,pdftops,13,64,13_l_3,64_form_paper_letter,2,1,0,3,0.0
xpdf,pdftops,13,65,13_l_3,65_form_paperw_612,2,1,0,3,0.0
xpdf,pdftops,13,66,13_l_3,66_form_paperh_792,2,1,0,3,0.0
xpdf,pdftops,14,15,14_paper_letter,15_paperw_612,2,2,2,2,1.0
xpdf,pdftops,14,16,14_paper_letter,16_paperh_792,2,2,2,2,1.0
xpdf,pdftops,14,17,14_paper_letter,17_level1_f_1,2,2,2,2,1.0
xpdf,pdftops,14,18,14_paper_letter,18_level1_l_3,2,2,2,2,1.0
xpdf,pdftops,14,19,14_paper_letter,19_level1_paper_letter,2,1,0,3,0.0
xpdf,pdftops,14,20,14_paper_letter,20_level1_paperw_612,2,1,0,3,0.0
xpdf,pdftops,14,21,14_paper_letter,21_level1_paperh_792,2,1,0,3,0.0
xpdf,pdftops,14,22,14_paper_letter,22_level1sep_f_1,2,1,0,3,0.0
xpdf,pdftops,14,23,14_paper_letter,23_level1sep_l_3,2,1,0,3,0.0
xpdf,pdftops,14,24,14_paper_letter,24_level1sep_paper_letter,2,1,0,3,0.0
xpdf,pdftops,14,25,14_paper_letter,25_level1sep_paperw_612,2,1,0,3,0.0
xpdf,pdftops,14,26,14_paper_letter,26_level1sep_paperh_792,2,1,0,3,0.0
xpdf,pdftops,14,27,14_paper_letter,27_level2_f_1,2,1,0,3,0.0
xpdf,pdftops,14,28,14_paper_letter,28_level2_l_3,2,1,0,3,0.0
xpdf,pdftops,14,29,14_paper_letter,29_level2_paper_letter,2,1,0,3,0.0
xpdf,pdftops,14,30,14_paper_letter,30_level2_paperw_612,2,1,0,3,0.0
xpdf,pdftops,14,31,14_paper_letter,31_level2_paperh_792,2,1,0,3,0.0
xpdf,pdftops,14,32,14_paper_letter,32_level2gray_f_1,2,1,0,3,0.0
xpdf,pdftops,14,33,14_paper_letter,33_level2gray_l_3,2,1,0,3,0.0
xpdf,pdftops,14,34,14_paper_letter,34_level2gray_paper_letter,2,1,0,3,0.0
xpdf,pdftops,14,35,14_paper_letter,35_level2gray_paperw_612,2,1,0,3,0.0
xpdf,pdftops,14,36,14_paper_letter,36_level2gray_paperh_792,2,1,0,3,0.0
xpdf,pdftops,14,37,14_paper_letter,37_level2sep_f_1,2,1,0,3,0.0
xpdf,pdftops,14,38,14_paper_letter,38_level2sep_l_3,2,1,0,3,0.0
xpdf,pdftops,14,39,14_paper_letter,39_level2sep_paper_letter,2,1,0,3,0.0
xpdf,pdftops,14,40,14_paper_letter,40_level2sep_paperw_612,2,1,0,3,0.0
xpdf,pdftops,14,41,14_paper_letter,41_level2sep_paperh_792,2,1,0,3,0.0
xpdf,pdftops,14,42,14_paper_letter,42_level3_f_1,2,1,0,3,0.0
xpdf,pdftops,14,43,14_paper_letter,43_level3_l_3,2,1,0,3,0.0
xpdf,pdftops,14,44,14_paper_letter,44_level3_paper_letter,2,1,0,3,0.0
xpdf,pdftops,14,45,14_paper_letter,45_level3_paperw_612,2,1,0,3,0.0
xpdf,pdftops,14,46,14_paper_letter,46_level3_paperh_792,2,1,0,3,0.0
xpdf,pdftops,14,47,14_paper_letter,47_level3gray_f_1,2,1,0,3,0.0
xpdf,pdftops,14,48,14_paper_letter,48_level3gray_l_3,2,1,0,3,0.0
xpdf,pdftops,14,49,14_paper_letter,49_level3gray_paper_letter,2,1,0,3,0.0
xpdf,pdftops,14,50,14_paper_letter,50_level3gray_paperw_612,2,1,0,3,0.0
xpdf,pdftops,14,51,14_paper_letter,51_level3gray_paperh_792,2,1,0,3,0.0
xpdf,pdftops,14,52,14_paper_letter,52_level3sep_f_1,2,1,0,3,0.0
xpdf,pdftops,14,53,14_paper_letter,53_level3sep_l_3,2,1,0,3,0.0
xpdf,pdftops,14,54,14_paper_letter,54_level3sep_paper_letter,2,1,0,3,0.0
xpdf,pdftops,14,55,14_paper_letter,55_level3sep_paperw_612,2,1,0,3,0.0
xpdf,pdftops,14,56,14_paper_letter,56_level3sep_paperh_792,2,1,0,3,0.0
xpdf,pdftops,14,57,14_paper_letter,57_eps_f_1,2,1,0,3,0.0
xpdf,pdftops,14,58,14_paper_letter,58_eps_l_3,2,1,0,3,0.0
xpdf,pdftops,14,59,14_paper_letter,59_eps_paper_letter,2,1,0,3,0.0
xpdf,pdftops,14,60,14_paper_letter,60_eps_paperw_612,2,1,0,3,0.0
xpdf,pdftops,14,61,14_paper_letter,61_eps_paperh_792,2,1,0,3,0.0
xpdf,pdftops,14,62,14_paper_letter,62_form_f_1,2,1,0,3,0.0
xpdf,pdftops,14,63,14_paper_letter,63_form_l_3,2,1,0,3,0.0
xpdf,pdftops,14,64,14_paper_letter,64_form_paper_letter,2,1,0,3,0.0
xpdf,pdftops,14,65,14_paper_letter,65_form_paperw_612,2,1,0,3,0.0
xpdf,pdftops,14,66,14_paper_letter,66_form_paperh_792,2,1,0,3,0.0
xpdf,pdftops,15,16,15_paperw_612,16_paperh_792,2,2,2,2,1.0
xpdf,pdftops,15,17,15_paperw_612,17_level1_f_1,2,2,2,2,1.0
xpdf,pdftops,15,18,15_paperw_612,18_level1_l_3,2,2,2,2,1.0
xpdf,pdftops,15,19,15_paperw_612,19_level1_paper_letter,2,1,0,3,0.0
xpdf,pdftops,15,20,15_paperw_612,20_level1_paperw_612,2,1,0,3,0.0
xpdf,pdftops,15,21,15_paperw_612,21_level1_paperh_792,2,1,0,3,0.0
xpdf,pdftops,15,22,15_paperw_612,22_level1sep_f_1,2,1,0,3,0.0
xpdf,pdftops,15,23,15_paperw_612,23_level1sep_l_3,2,1,0,3,0.0
xpdf,pdftops,15,24,15_paperw_612,24_level1sep_paper_letter,2,1,0,3,0.0
xpdf,pdftops,15,25,15_paperw_612,25_level1sep_paperw_612,2,1,0,3,0.0
xpdf,pdftops,15,26,15_paperw_612,26_level1sep_paperh_792,2,1,0,3,0.0
xpdf,pdftops,15,27,15_paperw_612,27_level2_f_1,2,1,0,3,0.0
xpdf,pdftops,15,28,15_paperw_612,28_level2_l_3,2,1,0,3,0.0
xpdf,pdftops,15,29,15_paperw_612,29_level2_paper_letter,2,1,0,3,0.0
xpdf,pdftops,15,30,15_paperw_612,30_level2_paperw_612,2,1,0,3,0.0
xpdf,pdftops,15,31,15_paperw_612,31_level2_paperh_792,2,1,0,3,0.0
xpdf,pdftops,15,32,15_paperw_612,32_level2gray_f_1,2,1,0,3,0.0
xpdf,pdftops,15,33,15_paperw_612,33_level2gray_l_3,2,1,0,3,0.0
xpdf,pdftops,15,34,15_paperw_612,34_level2gray_paper_letter,2,1,0,3,0.0
xpdf,pdftops,15,35,15_paperw_612,35_level2gray_paperw_612,2,1,0,3,0.0
xpdf,pdftops,15,36,15_paperw_612,36_level2gray_paperh_792,2,1,0,3,0.0
xpdf,pdftops,15,37,15_paperw_612,37_level2sep_f_1,2,1,0,3,0.0
xpdf,pdftops,15,38,15_paperw_612,38_level2sep_l_3,2,1,0,3,0.0
xpdf,pdftops,15,39,15_paperw_612,39_level2sep_paper_letter,2,1,0,3,0.0
xpdf,pdftops,15,40,15_paperw_612,40_level2sep_paperw_612,2,1,0,3,0.0
xpdf,pdftops,15,41,15_paperw_612,41_level2sep_paperh_792,2,1,0,3,0.0
xpdf,pdftops,15,42,15_paperw_612,42_level3_f_1,2,1,0,3,0.0
xpdf,pdftops,15,43,15_paperw_612,43_level3_l_3,2,1,0,3,0.0
xpdf,pdftops,15,44,15_paperw_612,44_level3_paper_letter,2,1,0,3,0.0
xpdf,pdftops,15,45,15_paperw_612,45_level3_paperw_612,2,1,0,3,0.0
xpdf,pdftops,15,46,15_paperw_612,46_level3_paperh_792,2,1,0,3,0.0
xpdf,pdftops,15,47,15_paperw_612,47_level3gray_f_1,2,1,0,3,0.0
xpdf,pdftops,15,48,15_paperw_612,48_level3gray_l_3,2,1,0,3,0.0
xpdf,pdftops,15,49,15_paperw_612,49_level3gray_paper_letter,2,1,0,3,0.0
xpdf,pdftops,15,50,15_paperw_612,50_level3gray_paperw_612,2,1,0,3,0.0
xpdf,pdftops,15,51,15_paperw_612,51_level3gray_paperh_792,2,1,0,3,0.0
xpdf,pdftops,15,52,15_paperw_612,52_level3sep_f_1,2,1,0,3,0.0
xpdf,pdftops,15,53,15_paperw_612,53_level3sep_l_3,2,1,0,3,0.0
xpdf,pdftops,15,54,15_paperw_612,54_level3sep_paper_letter,2,1,0,3,0.0
xpdf,pdftops,15,55,15_paperw_612,55_level3sep_paperw_612,2,1,0,3,0.0
xpdf,pdftops,15,56,15_paperw_612,56_level3sep_paperh_792,2,1,0,3,0.0
xpdf,pdftops,15,57,15_paperw_612,57_eps_f_1,2,1,0,3,0.0
xpdf,pdftops,15,58,15_paperw_612,58_eps_l_3,2,1,0,3,0.0
xpdf,pdftops,15,59,15_paperw_612,59_eps_paper_letter,2,1,0,3,0.0
xpdf,pdftops,15,60,15_paperw_612,60_eps_paperw_612,2,1,0,3,0.0
xpdf,pdftops,15,61,15_paperw_612,61_eps_paperh_792,2,1,0,3,0.0
xpdf,pdftops,15,62,15_paperw_612,62_form_f_1,2,1,0,3,0.0
xpdf,pdftops,15,63,15_paperw_612,63_form_l_3,2,1,0,3,0.0
xpdf,pdftops,15,64,15_paperw_612,64_form_paper_letter,2,1,0,3,0.0
xpdf,pdftops,15,65,15_paperw_612,65_form_paperw_612,2,1,0,3,0.0
xpdf,pdftops,15,66,15_paperw_612,66_form_paperh_792,2,1,0,3,0.0
xpdf,pdftops,16,17,16_paperh_792,17_level1_f_1,2,2,2,2,1.0
xpdf,pdftops,16,18,16_paperh_792,18_level1_l_3,2,2,2,2,1.0
xpdf,pdftops,16,19,16_paperh_792,19_level1_paper_letter,2,1,0,3,0.0
xpdf,pdftops,16,20,16_paperh_792,20_level1_paperw_612,2,1,0,3,0.0
xpdf,pdftops,16,21,16_paperh_792,21_level1_paperh_792,2,1,0,3,0.0
xpdf,pdftops,16,22,16_paperh_792,22_level1sep_f_1,2,1,0,3,0.0
xpdf,pdftops,16,23,16_paperh_792,23_level1sep_l_3,2,1,0,3,0.0
xpdf,pdftops,16,24,16_paperh_792,24_level1sep_paper_letter,2,1,0,3,0.0
xpdf,pdftops,16,25,16_paperh_792,25_level1sep_paperw_612,2,1,0,3,0.0
xpdf,pdftops,16,26,16_paperh_792,26_level1sep_paperh_792,2,1,0,3,0.0
xpdf,pdftops,16,27,16_paperh_792,27_level2_f_1,2,1,0,3,0.0
xpdf,pdftops,16,28,16_paperh_792,28_level2_l_3,2,1,0,3,0.0
xpdf,pdftops,16,29,16_paperh_792,29_level2_paper_letter,2,1,0,3,0.0
xpdf,pdftops,16,30,16_paperh_792,30_level2_paperw_612,2,1,0,3,0.0
xpdf,pdftops,16,31,16_paperh_792,31_level2_paperh_792,2,1,0,3,0.0
xpdf,pdftops,16,32,16_paperh_792,32_level2gray_f_1,2,1,0,3,0.0
xpdf,pdftops,16,33,16_paperh_792,33_level2gray_l_3,2,1,0,3,0.0
xpdf,pdftops,16,34,16_paperh_792,34_level2gray_paper_letter,2,1,0,3,0.0
xpdf,pdftops,16,35,16_paperh_792,35_level2gray_paperw_612,2,1,0,3,0.0
xpdf,pdftops,16,36,16_paperh_792,36_level2gray_paperh_792,2,1,0,3,0.0
xpdf,pdftops,16,37,16_paperh_792,37_level2sep_f_1,2,1,0,3,0.0
xpdf,pdftops,16,38,16_paperh_792,38_level2sep_l_3,2,1,0,3,0.0
xpdf,pdftops,16,39,16_paperh_792,39_level2sep_paper_letter,2,1,0,3,0.0
xpdf,pdftops,16,40,16_paperh_792,40_level2sep_paperw_612,2,1,0,3,0.0
xpdf,pdftops,16,41,16_paperh_792,41_level2sep_paperh_792,2,1,0,3,0.0
xpdf,pdftops,16,42,16_paperh_792,42_level3_f_1,2,1,0,3,0.0
xpdf,pdftops,16,43,16_paperh_792,43_level3_l_3,2,1,0,3,0.0
xpdf,pdftops,16,44,16_paperh_792,44_level3_paper_letter,2,1,0,3,0.0
xpdf,pdftops,16,45,16_paperh_792,45_level3_paperw_612,2,1,0,3,0.0
xpdf,pdftops,16,46,16_paperh_792,46_level3_paperh_792,2,1,0,3,0.0
xpdf,pdftops,16,47,16_paperh_792,47_level3gray_f_1,2,1,0,3,0.0
xpdf,pdftops,16,48,16_paperh_792,48_level3gray_l_3,2,1,0,3,0.0
xpdf,pdftops,16,49,16_paperh_792,49_level3gray_paper_letter,2,1,0,3,0.0
xpdf,pdftops,16,50,16_paperh_792,50_level3gray_paperw_612,2,1,0,3,0.0
xpdf,pdftops,16,51,16_paperh_792,51_level3gray_paperh_792,2,1,0,3,0.0
xpdf,pdftops,16,52,16_paperh_792,52_level3sep_f_1,2,1,0,3,0.0
xpdf,pdftops,16,53,16_paperh_792,53_level3sep_l_3,2,1,0,3,0.0
xpdf,pdftops,16,54,16_paperh_792,54_level3sep_paper_letter,2,1,0,3,0.0
xpdf,pdftops,16,55,16_paperh_792,55_level3sep_paperw_612,2,1,0,3,0.0
xpdf,pdftops,16,56,16_paperh_792,56_level3sep_paperh_792,2,1,0,3,0.0
xpdf,pdftops,16,57,16_paperh_792,57_eps_f_1,2,1,0,3,0.0
xpdf,pdftops,16,58,16_paperh_792,58_eps_l_3,2,1,0,3,0.0
xpdf,pdftops,16,59,16_paperh_792,59_eps_paper_letter,2,1,0,3,0.0
xpdf,pdftops,16,60,16_paperh_792,60_eps_paperw_612,2,1,0,3,0.0
xpdf,pdftops,16,61,16_paperh_792,61_eps_paperh_792,2,1,0,3,0.0
xpdf,pdftops,16,62,16_paperh_792,62_form_f_1,2,1,0,3,0.0
xpdf,pdftops,16,63,16_paperh_792,63_form_l_3,2,1,0,3,0.0
xpdf,pdftops,16,64,16_paperh_792,64_form_paper_letter,2,1,0,3,0.0
xpdf,pdftops,16,65,16_paperh_792,65_form_paperw_612,2,1,0,3,0.0
xpdf,pdftops,16,66,16_paperh_792,66_form_paperh_792,2,1,0,3,0.0
xpdf,pdftops,17,18,17_level1_f_1,18_level1_l_3,2,2,2,2,1.0
xpdf,pdftops,17,19,17_level1_f_1,19_level1_paper_letter,2,1,0,3,0.0
xpdf,pdftops,17,20,17_level1_f_1,20_level1_paperw_612,2,1,0,3,0.0
xpdf,pdftops,17,21,17_level1_f_1,21_level1_paperh_792,2,1,0,3,0.0
xpdf,pdftops,17,22,17_level1_f_1,22_level1sep_f_1,2,1,0,3,0.0
xpdf,pdftops,17,23,17_level1_f_1,23_level1sep_l_3,2,1,0,3,0.0
xpdf,pdftops,17,24,17_level1_f_1,24_level1sep_paper_letter,2,1,0,3,0.0
xpdf,pdftops,17,25,17_level1_f_1,25_level1sep_paperw_612,2,1,0,3,0.0
xpdf,pdftops,17,26,17_level1_f_1,26_level1sep_paperh_792,2,1,0,3,0.0
xpdf,pdftops,17,27,17_level1_f_1,27_level2_f_1,2,1,0,3,0.0
xpdf,pdftops,17,28,17_level1_f_1,28_level2_l_3,2,1,0,3,0.0
xpdf,pdftops,17,29,17_level1_f_1,29_level2_paper_letter,2,1,0,3,0.0
xpdf,pdftops,17,30,17_level1_f_1,30_level2_paperw_612,2,1,0,3,0.0
xpdf,pdftops,17,31,17_level1_f_1,31_level2_paperh_792,2,1,0,3,0.0
xpdf,pdftops,17,32,17_level1_f_1,32_level2gray_f_1,2,1,0,3,0.0
xpdf,pdftops,17,33,17_level1_f_1,33_level2gray_l_3,2,1,0,3,0.0
xpdf,pdftops,17,34,17_level1_f_1,34_level2gray_paper_letter,2,1,0,3,0.0
xpdf,pdftops,17,35,17_level1_f_1,35_level2gray_paperw_612,2,1,0,3,0.0
xpdf,pdftops,17,36,17_level1_f_1,36_level2gray_paperh_792,2,1,0,3,0.0
xpdf,pdftops,17,37,17_level1_f_1,37_level2sep_f_1,2,1,0,3,0.0
xpdf,pdftops,17,38,17_level1_f_1,38_level2sep_l_3,2,1,0,3,0.0
xpdf,pdftops,17,39,17_level1_f_1,39_level2sep_paper_letter,2,1,0,3,0.0
xpdf,pdftops,17,40,17_level1_f_1,40_level2sep_paperw_612,2,1,0,3,0.0
xpdf,pdftops,17,41,17_level1_f_1,41_level2sep_paperh_792,2,1,0,3,0.0
xpdf,pdftops,17,42,17_level1_f_1,42_level3_f_1,2,1,0,3,0.0
xpdf,pdftops,17,43,17_level1_f_1,43_level3_l_3,2,1,0,3,0.0
xpdf,pdftops,17,44,17_level1_f_1,44_level3_paper_letter,2,1,0,3,0.0
xpdf,pdftops,17,45,17_level1_f_1,45_level3_paperw_612,2,1,0,3,0.0
xpdf,pdftops,17,46,17_level1_f_1,46_level3_paperh_792,2,1,0,3,0.0
xpdf,pdftops,17,47,17_level1_f_1,47_level3gray_f_1,2,1,0,3,0.0
xpdf,pdftops,17,48,17_level1_f_1,48_level3gray_l_3,2,1,0,3,0.0
xpdf,pdftops,17,49,17_level1_f_1,49_level3gray_paper_letter,2,1,0,3,0.0
xpdf,pdftops,17,50,17_level1_f_1,50_level3gray_paperw_612,2,1,0,3,0.0
xpdf,pdftops,17,51,17_level1_f_1,51_level3gray_paperh_792,2,1,0,3,0.0
xpdf,pdftops,17,52,17_level1_f_1,52_level3sep_f_1,2,1,0,3,0.0
xpdf,pdftops,17,53,17_level1_f_1,53_level3sep_l_3,2,1,0,3,0.0
xpdf,pdftops,17,54,17_level1_f_1,54_level3sep_paper_letter,2,1,0,3,0.0
xpdf,pdftops,17,55,17_level1_f_1,55_level3sep_paperw_612,2,1,0,3,0.0
xpdf,pdftops,17,56,17_level1_f_1,56_level3sep_paperh_792,2,1,0,3,0.0
xpdf,pdftops,17,57,17_level1_f_1,57_eps_f_1,2,1,0,3,0.0
xpdf,pdftops,17,58,17_level1_f_1,58_eps_l_3,2,1,0,3,0.0
xpdf,pdftops,17,59,17_level1_f_1,59_eps_paper_letter,2,1,0,3,0.0
xpdf,pdftops,17,60,17_level1_f_1,60_eps_paperw_612,2,1,0,3,0.0
xpdf,pdftops,17,61,17_level1_f_1,61_eps_paperh_792,2,1,0,3,0.0
xpdf,pdftops,17,62,17_level1_f_1,62_form_f_1,2,1,0,3,0.0
xpdf,pdftops,17,63,17_level1_f_1,63_form_l_3,2,1,0,3,0.0
xpdf,pdftops,17,64,17_level1_f_1,64_form_paper_letter,2,1,0,3,0.0
xpdf,pdftops,17,65,17_level1_f_1,65_form_paperw_612,2,1,0,3,0.0
xpdf,pdftops,17,66,17_level1_f_1,66_form_paperh_792,2,1,0,3,0.0
xpdf,pdftops,18,19,18_level1_l_3,19_level1_paper_letter,2,1,0,3,0.0
xpdf,pdftops,18,20,18_level1_l_3,20_level1_paperw_612,2,1,0,3,0.0
xpdf,pdftops,18,21,18_level1_l_3,21_level1_paperh_792,2,1,0,3,0.0
xpdf,pdftops,18,22,18_level1_l_3,22_level1sep_f_1,2,1,0,3,0.0
xpdf,pdftops,18,23,18_level1_l_3,23_level1sep_l_3,2,1,0,3,0.0
xpdf,pdftops,18,24,18_level1_l_3,24_level1sep_paper_letter,2,1,0,3,0.0
xpdf,pdftops,18,25,18_level1_l_3,25_level1sep_paperw_612,2,1,0,3,0.0
xpdf,pdftops,18,26,18_level1_l_3,26_level1sep_paperh_792,2,1,0,3,0.0
xpdf,pdftops,18,27,18_level1_l_3,27_level2_f_1,2,1,0,3,0.0
xpdf,pdftops,18,28,18_level1_l_3,28_level2_l_3,2,1,0,3,0.0
xpdf,pdftops,18,29,18_level1_l_3,29_level2_paper_letter,2,1,0,3,0.0
xpdf,pdftops,18,30,18_level1_l_3,30_level2_paperw_612,2,1,0,3,0.0
xpdf,pdftops,18,31,18_level1_l_3,31_level2_paperh_792,2,1,0,3,0.0
xpdf,pdftops,18,32,18_level1_l_3,32_level2gray_f_1,2,1,0,3,0.0
xpdf,pdftops,18,33,18_level1_l_3,33_level2gray_l_3,2,1,0,3,0.0
xpdf,pdftops,18,34,18_level1_l_3,34_level2gray_paper_letter,2,1,0,3,0.0
xpdf,pdftops,18,35,18_level1_l_3,35_level2gray_paperw_612,2,1,0,3,0.0
xpdf,pdftops,18,36,18_level1_l_3,36_level2gray_paperh_792,2,1,0,3,0.0
xpdf,pdftops,18,37,18_level1_l_3,37_level2sep_f_1,2,1,0,3,0.0
xpdf,pdftops,18,38,18_level1_l_3,38_level2sep_l_3,2,1,0,3,0.0
xpdf,pdftops,18,39,18_level1_l_3,39_level2sep_paper_letter,2,1,0,3,0.0
xpdf,pdftops,18,40,18_level1_l_3,40_level2sep_paperw_612,2,1,0,3,0.0
xpdf,pdftops,18,41,18_level1_l_3,41_level2sep_paperh_792,2,1,0,3,0.0
xpdf,pdftops,18,42,18_level1_l_3,42_level3_f_1,2,1,0,3,0.0
xpdf,pdftops,18,43,18_level1_l_3,43_level3_l_3,2,1,0,3,0.0
xpdf,pdftops,18,44,18_level1_l_3,44_level3_paper_letter,2,1,0,3,0.0
xpdf,pdftops,18,45,18_level1_l_3,45_level3_paperw_612,2,1,0,3,0.0
xpdf,pdftops,18,46,18_level1_l_3,46_level3_paperh_792,2,1,0,3,0.0
xpdf,pdftops,18,47,18_level1_l_3,47_level3gray_f_1,2,1,0,3,0.0
xpdf,pdftops,18,48,18_level1_l_3,48_level3gray_l_3,2,1,0,3,0.0
xpdf,pdftops,18,49,18_level1_l_3,49_level3gray_paper_letter,2,1,0,3,0.0
xpdf,pdftops,18,50,18_level1_l_3,50_level3gray_paperw_612,2,1,0,3,0.0
xpdf,pdftops,18,51,18_level1_l_3,51_level3gray_paperh_792,2,1,0,3,0.0
xpdf,pdftops,18,52,18_level1_l_3,52_level3sep_f_1,2,1,0,3,0.0
xpdf,pdftops,18,53,18_level1_l_3,53_level3sep_l_3,2,1,0,3,0.0
xpdf,pdftops,18,54,18_level1_l_3,54_level3sep_paper_letter,2,1,0,3,0.0
xpdf,pdftops,18,55,18_level1_l_3,55_level3sep_paperw_612,2,1,0,3,0.0
xpdf,pdftops,18,56,18_level1_l_3,56_level3sep_paperh_792,2,1,0,3,0.0
xpdf,pdftops,18,57,18_level1_l_3,57_eps_f_1,2,1,0,3,0.0
xpdf,pdftops,18,58,18_level1_l_3,58_eps_l_3,2,1,0,3,0.0
xpdf,pdftops,18,59,18_level1_l_3,59_eps_paper_letter,2,1,0,3,0.0
xpdf,pdftops,18,60,18_level1_l_3,60_eps_paperw_612,2,1,0,3,0.0
xpdf,pdftops,18,61,18_level1_l_3,61_eps_paperh_792,2,1,0,3,0.0
xpdf,pdftops,18,62,18_level1_l_3,62_form_f_1,2,1,0,3,0.0
xpdf,pdftops,18,63,18_level1_l_3,63_form_l_3,2,1,0,3,0.0
xpdf,pdftops,18,64,18_level1_l_3,64_form_paper_letter,2,1,0,3,0.0
xpdf,pdftops,18,65,18_level1_l_3,65_form_paperw_612,2,1,0,3,0.0
xpdf,pdftops,18,66,18_level1_l_3,66_form_paperh_792,2,1,0,3,0.0
xpdf,pdftops,19,20,19_level1_paper_letter,20_level1_paperw_612,1,1,1,1,1.0
xpdf,pdftops,19,21,19_level1_paper_letter,21_level1_paperh_792,1,1,1,1,1.0
xpdf,pdftops,19,22,19_level1_paper_letter,22_level1sep_f_1,1,1,1,1,1.0
xpdf,pdftops,19,23,19_level1_paper_letter,23_level1sep_l_3,1,1,1,1,1.0
xpdf,pdftops,19,24,19_level1_paper_letter,24_level1sep_paper_letter,1,1,1,1,1.0
xpdf,pdftops,19,25,19_level1_paper_letter,25_level1sep_paperw_612,1,1,1,1,1.0
xpdf,pdftops,19,26,19_level1_paper_letter,26_level1sep_paperh_792,1,1,1,1,1.0
xpdf,pdftops,19,27,19_level1_paper_letter,27_level2_f_1,1,1,1,1,1.0
xpdf,pdftops,19,28,19_level1_paper_letter,28_level2_l_3,1,1,1,1,1.0
xpdf,pdftops,19,29,19_level1_paper_letter,29_level2_paper_letter,1,1,1,1,1.0
xpdf,pdftops,19,30,19_level1_paper_letter,30_level2_paperw_612,1,1,1,1,1.0
xpdf,pdftops,19,31,19_level1_paper_letter,31_level2_paperh_792,1,1,1,1,1.0
xpdf,pdftops,19,32,19_level1_paper_letter,32_level2gray_f_1,1,1,1,1,1.0
xpdf,pdftops,19,33,19_level1_paper_letter,33_level2gray_l_3,1,1,1,1,1.0
xpdf,pdftops,19,34,19_level1_paper_letter,34_level2gray_paper_letter,1,1,1,1,1.0
xpdf,pdftops,19,35,19_level1_paper_letter,35_level2gray_paperw_612,1,1,1,1,1.0
xpdf,pdftops,19,36,19_level1_paper_letter,36_level2gray_paperh_792,1,1,1,1,1.0
xpdf,pdftops,19,37,19_level1_paper_letter,37_level2sep_f_1,1,1,1,1,1.0
xpdf,pdftops,19,38,19_level1_paper_letter,38_level2sep_l_3,1,1,1,1,1.0
xpdf,pdftops,19,39,19_level1_paper_letter,39_level2sep_paper_letter,1,1,1,1,1.0
xpdf,pdftops,19,40,19_level1_paper_letter,40_level2sep_paperw_612,1,1,1,1,1.0
xpdf,pdftops,19,41,19_level1_paper_letter,41_level2sep_paperh_792,1,1,1,1,1.0
xpdf,pdftops,19,42,19_level1_paper_letter,42_level3_f_1,1,1,1,1,1.0
xpdf,pdftops,19,43,19_level1_paper_letter,43_level3_l_3,1,1,1,1,1.0
xpdf,pdftops,19,44,19_level1_paper_letter,44_level3_paper_letter,1,1,1,1,1.0
xpdf,pdftops,19,45,19_level1_paper_letter,45_level3_paperw_612,1,1,1,1,1.0
xpdf,pdftops,19,46,19_level1_paper_letter,46_level3_paperh_792,1,1,1,1,1.0
xpdf,pdftops,19,47,19_level1_paper_letter,47_level3gray_f_1,1,1,1,1,1.0
xpdf,pdftops,19,48,19_level1_paper_letter,48_level3gray_l_3,1,1,1,1,1.0
xpdf,pdftops,19,49,19_level1_paper_letter,49_level3gray_paper_letter,1,1,1,1,1.0
xpdf,pdftops,19,50,19_level1_paper_letter,50_level3gray_paperw_612,1,1,1,1,1.0
xpdf,pdftops,19,51,19_level1_paper_letter,51_level3gray_paperh_792,1,1,1,1,1.0
xpdf,pdftops,19,52,19_level1_paper_letter,52_level3sep_f_1,1,1,1,1,1.0
xpdf,pdftops,19,53,19_level1_paper_letter,53_level3sep_l_3,1,1,1,1,1.0
xpdf,pdftops,19,54,19_level1_paper_letter,54_level3sep_paper_letter,1,1,1,1,1.0
xpdf,pdftops,19,55,19_level1_paper_letter,55_level3sep_paperw_612,1,1,1,1,1.0
xpdf,pdftops,19,56,19_level1_paper_letter,56_level3sep_paperh_792,1,1,1,1,1.0
xpdf,pdftops,19,57,19_level1_paper_letter,57_eps_f_1,1,1,1,1,1.0
xpdf,pdftops,19,58,19_level1_paper_letter,58_eps_l_3,1,1,1,1,1.0
xpdf,pdftops,19,59,19_level1_paper_letter,59_eps_paper_letter,1,1,1,1,1.0
xpdf,pdftops,19,60,19_level1_paper_letter,60_eps_paperw_612,1,1,1,1,1.0
xpdf,pdftops,19,61,19_level1_paper_letter,61_eps_paperh_792,1,1,1,1,1.0
xpdf,pdftops,19,62,19_level1_paper_letter,62_form_f_1,1,1,1,1,1.0
xpdf,pdftops,19,63,19_level1_paper_letter,63_form_l_3,1,1,1,1,1.0
xpdf,pdftops,19,64,19_level1_paper_letter,64_form_paper_letter,1,1,1,1,1.0
xpdf,pdftops,19,65,19_level1_paper_letter,65_form_paperw_612,1,1,1,1,1.0
xpdf,pdftops,19,66,19_level1_paper_letter,66_form_paperh_792,1,1,1,1,1.0
xpdf,pdftops,20,21,20_level1_paperw_612,21_level1_paperh_792,1,1,1,1,1.0
xpdf,pdftops,20,22,20_level1_paperw_612,22_level1sep_f_1,1,1,1,1,1.0
xpdf,pdftops,20,23,20_level1_paperw_612,23_level1sep_l_3,1,1,1,1,1.0
xpdf,pdftops,20,24,20_level1_paperw_612,24_level1sep_paper_letter,1,1,1,1,1.0
xpdf,pdftops,20,25,20_level1_paperw_612,25_level1sep_paperw_612,1,1,1,1,1.0
xpdf,pdftops,20,26,20_level1_paperw_612,26_level1sep_paperh_792,1,1,1,1,1.0
xpdf,pdftops,20,27,20_level1_paperw_612,27_level2_f_1,1,1,1,1,1.0
xpdf,pdftops,20,28,20_level1_paperw_612,28_level2_l_3,1,1,1,1,1.0
xpdf,pdftops,20,29,20_level1_paperw_612,29_level2_paper_letter,1,1,1,1,1.0
xpdf,pdftops,20,30,20_level1_paperw_612,30_level2_paperw_612,1,1,1,1,1.0
xpdf,pdftops,20,31,20_level1_paperw_612,31_level2_paperh_792,1,1,1,1,1.0
xpdf,pdftops,20,32,20_level1_paperw_612,32_level2gray_f_1,1,1,1,1,1.0
xpdf,pdftops,20,33,20_level1_paperw_612,33_level2gray_l_3,1,1,1,1,1.0
xpdf,pdftops,20,34,20_level1_paperw_612,34_level2gray_paper_letter,1,1,1,1,1.0
xpdf,pdftops,20,35,20_level1_paperw_612,35_level2gray_paperw_612,1,1,1,1,1.0
xpdf,pdftops,20,36,20_level1_paperw_612,36_level2gray_paperh_792,1,1,1,1,1.0
xpdf,pdftops,20,37,20_level1_paperw_612,37_level2sep_f_1,1,1,1,1,1.0
xpdf,pdftops,20,38,20_level1_paperw_612,38_level2sep_l_3,1,1,1,1,1.0
xpdf,pdftops,20,39,20_level1_paperw_612,39_level2sep_paper_letter,1,1,1,1,1.0
xpdf,pdftops,20,40,20_level1_paperw_612,40_level2sep_paperw_612,1,1,1,1,1.0
xpdf,pdftops,20,41,20_level1_paperw_612,41_level2sep_paperh_792,1,1,1,1,1.0
xpdf,pdftops,20,42,20_level1_paperw_612,42_level3_f_1,1,1,1,1,1.0
xpdf,pdftops,20,43,20_level1_paperw_612,43_level3_l_3,1,1,1,1,1.0
xpdf,pdftops,20,44,20_level1_paperw_612,44_level3_paper_letter,1,1,1,1,1.0
xpdf,pdftops,20,45,20_level1_paperw_612,45_level3_paperw_612,1,1,1,1,1.0
xpdf,pdftops,20,46,20_level1_paperw_612,46_level3_paperh_792,1,1,1,1,1.0
xpdf,pdftops,20,47,20_level1_paperw_612,47_level3gray_f_1,1,1,1,1,1.0
xpdf,pdftops,20,48,20_level1_paperw_612,48_level3gray_l_3,1,1,1,1,1.0
xpdf,pdftops,20,49,20_level1_paperw_612,49_level3gray_paper_letter,1,1,1,1,1.0
xpdf,pdftops,20,50,20_level1_paperw_612,50_level3gray_paperw_612,1,1,1,1,1.0
xpdf,pdftops,20,51,20_level1_paperw_612,51_level3gray_paperh_792,1,1,1,1,1.0
xpdf,pdftops,20,52,20_level1_paperw_612,52_level3sep_f_1,1,1,1,1,1.0
xpdf,pdftops,20,53,20_level1_paperw_612,53_level3sep_l_3,1,1,1,1,1.0
xpdf,pdftops,20,54,20_level1_paperw_612,54_level3sep_paper_letter,1,1,1,1,1.0
xpdf,pdftops,20,55,20_level1_paperw_612,55_level3sep_paperw_612,1,1,1,1,1.0
xpdf,pdftops,20,56,20_level1_paperw_612,56_level3sep_paperh_792,1,1,1,1,1.0
xpdf,pdftops,20,57,20_level1_paperw_612,57_eps_f_1,1,1,1,1,1.0
xpdf,pdftops,20,58,20_level1_paperw_612,58_eps_l_3,1,1,1,1,1.0
xpdf,pdftops,20,59,20_level1_paperw_612,59_eps_paper_letter,1,1,1,1,1.0
xpdf,pdftops,20,60,20_level1_paperw_612,60_eps_paperw_612,1,1,1,1,1.0
xpdf,pdftops,20,61,20_level1_paperw_612,61_eps_paperh_792,1,1,1,1,1.0
xpdf,pdftops,20,62,20_level1_paperw_612,62_form_f_1,1,1,1,1,1.0
xpdf,pdftops,20,63,20_level1_paperw_612,63_form_l_3,1,1,1,1,1.0
xpdf,pdftops,20,64,20_level1_paperw_612,64_form_paper_letter,1,1,1,1,1.0
xpdf,pdftops,20,65,20_level1_paperw_612,65_form_paperw_612,1,1,1,1,1.0
xpdf,pdftops,20,66,20_level1_paperw_612,66_form_paperh_792,1,1,1,1,1.0
xpdf,pdftops,21,22,21_level1_paperh_792,22_level1sep_f_1,1,1,1,1,1.0
xpdf,pdftops,21,23,21_level1_paperh_792,23_level1sep_l_3,1,1,1,1,1.0
xpdf,pdftops,21,24,21_level1_paperh_792,24_level1sep_paper_letter,1,1,1,1,1.0
xpdf,pdftops,21,25,21_level1_paperh_792,25_level1sep_paperw_612,1,1,1,1,1.0
xpdf,pdftops,21,26,21_level1_paperh_792,26_level1sep_paperh_792,1,1,1,1,1.0
xpdf,pdftops,21,27,21_level1_paperh_792,27_level2_f_1,1,1,1,1,1.0
xpdf,pdftops,21,28,21_level1_paperh_792,28_level2_l_3,1,1,1,1,1.0
xpdf,pdftops,21,29,21_level1_paperh_792,29_level2_paper_letter,1,1,1,1,1.0
xpdf,pdftops,21,30,21_level1_paperh_792,30_level2_paperw_612,1,1,1,1,1.0
xpdf,pdftops,21,31,21_level1_paperh_792,31_level2_paperh_792,1,1,1,1,1.0
xpdf,pdftops,21,32,21_level1_paperh_792,32_level2gray_f_1,1,1,1,1,1.0
xpdf,pdftops,21,33,21_level1_paperh_792,33_level2gray_l_3,1,1,1,1,1.0
xpdf,pdftops,21,34,21_level1_paperh_792,34_level2gray_paper_letter,1,1,1,1,1.0
xpdf,pdftops,21,35,21_level1_paperh_792,35_level2gray_paperw_612,1,1,1,1,1.0
xpdf,pdftops,21,36,21_level1_paperh_792,36_level2gray_paperh_792,1,1,1,1,1.0
xpdf,pdftops,21,37,21_level1_paperh_792,37_level2sep_f_1,1,1,1,1,1.0
xpdf,pdftops,21,38,21_level1_paperh_792,38_level2sep_l_3,1,1,1,1,1.0
xpdf,pdftops,21,39,21_level1_paperh_792,39_level2sep_paper_letter,1,1,1,1,1.0
xpdf,pdftops,21,40,21_level1_paperh_792,40_level2sep_paperw_612,1,1,1,1,1.0
xpdf,pdftops,21,41,21_level1_paperh_792,41_level2sep_paperh_792,1,1,1,1,1.0
xpdf,pdftops,21,42,21_level1_paperh_792,42_level3_f_1,1,1,1,1,1.0
xpdf,pdftops,21,43,21_level1_paperh_792,43_level3_l_3,1,1,1,1,1.0
xpdf,pdftops,21,44,21_level1_paperh_792,44_level3_paper_letter,1,1,1,1,1.0
xpdf,pdftops,21,45,21_level1_paperh_792,45_level3_paperw_612,1,1,1,1,1.0
xpdf,pdftops,21,46,21_level1_paperh_792,46_level3_paperh_792,1,1,1,1,1.0
xpdf,pdftops,21,47,21_level1_paperh_792,47_level3gray_f_1,1,1,1,1,1.0
xpdf,pdftops,21,48,21_level1_paperh_792,48_level3gray_l_3,1,1,1,1,1.0
xpdf,pdftops,21,49,21_level1_paperh_792,49_level3gray_paper_letter,1,1,1,1,1.0
xpdf,pdftops,21,50,21_level1_paperh_792,50_level3gray_paperw_612,1,1,1,1,1.0
xpdf,pdftops,21,51,21_level1_paperh_792,51_level3gray_paperh_792,1,1,1,1,1.0
xpdf,pdftops,21,52,21_level1_paperh_792,52_level3sep_f_1,1,1,1,1,1.0
xpdf,pdftops,21,53,21_level1_paperh_792,53_level3sep_l_3,1,1,1,1,1.0
xpdf,pdftops,21,54,21_level1_paperh_792,54_level3sep_paper_letter,1,1,1,1,1.0
xpdf,pdftops,21,55,21_level1_paperh_792,55_level3sep_paperw_612,1,1,1,1,1.0
xpdf,pdftops,21,56,21_level1_paperh_792,56_level3sep_paperh_792,1,1,1,1,1.0
xpdf,pdftops,21,57,21_level1_paperh_792,57_eps_f_1,1,1,1,1,1.0
xpdf,pdftops,21,58,21_level1_paperh_792,58_eps_l_3,1,1,1,1,1.0
xpdf,pdftops,21,59,21_level1_paperh_792,59_eps_paper_letter,1,1,1,1,1.0
xpdf,pdftops,21,60,21_level1_paperh_792,60_eps_paperw_612,1,1,1,1,1.0
xpdf,pdftops,21,61,21_level1_paperh_792,61_eps_paperh_792,1,1,1,1,1.0
xpdf,pdftops,21,62,21_level1_paperh_792,62_form_f_1,1,1,1,1,1.0
xpdf,pdftops,21,63,21_level1_paperh_792,63_form_l_3,1,1,1,1,1.0
xpdf,pdftops,21,64,21_level1_paperh_792,64_form_paper_letter,1,1,1,1,1.0
xpdf,pdftops,21,65,21_level1_paperh_792,65_form_paperw_612,1,1,1,1,1.0
xpdf,pdftops,21,66,21_level1_paperh_792,66_form_paperh_792,1,1,1,1,1.0
xpdf,pdftops,22,23,22_level1sep_f_1,23_level1sep_l_3,1,1,1,1,1.0
xpdf,pdftops,22,24,22_level1sep_f_1,24_level1sep_paper_letter,1,1,1,1,1.0
xpdf,pdftops,22,25,22_level1sep_f_1,25_level1sep_paperw_612,1,1,1,1,1.0
xpdf,pdftops,22,26,22_level1sep_f_1,26_level1sep_paperh_792,1,1,1,1,1.0
xpdf,pdftops,22,27,22_level1sep_f_1,27_level2_f_1,1,1,1,1,1.0
xpdf,pdftops,22,28,22_level1sep_f_1,28_level2_l_3,1,1,1,1,1.0
xpdf,pdftops,22,29,22_level1sep_f_1,29_level2_paper_letter,1,1,1,1,1.0
xpdf,pdftops,22,30,22_level1sep_f_1,30_level2_paperw_612,1,1,1,1,1.0
xpdf,pdftops,22,31,22_level1sep_f_1,31_level2_paperh_792,1,1,1,1,1.0
xpdf,pdftops,22,32,22_level1sep_f_1,32_level2gray_f_1,1,1,1,1,1.0
xpdf,pdftops,22,33,22_level1sep_f_1,33_level2gray_l_3,1,1,1,1,1.0
xpdf,pdftops,22,34,22_level1sep_f_1,34_level2gray_paper_letter,1,1,1,1,1.0
xpdf,pdftops,22,35,22_level1sep_f_1,35_level2gray_paperw_612,1,1,1,1,1.0
xpdf,pdftops,22,36,22_level1sep_f_1,36_level2gray_paperh_792,1,1,1,1,1.0
xpdf,pdftops,22,37,22_level1sep_f_1,37_level2sep_f_1,1,1,1,1,1.0
xpdf,pdftops,22,38,22_level1sep_f_1,38_level2sep_l_3,1,1,1,1,1.0
xpdf,pdftops,22,39,22_level1sep_f_1,39_level2sep_paper_letter,1,1,1,1,1.0
xpdf,pdftops,22,40,22_level1sep_f_1,40_level2sep_paperw_612,1,1,1,1,1.0
xpdf,pdftops,22,41,22_level1sep_f_1,41_level2sep_paperh_792,1,1,1,1,1.0
xpdf,pdftops,22,42,22_level1sep_f_1,42_level3_f_1,1,1,1,1,1.0
xpdf,pdftops,22,43,22_level1sep_f_1,43_level3_l_3,1,1,1,1,1.0
xpdf,pdftops,22,44,22_level1sep_f_1,44_level3_paper_letter,1,1,1,1,1.0
xpdf,pdftops,22,45,22_level1sep_f_1,45_level3_paperw_612,1,1,1,1,1.0
xpdf,pdftops,22,46,22_level1sep_f_1,46_level3_paperh_792,1,1,1,1,1.0
xpdf,pdftops,22,47,22_level1sep_f_1,47_level3gray_f_1,1,1,1,1,1.0
xpdf,pdftops,22,48,22_level1sep_f_1,48_level3gray_l_3,1,1,1,1,1.0
xpdf,pdftops,22,49,22_level1sep_f_1,49_level3gray_paper_letter,1,1,1,1,1.0
xpdf,pdftops,22,50,22_level1sep_f_1,50_level3gray_paperw_612,1,1,1,1,1.0
xpdf,pdftops,22,51,22_level1sep_f_1,51_level3gray_paperh_792,1,1,1,1,1.0
xpdf,pdftops,22,52,22_level1sep_f_1,52_level3sep_f_1,1,1,1,1,1.0
xpdf,pdftops,22,53,22_level1sep_f_1,53_level3sep_l_3,1,1,1,1,1.0
xpdf,pdftops,22,54,22_level1sep_f_1,54_level3sep_paper_letter,1,1,1,1,1.0
xpdf,pdftops,22,55,22_level1sep_f_1,55_level3sep_paperw_612,1,1,1,1,1.0
xpdf,pdftops,22,56,22_level1sep_f_1,56_level3sep_paperh_792,1,1,1,1,1.0
xpdf,pdftops,22,57,22_level1sep_f_1,57_eps_f_1,1,1,1,1,1.0
xpdf,pdftops,22,58,22_level1sep_f_1,58_eps_l_3,1,1,1,1,1.0
xpdf,pdftops,22,59,22_level1sep_f_1,59_eps_paper_letter,1,1,1,1,1.0
xpdf,pdftops,22,60,22_level1sep_f_1,60_eps_paperw_612,1,1,1,1,1.0
xpdf,pdftops,22,61,22_level1sep_f_1,61_eps_paperh_792,1,1,1,1,1.0
xpdf,pdftops,22,62,22_level1sep_f_1,62_form_f_1,1,1,1,1,1.0
xpdf,pdftops,22,63,22_level1sep_f_1,63_form_l_3,1,1,1,1,1.0
xpdf,pdftops,22,64,22_level1sep_f_1,64_form_paper_letter,1,1,1,1,1.0
xpdf,pdftops,22,65,22_level1sep_f_1,65_form_paperw_612,1,1,1,1,1.0
xpdf,pdftops,22,66,22_level1sep_f_1,66_form_paperh_792,1,1,1,1,1.0
xpdf,pdftops,23,24,23_level1sep_l_3,24_level1sep_paper_letter,1,1,1,1,1.0
xpdf,pdftops,23,25,23_level1sep_l_3,25_level1sep_paperw_612,1,1,1,1,1.0
xpdf,pdftops,23,26,23_level1sep_l_3,26_level1sep_paperh_792,1,1,1,1,1.0
xpdf,pdftops,23,27,23_level1sep_l_3,27_level2_f_1,1,1,1,1,1.0
xpdf,pdftops,23,28,23_level1sep_l_3,28_level2_l_3,1,1,1,1,1.0
xpdf,pdftops,23,29,23_level1sep_l_3,29_level2_paper_letter,1,1,1,1,1.0
xpdf,pdftops,23,30,23_level1sep_l_3,30_level2_paperw_612,1,1,1,1,1.0
xpdf,pdftops,23,31,23_level1sep_l_3,31_level2_paperh_792,1,1,1,1,1.0
xpdf,pdftops,23,32,23_level1sep_l_3,32_level2gray_f_1,1,1,1,1,1.0
xpdf,pdftops,23,33,23_level1sep_l_3,33_level2gray_l_3,1,1,1,1,1.0
xpdf,pdftops,23,34,23_level1sep_l_3,34_level2gray_paper_letter,1,1,1,1,1.0
xpdf,pdftops,23,35,23_level1sep_l_3,35_level2gray_paperw_612,1,1,1,1,1.0
xpdf,pdftops,23,36,23_level1sep_l_3,36_level2gray_paperh_792,1,1,1,1,1.0
xpdf,pdftops,23,37,23_level1sep_l_3,37_level2sep_f_1,1,1,1,1,1.0
xpdf,pdftops,23,38,23_level1sep_l_3,38_level2sep_l_3,1,1,1,1,1.0
xpdf,pdftops,23,39,23_level1sep_l_3,39_level2sep_paper_letter,1,1,1,1,1.0
xpdf,pdftops,23,40,23_level1sep_l_3,40_level2sep_paperw_612,1,1,1,1,1.0
xpdf,pdftops,23,41,23_level1sep_l_3,41_level2sep_paperh_792,1,1,1,1,1.0
xpdf,pdftops,23,42,23_level1sep_l_3,42_level3_f_1,1,1,1,1,1.0
xpdf,pdftops,23,43,23_level1sep_l_3,43_level3_l_3,1,1,1,1,1.0
xpdf,pdftops,23,44,23_level1sep_l_3,44_level3_paper_letter,1,1,1,1,1.0
xpdf,pdftops,23,45,23_level1sep_l_3,45_level3_paperw_612,1,1,1,1,1.0
xpdf,pdftops,23,46,23_level1sep_l_3,46_level3_paperh_792,1,1,1,1,1.0
xpdf,pdftops,23,47,23_level1sep_l_3,47_level3gray_f_1,1,1,1,1,1.0
xpdf,pdftops,23,48,23_level1sep_l_3,48_level3gray_l_3,1,1,1,1,1.0
xpdf,pdftops,23,49,23_level1sep_l_3,49_level3gray_paper_letter,1,1,1,1,1.0
xpdf,pdftops,23,50,23_level1sep_l_3,50_level3gray_paperw_612,1,1,1,1,1.0
xpdf,pdftops,23,51,23_level1sep_l_3,51_level3gray_paperh_792,1,1,1,1,1.0
xpdf,pdftops,23,52,23_level1sep_l_3,52_level3sep_f_1,1,1,1,1,1.0
xpdf,pdftops,23,53,23_level1sep_l_3,53_level3sep_l_3,1,1,1,1,1.0
xpdf,pdftops,23,54,23_level1sep_l_3,54_level3sep_paper_letter,1,1,1,1,1.0
xpdf,pdftops,23,55,23_level1sep_l_3,55_level3sep_paperw_612,1,1,1,1,1.0
xpdf,pdftops,23,56,23_level1sep_l_3,56_level3sep_paperh_792,1,1,1,1,1.0
xpdf,pdftops,23,57,23_level1sep_l_3,57_eps_f_1,1,1,1,1,1.0
xpdf,pdftops,23,58,23_level1sep_l_3,58_eps_l_3,1,1,1,1,1.0
xpdf,pdftops,23,59,23_level1sep_l_3,59_eps_paper_letter,1,1,1,1,1.0
xpdf,pdftops,23,60,23_level1sep_l_3,60_eps_paperw_612,1,1,1,1,1.0
xpdf,pdftops,23,61,23_level1sep_l_3,61_eps_paperh_792,1,1,1,1,1.0
xpdf,pdftops,23,62,23_level1sep_l_3,62_form_f_1,1,1,1,1,1.0
xpdf,pdftops,23,63,23_level1sep_l_3,63_form_l_3,1,1,1,1,1.0
xpdf,pdftops,23,64,23_level1sep_l_3,64_form_paper_letter,1,1,1,1,1.0
xpdf,pdftops,23,65,23_level1sep_l_3,65_form_paperw_612,1,1,1,1,1.0
xpdf,pdftops,23,66,23_level1sep_l_3,66_form_paperh_792,1,1,1,1,1.0
xpdf,pdftops,24,25,24_level1sep_paper_letter,25_level1sep_paperw_612,1,1,1,1,1.0
xpdf,pdftops,24,26,24_level1sep_paper_letter,26_level1sep_paperh_792,1,1,1,1,1.0
xpdf,pdftops,24,27,24_level1sep_paper_letter,27_level2_f_1,1,1,1,1,1.0
xpdf,pdftops,24,28,24_level1sep_paper_letter,28_level2_l_3,1,1,1,1,1.0
xpdf,pdftops,24,29,24_level1sep_paper_letter,29_level2_paper_letter,1,1,1,1,1.0
xpdf,pdftops,24,30,24_level1sep_paper_letter,30_level2_paperw_612,1,1,1,1,1.0
xpdf,pdftops,24,31,24_level1sep_paper_letter,31_level2_paperh_792,1,1,1,1,1.0
xpdf,pdftops,24,32,24_level1sep_paper_letter,32_level2gray_f_1,1,1,1,1,1.0
xpdf,pdftops,24,33,24_level1sep_paper_letter,33_level2gray_l_3,1,1,1,1,1.0
xpdf,pdftops,24,34,24_level1sep_paper_letter,34_level2gray_paper_letter,1,1,1,1,1.0
xpdf,pdftops,24,35,24_level1sep_paper_letter,35_level2gray_paperw_612,1,1,1,1,1.0
xpdf,pdftops,24,36,24_level1sep_paper_letter,36_level2gray_paperh_792,1,1,1,1,1.0
xpdf,pdftops,24,37,24_level1sep_paper_letter,37_level2sep_f_1,1,1,1,1,1.0
xpdf,pdftops,24,38,24_level1sep_paper_letter,38_level2sep_l_3,1,1,1,1,1.0
xpdf,pdftops,24,39,24_level1sep_paper_letter,39_level2sep_paper_letter,1,1,1,1,1.0
xpdf,pdftops,24,40,24_level1sep_paper_letter,40_level2sep_paperw_612,1,1,1,1,1.0
xpdf,pdftops,24,41,24_level1sep_paper_letter,41_level2sep_paperh_792,1,1,1,1,1.0
xpdf,pdftops,24,42,24_level1sep_paper_letter,42_level3_f_1,1,1,1,1,1.0
xpdf,pdftops,24,43,24_level1sep_paper_letter,43_level3_l_3,1,1,1,1,1.0
xpdf,pdftops,24,44,24_level1sep_paper_letter,44_level3_paper_letter,1,1,1,1,1.0
xpdf,pdftops,24,45,24_level1sep_paper_letter,45_level3_paperw_612,1,1,1,1,1.0
xpdf,pdftops,24,46,24_level1sep_paper_letter,46_level3_paperh_792,1,1,1,1,1.0
xpdf,pdftops,24,47,24_level1sep_paper_letter,47_level3gray_f_1,1,1,1,1,1.0
xpdf,pdftops,24,48,24_level1sep_paper_letter,48_level3gray_l_3,1,1,1,1,1.0
xpdf,pdftops,24,49,24_level1sep_paper_letter,49_level3gray_paper_letter,1,1,1,1,1.0
xpdf,pdftops,24,50,24_level1sep_paper_letter,50_level3gray_paperw_612,1,1,1,1,1.0
xpdf,pdftops,24,51,24_level1sep_paper_letter,51_level3gray_paperh_792,1,1,1,1,1.0
xpdf,pdftops,24,52,24_level1sep_paper_letter,52_level3sep_f_1,1,1,1,1,1.0
xpdf,pdftops,24,53,24_level1sep_paper_letter,53_level3sep_l_3,1,1,1,1,1.0
xpdf,pdftops,24,54,24_level1sep_paper_letter,54_level3sep_paper_letter,1,1,1,1,1.0
xpdf,pdftops,24,55,24_level1sep_paper_letter,55_level3sep_paperw_612,1,1,1,1,1.0
xpdf,pdftops,24,56,24_level1sep_paper_letter,56_level3sep_paperh_792,1,1,1,1,1.0
xpdf,pdftops,24,57,24_level1sep_paper_letter,57_eps_f_1,1,1,1,1,1.0
xpdf,pdftops,24,58,24_level1sep_paper_letter,58_eps_l_3,1,1,1,1,1.0
xpdf,pdftops,24,59,24_level1sep_paper_letter,59_eps_paper_letter,1,1,1,1,1.0
xpdf,pdftops,24,60,24_level1sep_paper_letter,60_eps_paperw_612,1,1,1,1,1.0
xpdf,pdftops,24,61,24_level1sep_paper_letter,61_eps_paperh_792,1,1,1,1,1.0
xpdf,pdftops,24,62,24_level1sep_paper_letter,62_form_f_1,1,1,1,1,1.0
xpdf,pdftops,24,63,24_level1sep_paper_letter,63_form_l_3,1,1,1,1,1.0
xpdf,pdftops,24,64,24_level1sep_paper_letter,64_form_paper_letter,1,1,1,1,1.0
xpdf,pdftops,24,65,24_level1sep_paper_letter,65_form_paperw_612,1,1,1,1,1.0
xpdf,pdftops,24,66,24_level1sep_paper_letter,66_form_paperh_792,1,1,1,1,1.0
xpdf,pdftops,25,26,25_level1sep_paperw_612,26_level1sep_paperh_792,1,1,1,1,1.0
xpdf,pdftops,25,27,25_level1sep_paperw_612,27_level2_f_1,1,1,1,1,1.0
xpdf,pdftops,25,28,25_level1sep_paperw_612,28_level2_l_3,1,1,1,1,1.0
xpdf,pdftops,25,29,25_level1sep_paperw_612,29_level2_paper_letter,1,1,1,1,1.0
xpdf,pdftops,25,30,25_level1sep_paperw_612,30_level2_paperw_612,1,1,1,1,1.0
xpdf,pdftops,25,31,25_level1sep_paperw_612,31_level2_paperh_792,1,1,1,1,1.0
xpdf,pdftops,25,32,25_level1sep_paperw_612,32_level2gray_f_1,1,1,1,1,1.0
xpdf,pdftops,25,33,25_level1sep_paperw_612,33_level2gray_l_3,1,1,1,1,1.0
xpdf,pdftops,25,34,25_level1sep_paperw_612,34_level2gray_paper_letter,1,1,1,1,1.0
xpdf,pdftops,25,35,25_level1sep_paperw_612,35_level2gray_paperw_612,1,1,1,1,1.0
xpdf,pdftops,25,36,25_level1sep_paperw_612,36_level2gray_paperh_792,1,1,1,1,1.0
xpdf,pdftops,25,37,25_level1sep_paperw_612,37_level2sep_f_1,1,1,1,1,1.0
xpdf,pdftops,25,38,25_level1sep_paperw_612,38_level2sep_l_3,1,1,1,1,1.0
xpdf,pdftops,25,39,25_level1sep_paperw_612,39_level2sep_paper_letter,1,1,1,1,1.0
xpdf,pdftops,25,40,25_level1sep_paperw_612,40_level2sep_paperw_612,1,1,1,1,1.0
xpdf,pdftops,25,41,25_level1sep_paperw_612,41_level2sep_paperh_792,1,1,1,1,1.0
xpdf,pdftops,25,42,25_level1sep_paperw_612,42_level3_f_1,1,1,1,1,1.0
xpdf,pdftops,25,43,25_level1sep_paperw_612,43_level3_l_3,1,1,1,1,1.0
xpdf,pdftops,25,44,25_level1sep_paperw_612,44_level3_paper_letter,1,1,1,1,1.0
xpdf,pdftops,25,45,25_level1sep_paperw_612,45_level3_paperw_612,1,1,1,1,1.0
xpdf,pdftops,25,46,25_level1sep_paperw_612,46_level3_paperh_792,1,1,1,1,1.0
xpdf,pdftops,25,47,25_level1sep_paperw_612,47_level3gray_f_1,1,1,1,1,1.0
xpdf,pdftops,25,48,25_level1sep_paperw_612,48_level3gray_l_3,1,1,1,1,1.0
xpdf,pdftops,25,49,25_level1sep_paperw_612,49_level3gray_paper_letter,1,1,1,1,1.0
xpdf,pdftops,25,50,25_level1sep_paperw_612,50_level3gray_paperw_612,1,1,1,1,1.0
xpdf,pdftops,25,51,25_level1sep_paperw_612,51_level3gray_paperh_792,1,1,1,1,1.0
xpdf,pdftops,25,52,25_level1sep_paperw_612,52_level3sep_f_1,1,1,1,1,1.0
xpdf,pdftops,25,53,25_level1sep_paperw_612,53_level3sep_l_3,1,1,1,1,1.0
xpdf,pdftops,25,54,25_level1sep_paperw_612,54_level3sep_paper_letter,1,1,1,1,1.0
xpdf,pdftops,25,55,25_level1sep_paperw_612,55_level3sep_paperw_612,1,1,1,1,1.0
xpdf,pdftops,25,56,25_level1sep_paperw_612,56_level3sep_paperh_792,1,1,1,1,1.0
xpdf,pdftops,25,57,25_level1sep_paperw_612,57_eps_f_1,1,1,1,1,1.0
xpdf,pdftops,25,58,25_level1sep_paperw_612,58_eps_l_3,1,1,1,1,1.0
xpdf,pdftops,25,59,25_level1sep_paperw_612,59_eps_paper_letter,1,1,1,1,1.0
xpdf,pdftops,25,60,25_level1sep_paperw_612,60_eps_paperw_612,1,1,1,1,1.0
xpdf,pdftops,25,61,25_level1sep_paperw_612,61_eps_paperh_792,1,1,1,1,1.0
xpdf,pdftops,25,62,25_level1sep_paperw_612,62_form_f_1,1,1,1,1,1.0
xpdf,pdftops,25,63,25_level1sep_paperw_612,63_form_l_3,1,1,1,1,1.0
xpdf,pdftops,25,64,25_level1sep_paperw_612,64_form_paper_letter,1,1,1,1,1.0
xpdf,pdftops,25,65,25_level1sep_paperw_612,65_form_paperw_612,1,1,1,1,1.0
xpdf,pdftops,25,66,25_level1sep_paperw_612,66_form_paperh_792,1,1,1,1,1.0
xpdf,pdftops,26,27,26_level1sep_paperh_792,27_level2_f_1,1,1,1,1,1.0
xpdf,pdftops,26,28,26_level1sep_paperh_792,28_level2_l_3,1,1,1,1,1.0
xpdf,pdftops,26,29,26_level1sep_paperh_792,29_level2_paper_letter,1,1,1,1,1.0
xpdf,pdftops,26,30,26_level1sep_paperh_792,30_level2_paperw_612,1,1,1,1,1.0
xpdf,pdftops,26,31,26_level1sep_paperh_792,31_level2_paperh_792,1,1,1,1,1.0
xpdf,pdftops,26,32,26_level1sep_paperh_792,32_level2gray_f_1,1,1,1,1,1.0
xpdf,pdftops,26,33,26_level1sep_paperh_792,33_level2gray_l_3,1,1,1,1,1.0
xpdf,pdftops,26,34,26_level1sep_paperh_792,34_level2gray_paper_letter,1,1,1,1,1.0
xpdf,pdftops,26,35,26_level1sep_paperh_792,35_level2gray_paperw_612,1,1,1,1,1.0
xpdf,pdftops,26,36,26_level1sep_paperh_792,36_level2gray_paperh_792,1,1,1,1,1.0
xpdf,pdftops,26,37,26_level1sep_paperh_792,37_level2sep_f_1,1,1,1,1,1.0
xpdf,pdftops,26,38,26_level1sep_paperh_792,38_level2sep_l_3,1,1,1,1,1.0
xpdf,pdftops,26,39,26_level1sep_paperh_792,39_level2sep_paper_letter,1,1,1,1,1.0
xpdf,pdftops,26,40,26_level1sep_paperh_792,40_level2sep_paperw_612,1,1,1,1,1.0
xpdf,pdftops,26,41,26_level1sep_paperh_792,41_level2sep_paperh_792,1,1,1,1,1.0
xpdf,pdftops,26,42,26_level1sep_paperh_792,42_level3_f_1,1,1,1,1,1.0
xpdf,pdftops,26,43,26_level1sep_paperh_792,43_level3_l_3,1,1,1,1,1.0
xpdf,pdftops,26,44,26_level1sep_paperh_792,44_level3_paper_letter,1,1,1,1,1.0
xpdf,pdftops,26,45,26_level1sep_paperh_792,45_level3_paperw_612,1,1,1,1,1.0
xpdf,pdftops,26,46,26_level1sep_paperh_792,46_level3_paperh_792,1,1,1,1,1.0
xpdf,pdftops,26,47,26_level1sep_paperh_792,47_level3gray_f_1,1,1,1,1,1.0
xpdf,pdftops,26,48,26_level1sep_paperh_792,48_level3gray_l_3,1,1,1,1,1.0
xpdf,pdftops,26,49,26_level1sep_paperh_792,49_level3gray_paper_letter,1,1,1,1,1.0
xpdf,pdftops,26,50,26_level1sep_paperh_792,50_level3gray_paperw_612,1,1,1,1,1.0
xpdf,pdftops,26,51,26_level1sep_paperh_792,51_level3gray_paperh_792,1,1,1,1,1.0
xpdf,pdftops,26,52,26_level1sep_paperh_792,52_level3sep_f_1,1,1,1,1,1.0
xpdf,pdftops,26,53,26_level1sep_paperh_792,53_level3sep_l_3,1,1,1,1,1.0
xpdf,pdftops,26,54,26_level1sep_paperh_792,54_level3sep_paper_letter,1,1,1,1,1.0
xpdf,pdftops,26,55,26_level1sep_paperh_792,55_level3sep_paperw_612,1,1,1,1,1.0
xpdf,pdftops,26,56,26_level1sep_paperh_792,56_level3sep_paperh_792,1,1,1,1,1.0
xpdf,pdftops,26,57,26_level1sep_paperh_792,57_eps_f_1,1,1,1,1,1.0
xpdf,pdftops,26,58,26_level1sep_paperh_792,58_eps_l_3,1,1,1,1,1.0
xpdf,pdftops,26,59,26_level1sep_paperh_792,59_eps_paper_letter,1,1,1,1,1.0
xpdf,pdftops,26,60,26_level1sep_paperh_792,60_eps_paperw_612,1,1,1,1,1.0
xpdf,pdftops,26,61,26_level1sep_paperh_792,61_eps_paperh_792,1,1,1,1,1.0
xpdf,pdftops,26,62,26_level1sep_paperh_792,62_form_f_1,1,1,1,1,1.0
xpdf,pdftops,26,63,26_level1sep_paperh_792,63_form_l_3,1,1,1,1,1.0
xpdf,pdftops,26,64,26_level1sep_paperh_792,64_form_paper_letter,1,1,1,1,1.0
xpdf,pdftops,26,65,26_level1sep_paperh_792,65_form_paperw_612,1,1,1,1,1.0
xpdf,pdftops,26,66,26_level1sep_paperh_792,66_form_paperh_792,1,1,1,1,1.0
xpdf,pdftops,27,28,27_level2_f_1,28_level2_l_3,1,1,1,1,1.0
xpdf,pdftops,27,29,27_level2_f_1,29_level2_paper_letter,1,1,1,1,1.0
xpdf,pdftops,27,30,27_level2_f_1,30_level2_paperw_612,1,1,1,1,1.0
xpdf,pdftops,27,31,27_level2_f_1,31_level2_paperh_792,1,1,1,1,1.0
xpdf,pdftops,27,32,27_level2_f_1,32_level2gray_f_1,1,1,1,1,1.0
xpdf,pdftops,27,33,27_level2_f_1,33_level2gray_l_3,1,1,1,1,1.0
xpdf,pdftops,27,34,27_level2_f_1,34_level2gray_paper_letter,1,1,1,1,1.0
xpdf,pdftops,27,35,27_level2_f_1,35_level2gray_paperw_612,1,1,1,1,1.0
xpdf,pdftops,27,36,27_level2_f_1,36_level2gray_paperh_792,1,1,1,1,1.0
xpdf,pdftops,27,37,27_level2_f_1,37_level2sep_f_1,1,1,1,1,1.0
xpdf,pdftops,27,38,27_level2_f_1,38_level2sep_l_3,1,1,1,1,1.0
xpdf,pdftops,27,39,27_level2_f_1,39_level2sep_paper_letter,1,1,1,1,1.0
xpdf,pdftops,27,40,27_level2_f_1,40_level2sep_paperw_612,1,1,1,1,1.0
xpdf,pdftops,27,41,27_level2_f_1,41_level2sep_paperh_792,1,1,1,1,1.0
xpdf,pdftops,27,42,27_level2_f_1,42_level3_f_1,1,1,1,1,1.0
xpdf,pdftops,27,43,27_level2_f_1,43_level3_l_3,1,1,1,1,1.0
xpdf,pdftops,27,44,27_level2_f_1,44_level3_paper_letter,1,1,1,1,1.0
xpdf,pdftops,27,45,27_level2_f_1,45_level3_paperw_612,1,1,1,1,1.0
xpdf,pdftops,27,46,27_level2_f_1,46_level3_paperh_792,1,1,1,1,1.0
xpdf,pdftops,27,47,27_level2_f_1,47_level3gray_f_1,1,1,1,1,1.0
xpdf,pdftops,27,48,27_level2_f_1,48_level3gray_l_3,1,1,1,1,1.0
xpdf,pdftops,27,49,27_level2_f_1,49_level3gray_paper_letter,1,1,1,1,1.0
xpdf,pdftops,27,50,27_level2_f_1,50_level3gray_paperw_612,1,1,1,1,1.0
xpdf,pdftops,27,51,27_level2_f_1,51_level3gray_paperh_792,1,1,1,1,1.0
xpdf,pdftops,27,52,27_level2_f_1,52_level3sep_f_1,1,1,1,1,1.0
xpdf,pdftops,27,53,27_level2_f_1,53_level3sep_l_3,1,1,1,1,1.0
xpdf,pdftops,27,54,27_level2_f_1,54_level3sep_paper_letter,1,1,1,1,1.0
xpdf,pdftops,27,55,27_level2_f_1,55_level3sep_paperw_612,1,1,1,1,1.0
xpdf,pdftops,27,56,27_level2_f_1,56_level3sep_paperh_792,1,1,1,1,1.0
xpdf,pdftops,27,57,27_level2_f_1,57_eps_f_1,1,1,1,1,1.0
xpdf,pdftops,27,58,27_level2_f_1,58_eps_l_3,1,1,1,1,1.0
xpdf,pdftops,27,59,27_level2_f_1,59_eps_paper_letter,1,1,1,1,1.0
xpdf,pdftops,27,60,27_level2_f_1,60_eps_paperw_612,1,1,1,1,1.0
xpdf,pdftops,27,61,27_level2_f_1,61_eps_paperh_792,1,1,1,1,1.0
xpdf,pdftops,27,62,27_level2_f_1,62_form_f_1,1,1,1,1,1.0
xpdf,pdftops,27,63,27_level2_f_1,63_form_l_3,1,1,1,1,1.0
xpdf,pdftops,27,64,27_level2_f_1,64_form_paper_letter,1,1,1,1,1.0
xpdf,pdftops,27,65,27_level2_f_1,65_form_paperw_612,1,1,1,1,1.0
xpdf,pdftops,27,66,27_level2_f_1,66_form_paperh_792,1,1,1,1,1.0
xpdf,pdftops,28,29,28_level2_l_3,29_level2_paper_letter,1,1,1,1,1.0
xpdf,pdftops,28,30,28_level2_l_3,30_level2_paperw_612,1,1,1,1,1.0
xpdf,pdftops,28,31,28_level2_l_3,31_level2_paperh_792,1,1,1,1,1.0
xpdf,pdftops,28,32,28_level2_l_3,32_level2gray_f_1,1,1,1,1,1.0
xpdf,pdftops,28,33,28_level2_l_3,33_level2gray_l_3,1,1,1,1,1.0
xpdf,pdftops,28,34,28_level2_l_3,34_level2gray_paper_letter,1,1,1,1,1.0
xpdf,pdftops,28,35,28_level2_l_3,35_level2gray_paperw_612,1,1,1,1,1.0
xpdf,pdftops,28,36,28_level2_l_3,36_level2gray_paperh_792,1,1,1,1,1.0
xpdf,pdftops,28,37,28_level2_l_3,37_level2sep_f_1,1,1,1,1,1.0
xpdf,pdftops,28,38,28_level2_l_3,38_level2sep_l_3,1,1,1,1,1.0
xpdf,pdftops,28,39,28_level2_l_3,39_level2sep_paper_letter,1,1,1,1,1.0
xpdf,pdftops,28,40,28_level2_l_3,40_level2sep_paperw_612,1,1,1,1,1.0
xpdf,pdftops,28,41,28_level2_l_3,41_level2sep_paperh_792,1,1,1,1,1.0
xpdf,pdftops,28,42,28_level2_l_3,42_level3_f_1,1,1,1,1,1.0
xpdf,pdftops,28,43,28_level2_l_3,43_level3_l_3,1,1,1,1,1.0
xpdf,pdftops,28,44,28_level2_l_3,44_level3_paper_letter,1,1,1,1,1.0
xpdf,pdftops,28,45,28_level2_l_3,45_level3_paperw_612,1,1,1,1,1.0
xpdf,pdftops,28,46,28_level2_l_3,46_level3_paperh_792,1,1,1,1,1.0
xpdf,pdftops,28,47,28_level2_l_3,47_level3gray_f_1,1,1,1,1,1.0
xpdf,pdftops,28,48,28_level2_l_3,48_level3gray_l_3,1,1,1,1,1.0
xpdf,pdftops,28,49,28_level2_l_3,49_level3gray_paper_letter,1,1,1,1,1.0
xpdf,pdftops,28,50,28_level2_l_3,50_level3gray_paperw_612,1,1,1,1,1.0
xpdf,pdftops,28,51,28_level2_l_3,51_level3gray_paperh_792,1,1,1,1,1.0
xpdf,pdftops,28,52,28_level2_l_3,52_level3sep_f_1,1,1,1,1,1.0
xpdf,pdftops,28,53,28_level2_l_3,53_level3sep_l_3,1,1,1,1,1.0
xpdf,pdftops,28,54,28_level2_l_3,54_level3sep_paper_letter,1,1,1,1,1.0
xpdf,pdftops,28,55,28_level2_l_3,55_level3sep_paperw_612,1,1,1,1,1.0
xpdf,pdftops,28,56,28_level2_l_3,56_level3sep_paperh_792,1,1,1,1,1.0
xpdf,pdftops,28,57,28_level2_l_3,57_eps_f_1,1,1,1,1,1.0
xpdf,pdftops,28,58,28_level2_l_3,58_eps_l_3,1,1,1,1,1.0
xpdf,pdftops,28,59,28_level2_l_3,59_eps_paper_letter,1,1,1,1,1.0
xpdf,pdftops,28,60,28_level2_l_3,60_eps_paperw_612,1,1,1,1,1.0
xpdf,pdftops,28,61,28_level2_l_3,61_eps_paperh_792,1,1,1,1,1.0
xpdf,pdftops,28,62,28_level2_l_3,62_form_f_1,1,1,1,1,1.0
xpdf,pdftops,28,63,28_level2_l_3,63_form_l_3,1,1,1,1,1.0
xpdf,pdftops,28,64,28_level2_l_3,64_form_paper_letter,1,1,1,1,1.0
xpdf,pdftops,28,65,28_level2_l_3,65_form_paperw_612,1,1,1,1,1.0
xpdf,pdftops,28,66,28_level2_l_3,66_form_paperh_792,1,1,1,1,1.0
xpdf,pdftops,29,30,29_level2_paper_letter,30_level2_paperw_612,1,1,1,1,1.0
xpdf,pdftops,29,31,29_level2_paper_letter,31_level2_paperh_792,1,1,1,1,1.0
xpdf,pdftops,29,32,29_level2_paper_letter,32_level2gray_f_1,1,1,1,1,1.0
xpdf,pdftops,29,33,29_level2_paper_letter,33_level2gray_l_3,1,1,1,1,1.0
xpdf,pdftops,29,34,29_level2_paper_letter,34_level2gray_paper_letter,1,1,1,1,1.0
xpdf,pdftops,29,35,29_level2_paper_letter,35_level2gray_paperw_612,1,1,1,1,1.0
xpdf,pdftops,29,36,29_level2_paper_letter,36_level2gray_paperh_792,1,1,1,1,1.0
xpdf,pdftops,29,37,29_level2_paper_letter,37_level2sep_f_1,1,1,1,1,1.0
xpdf,pdftops,29,38,29_level2_paper_letter,38_level2sep_l_3,1,1,1,1,1.0
xpdf,pdftops,29,39,29_level2_paper_letter,39_level2sep_paper_letter,1,1,1,1,1.0
xpdf,pdftops,29,40,29_level2_paper_letter,40_level2sep_paperw_612,1,1,1,1,1.0
xpdf,pdftops,29,41,29_level2_paper_letter,41_level2sep_paperh_792,1,1,1,1,1.0
xpdf,pdftops,29,42,29_level2_paper_letter,42_level3_f_1,1,1,1,1,1.0
xpdf,pdftops,29,43,29_level2_paper_letter,43_level3_l_3,1,1,1,1,1.0
xpdf,pdftops,29,44,29_level2_paper_letter,44_level3_paper_letter,1,1,1,1,1.0
xpdf,pdftops,29,45,29_level2_paper_letter,45_level3_paperw_612,1,1,1,1,1.0
xpdf,pdftops,29,46,29_level2_paper_letter,46_level3_paperh_792,1,1,1,1,1.0
xpdf,pdftops,29,47,29_level2_paper_letter,47_level3gray_f_1,1,1,1,1,1.0
xpdf,pdftops,29,48,29_level2_paper_letter,48_level3gray_l_3,1,1,1,1,1.0
xpdf,pdftops,29,49,29_level2_paper_letter,49_level3gray_paper_letter,1,1,1,1,1.0
xpdf,pdftops,29,50,29_level2_paper_letter,50_level3gray_paperw_612,1,1,1,1,1.0
xpdf,pdftops,29,51,29_level2_paper_letter,51_level3gray_paperh_792,1,1,1,1,1.0
xpdf,pdftops,29,52,29_level2_paper_letter,52_level3sep_f_1,1,1,1,1,1.0
xpdf,pdftops,29,53,29_level2_paper_letter,53_level3sep_l_3,1,1,1,1,1.0
xpdf,pdftops,29,54,29_level2_paper_letter,54_level3sep_paper_letter,1,1,1,1,1.0
xpdf,pdftops,29,55,29_level2_paper_letter,55_level3sep_paperw_612,1,1,1,1,1.0
xpdf,pdftops,29,56,29_level2_paper_letter,56_level3sep_paperh_792,1,1,1,1,1.0
xpdf,pdftops,29,57,29_level2_paper_letter,57_eps_f_1,1,1,1,1,1.0
xpdf,pdftops,29,58,29_level2_paper_letter,58_eps_l_3,1,1,1,1,1.0
xpdf,pdftops,29,59,29_level2_paper_letter,59_eps_paper_letter,1,1,1,1,1.0
xpdf,pdftops,29,60,29_level2_paper_letter,60_eps_paperw_612,1,1,1,1,1.0
xpdf,pdftops,29,61,29_level2_paper_letter,61_eps_paperh_792,1,1,1,1,1.0
xpdf,pdftops,29,62,29_level2_paper_letter,62_form_f_1,1,1,1,1,1.0
xpdf,pdftops,29,63,29_level2_paper_letter,63_form_l_3,1,1,1,1,1.0
xpdf,pdftops,29,64,29_level2_paper_letter,64_form_paper_letter,1,1,1,1,1.0
xpdf,pdftops,29,65,29_level2_paper_letter,65_form_paperw_612,1,1,1,1,1.0
xpdf,pdftops,29,66,29_level2_paper_letter,66_form_paperh_792,1,1,1,1,1.0
xpdf,pdftops,30,31,30_level2_paperw_612,31_level2_paperh_792,1,1,1,1,1.0
xpdf,pdftops,30,32,30_level2_paperw_612,32_level2gray_f_1,1,1,1,1,1.0
xpdf,pdftops,30,33,30_level2_paperw_612,33_level2gray_l_3,1,1,1,1,1.0
xpdf,pdftops,30,34,30_level2_paperw_612,34_level2gray_paper_letter,1,1,1,1,1.0
xpdf,pdftops,30,35,30_level2_paperw_612,35_level2gray_paperw_612,1,1,1,1,1.0
xpdf,pdftops,30,36,30_level2_paperw_612,36_level2gray_paperh_792,1,1,1,1,1.0
xpdf,pdftops,30,37,30_level2_paperw_612,37_level2sep_f_1,1,1,1,1,1.0
xpdf,pdftops,30,38,30_level2_paperw_612,38_level2sep_l_3,1,1,1,1,1.0
xpdf,pdftops,30,39,30_level2_paperw_612,39_level2sep_paper_letter,1,1,1,1,1.0
xpdf,pdftops,30,40,30_level2_paperw_612,40_level2sep_paperw_612,1,1,1,1,1.0
xpdf,pdftops,30,41,30_level2_paperw_612,41_level2sep_paperh_792,1,1,1,1,1.0
xpdf,pdftops,30,42,30_level2_paperw_612,42_level3_f_1,1,1,1,1,1.0
xpdf,pdftops,30,43,30_level2_paperw_612,43_level3_l_3,1,1,1,1,1.0
xpdf,pdftops,30,44,30_level2_paperw_612,44_level3_paper_letter,1,1,1,1,1.0
xpdf,pdftops,30,45,30_level2_paperw_612,45_level3_paperw_612,1,1,1,1,1.0
xpdf,pdftops,30,46,30_level2_paperw_612,46_level3_paperh_792,1,1,1,1,1.0
xpdf,pdftops,30,47,30_level2_paperw_612,47_level3gray_f_1,1,1,1,1,1.0
xpdf,pdftops,30,48,30_level2_paperw_612,48_level3gray_l_3,1,1,1,1,1.0
xpdf,pdftops,30,49,30_level2_paperw_612,49_level3gray_paper_letter,1,1,1,1,1.0
xpdf,pdftops,30,50,30_level2_paperw_612,50_level3gray_paperw_612,1,1,1,1,1.0
xpdf,pdftops,30,51,30_level2_paperw_612,51_level3gray_paperh_792,1,1,1,1,1.0
xpdf,pdftops,30,52,30_level2_paperw_612,52_level3sep_f_1,1,1,1,1,1.0
xpdf,pdftops,30,53,30_level2_paperw_612,53_level3sep_l_3,1,1,1,1,1.0
xpdf,pdftops,30,54,30_level2_paperw_612,54_level3sep_paper_letter,1,1,1,1,1.0
xpdf,pdftops,30,55,30_level2_paperw_612,55_level3sep_paperw_612,1,1,1,1,1.0
xpdf,pdftops,30,56,30_level2_paperw_612,56_level3sep_paperh_792,1,1,1,1,1.0
xpdf,pdftops,30,57,30_level2_paperw_612,57_eps_f_1,1,1,1,1,1.0
xpdf,pdftops,30,58,30_level2_paperw_612,58_eps_l_3,1,1,1,1,1.0
xpdf,pdftops,30,59,30_level2_paperw_612,59_eps_paper_letter,1,1,1,1,1.0
xpdf,pdftops,30,60,30_level2_paperw_612,60_eps_paperw_612,1,1,1,1,1.0
xpdf,pdftops,30,61,30_level2_paperw_612,61_eps_paperh_792,1,1,1,1,1.0
xpdf,pdftops,30,62,30_level2_paperw_612,62_form_f_1,1,1,1,1,1.0
xpdf,pdftops,30,63,30_level2_paperw_612,63_form_l_3,1,1,1,1,1.0
xpdf,pdftops,30,64,30_level2_paperw_612,64_form_paper_letter,1,1,1,1,1.0
xpdf,pdftops,30,65,30_level2_paperw_612,65_form_paperw_612,1,1,1,1,1.0
xpdf,pdftops,30,66,30_level2_paperw_612,66_form_paperh_792,1,1,1,1,1.0
xpdf,pdftops,31,32,31_level2_paperh_792,32_level2gray_f_1,1,1,1,1,1.0
xpdf,pdftops,31,33,31_level2_paperh_792,33_level2gray_l_3,1,1,1,1,1.0
xpdf,pdftops,31,34,31_level2_paperh_792,34_level2gray_paper_letter,1,1,1,1,1.0
xpdf,pdftops,31,35,31_level2_paperh_792,35_level2gray_paperw_612,1,1,1,1,1.0
xpdf,pdftops,31,36,31_level2_paperh_792,36_level2gray_paperh_792,1,1,1,1,1.0
xpdf,pdftops,31,37,31_level2_paperh_792,37_level2sep_f_1,1,1,1,1,1.0
xpdf,pdftops,31,38,31_level2_paperh_792,38_level2sep_l_3,1,1,1,1,1.0
xpdf,pdftops,31,39,31_level2_paperh_792,39_level2sep_paper_letter,1,1,1,1,1.0
xpdf,pdftops,31,40,31_level2_paperh_792,40_level2sep_paperw_612,1,1,1,1,1.0
xpdf,pdftops,31,41,31_level2_paperh_792,41_level2sep_paperh_792,1,1,1,1,1.0
xpdf,pdftops,31,42,31_level2_paperh_792,42_level3_f_1,1,1,1,1,1.0
xpdf,pdftops,31,43,31_level2_paperh_792,43_level3_l_3,1,1,1,1,1.0
xpdf,pdftops,31,44,31_level2_paperh_792,44_level3_paper_letter,1,1,1,1,1.0
xpdf,pdftops,31,45,31_level2_paperh_792,45_level3_paperw_612,1,1,1,1,1.0
xpdf,pdftops,31,46,31_level2_paperh_792,46_level3_paperh_792,1,1,1,1,1.0
xpdf,pdftops,31,47,31_level2_paperh_792,47_level3gray_f_1,1,1,1,1,1.0
xpdf,pdftops,31,48,31_level2_paperh_792,48_level3gray_l_3,1,1,1,1,1.0
xpdf,pdftops,31,49,31_level2_paperh_792,49_level3gray_paper_letter,1,1,1,1,1.0
xpdf,pdftops,31,50,31_level2_paperh_792,50_level3gray_paperw_612,1,1,1,1,1.0
xpdf,pdftops,31,51,31_level2_paperh_792,51_level3gray_paperh_792,1,1,1,1,1.0
xpdf,pdftops,31,52,31_level2_paperh_792,52_level3sep_f_1,1,1,1,1,1.0
xpdf,pdftops,31,53,31_level2_paperh_792,53_level3sep_l_3,1,1,1,1,1.0
xpdf,pdftops,31,54,31_level2_paperh_792,54_level3sep_paper_letter,1,1,1,1,1.0
xpdf,pdftops,31,55,31_level2_paperh_792,55_level3sep_paperw_612,1,1,1,1,1.0
xpdf,pdftops,31,56,31_level2_paperh_792,56_level3sep_paperh_792,1,1,1,1,1.0
xpdf,pdftops,31,57,31_level2_paperh_792,57_eps_f_1,1,1,1,1,1.0
xpdf,pdftops,31,58,31_level2_paperh_792,58_eps_l_3,1,1,1,1,1.0
xpdf,pdftops,31,59,31_level2_paperh_792,59_eps_paper_letter,1,1,1,1,1.0
xpdf,pdftops,31,60,31_level2_paperh_792,60_eps_paperw_612,1,1,1,1,1.0
xpdf,pdftops,31,61,31_level2_paperh_792,61_eps_paperh_792,1,1,1,1,1.0
xpdf,pdftops,31,62,31_level2_paperh_792,62_form_f_1,1,1,1,1,1.0
xpdf,pdftops,31,63,31_level2_paperh_792,63_form_l_3,1,1,1,1,1.0
xpdf,pdftops,31,64,31_level2_paperh_792,64_form_paper_letter,1,1,1,1,1.0
xpdf,pdftops,31,65,31_level2_paperh_792,65_form_paperw_612,1,1,1,1,1.0
xpdf,pdftops,31,66,31_level2_paperh_792,66_form_paperh_792,1,1,1,1,1.0
xpdf,pdftops,32,33,32_level2gray_f_1,33_level2gray_l_3,1,1,1,1,1.0
xpdf,pdftops,32,34,32_level2gray_f_1,34_level2gray_paper_letter,1,1,1,1,1.0
xpdf,pdftops,32,35,32_level2gray_f_1,35_level2gray_paperw_612,1,1,1,1,1.0
xpdf,pdftops,32,36,32_level2gray_f_1,36_level2gray_paperh_792,1,1,1,1,1.0
xpdf,pdftops,32,37,32_level2gray_f_1,37_level2sep_f_1,1,1,1,1,1.0
xpdf,pdftops,32,38,32_level2gray_f_1,38_level2sep_l_3,1,1,1,1,1.0
xpdf,pdftops,32,39,32_level2gray_f_1,39_level2sep_paper_letter,1,1,1,1,1.0
xpdf,pdftops,32,40,32_level2gray_f_1,40_level2sep_paperw_612,1,1,1,1,1.0
xpdf,pdftops,32,41,32_level2gray_f_1,41_level2sep_paperh_792,1,1,1,1,1.0
xpdf,pdftops,32,42,32_level2gray_f_1,42_level3_f_1,1,1,1,1,1.0
xpdf,pdftops,32,43,32_level2gray_f_1,43_level3_l_3,1,1,1,1,1.0
xpdf,pdftops,32,44,32_level2gray_f_1,44_level3_paper_letter,1,1,1,1,1.0
xpdf,pdftops,32,45,32_level2gray_f_1,45_level3_paperw_612,1,1,1,1,1.0
xpdf,pdftops,32,46,32_level2gray_f_1,46_level3_paperh_792,1,1,1,1,1.0
xpdf,pdftops,32,47,32_level2gray_f_1,47_level3gray_f_1,1,1,1,1,1.0
xpdf,pdftops,32,48,32_level2gray_f_1,48_level3gray_l_3,1,1,1,1,1.0
xpdf,pdftops,32,49,32_level2gray_f_1,49_level3gray_paper_letter,1,1,1,1,1.0
xpdf,pdftops,32,50,32_level2gray_f_1,50_level3gray_paperw_612,1,1,1,1,1.0
xpdf,pdftops,32,51,32_level2gray_f_1,51_level3gray_paperh_792,1,1,1,1,1.0
xpdf,pdftops,32,52,32_level2gray_f_1,52_level3sep_f_1,1,1,1,1,1.0
xpdf,pdftops,32,53,32_level2gray_f_1,53_level3sep_l_3,1,1,1,1,1.0
xpdf,pdftops,32,54,32_level2gray_f_1,54_level3sep_paper_letter,1,1,1,1,1.0
xpdf,pdftops,32,55,32_level2gray_f_1,55_level3sep_paperw_612,1,1,1,1,1.0
xpdf,pdftops,32,56,32_level2gray_f_1,56_level3sep_paperh_792,1,1,1,1,1.0
xpdf,pdftops,32,57,32_level2gray_f_1,57_eps_f_1,1,1,1,1,1.0
xpdf,pdftops,32,58,32_level2gray_f_1,58_eps_l_3,1,1,1,1,1.0
xpdf,pdftops,32,59,32_level2gray_f_1,59_eps_paper_letter,1,1,1,1,1.0
xpdf,pdftops,32,60,32_level2gray_f_1,60_eps_paperw_612,1,1,1,1,1.0
xpdf,pdftops,32,61,32_level2gray_f_1,61_eps_paperh_792,1,1,1,1,1.0
xpdf,pdftops,32,62,32_level2gray_f_1,62_form_f_1,1,1,1,1,1.0
xpdf,pdftops,32,63,32_level2gray_f_1,63_form_l_3,1,1,1,1,1.0
xpdf,pdftops,32,64,32_level2gray_f_1,64_form_paper_letter,1,1,1,1,1.0
xpdf,pdftops,32,65,32_level2gray_f_1,65_form_paperw_612,1,1,1,1,1.0
xpdf,pdftops,32,66,32_level2gray_f_1,66_form_paperh_792,1,1,1,1,1.0
xpdf,pdftops,33,34,33_level2gray_l_3,34_level2gray_paper_letter,1,1,1,1,1.0
xpdf,pdftops,33,35,33_level2gray_l_3,35_level2gray_paperw_612,1,1,1,1,1.0
xpdf,pdftops,33,36,33_level2gray_l_3,36_level2gray_paperh_792,1,1,1,1,1.0
xpdf,pdftops,33,37,33_level2gray_l_3,37_level2sep_f_1,1,1,1,1,1.0
xpdf,pdftops,33,38,33_level2gray_l_3,38_level2sep_l_3,1,1,1,1,1.0
xpdf,pdftops,33,39,33_level2gray_l_3,39_level2sep_paper_letter,1,1,1,1,1.0
xpdf,pdftops,33,40,33_level2gray_l_3,40_level2sep_paperw_612,1,1,1,1,1.0
xpdf,pdftops,33,41,33_level2gray_l_3,41_level2sep_paperh_792,1,1,1,1,1.0
xpdf,pdftops,33,42,33_level2gray_l_3,42_level3_f_1,1,1,1,1,1.0
xpdf,pdftops,33,43,33_level2gray_l_3,43_level3_l_3,1,1,1,1,1.0
xpdf,pdftops,33,44,33_level2gray_l_3,44_level3_paper_letter,1,1,1,1,1.0
xpdf,pdftops,33,45,33_level2gray_l_3,45_level3_paperw_612,1,1,1,1,1.0
xpdf,pdftops,33,46,33_level2gray_l_3,46_level3_paperh_792,1,1,1,1,1.0
xpdf,pdftops,33,47,33_level2gray_l_3,47_level3gray_f_1,1,1,1,1,1.0
xpdf,pdftops,33,48,33_level2gray_l_3,48_level3gray_l_3,1,1,1,1,1.0
xpdf,pdftops,33,49,33_level2gray_l_3,49_level3gray_paper_letter,1,1,1,1,1.0
xpdf,pdftops,33,50,33_level2gray_l_3,50_level3gray_paperw_612,1,1,1,1,1.0
xpdf,pdftops,33,51,33_level2gray_l_3,51_level3gray_paperh_792,1,1,1,1,1.0
xpdf,pdftops,33,52,33_level2gray_l_3,52_level3sep_f_1,1,1,1,1,1.0
xpdf,pdftops,33,53,33_level2gray_l_3,53_level3sep_l_3,1,1,1,1,1.0
xpdf,pdftops,33,54,33_level2gray_l_3,54_level3sep_paper_letter,1,1,1,1,1.0
xpdf,pdftops,33,55,33_level2gray_l_3,55_level3sep_paperw_612,1,1,1,1,1.0
xpdf,pdftops,33,56,33_level2gray_l_3,56_level3sep_paperh_792,1,1,1,1,1.0
xpdf,pdftops,33,57,33_level2gray_l_3,57_eps_f_1,1,1,1,1,1.0
xpdf,pdftops,33,58,33_level2gray_l_3,58_eps_l_3,1,1,1,1,1.0
xpdf,pdftops,33,59,33_level2gray_l_3,59_eps_paper_letter,1,1,1,1,1.0
xpdf,pdftops,33,60,33_level2gray_l_3,60_eps_paperw_612,1,1,1,1,1.0
xpdf,pdftops,33,61,33_level2gray_l_3,61_eps_paperh_792,1,1,1,1,1.0
xpdf,pdftops,33,62,33_level2gray_l_3,62_form_f_1,1,1,1,1,1.0
xpdf,pdftops,33,63,33_level2gray_l_3,63_form_l_3,1,1,1,1,1.0
xpdf,pdftops,33,64,33_level2gray_l_3,64_form_paper_letter,1,1,1,1,1.0
xpdf,pdftops,33,65,33_level2gray_l_3,65_form_paperw_612,1,1,1,1,1.0
xpdf,pdftops,33,66,33_level2gray_l_3,66_form_paperh_792,1,1,1,1,1.0
xpdf,pdftops,34,35,34_level2gray_paper_letter,35_level2gray_paperw_612,1,1,1,1,1.0
xpdf,pdftops,34,36,34_level2gray_paper_letter,36_level2gray_paperh_792,1,1,1,1,1.0
xpdf,pdftops,34,37,34_level2gray_paper_letter,37_level2sep_f_1,1,1,1,1,1.0
xpdf,pdftops,34,38,34_level2gray_paper_letter,38_level2sep_l_3,1,1,1,1,1.0
xpdf,pdftops,34,39,34_level2gray_paper_letter,39_level2sep_paper_letter,1,1,1,1,1.0
xpdf,pdftops,34,40,34_level2gray_paper_letter,40_level2sep_paperw_612,1,1,1,1,1.0
xpdf,pdftops,34,41,34_level2gray_paper_letter,41_level2sep_paperh_792,1,1,1,1,1.0
xpdf,pdftops,34,42,34_level2gray_paper_letter,42_level3_f_1,1,1,1,1,1.0
xpdf,pdftops,34,43,34_level2gray_paper_letter,43_level3_l_3,1,1,1,1,1.0
xpdf,pdftops,34,44,34_level2gray_paper_letter,44_level3_paper_letter,1,1,1,1,1.0
xpdf,pdftops,34,45,34_level2gray_paper_letter,45_level3_paperw_612,1,1,1,1,1.0
xpdf,pdftops,34,46,34_level2gray_paper_letter,46_level3_paperh_792,1,1,1,1,1.0
xpdf,pdftops,34,47,34_level2gray_paper_letter,47_level3gray_f_1,1,1,1,1,1.0
xpdf,pdftops,34,48,34_level2gray_paper_letter,48_level3gray_l_3,1,1,1,1,1.0
xpdf,pdftops,34,49,34_level2gray_paper_letter,49_level3gray_paper_letter,1,1,1,1,1.0
xpdf,pdftops,34,50,34_level2gray_paper_letter,50_level3gray_paperw_612,1,1,1,1,1.0
xpdf,pdftops,34,51,34_level2gray_paper_letter,51_level3gray_paperh_792,1,1,1,1,1.0
xpdf,pdftops,34,52,34_level2gray_paper_letter,52_level3sep_f_1,1,1,1,1,1.0
xpdf,pdftops,34,53,34_level2gray_paper_letter,53_level3sep_l_3,1,1,1,1,1.0
xpdf,pdftops,34,54,34_level2gray_paper_letter,54_level3sep_paper_letter,1,1,1,1,1.0
xpdf,pdftops,34,55,34_level2gray_paper_letter,55_level3sep_paperw_612,1,1,1,1,1.0
xpdf,pdftops,34,56,34_level2gray_paper_letter,56_level3sep_paperh_792,1,1,1,1,1.0
xpdf,pdftops,34,57,34_level2gray_paper_letter,57_eps_f_1,1,1,1,1,1.0
xpdf,pdftops,34,58,34_level2gray_paper_letter,58_eps_l_3,1,1,1,1,1.0
xpdf,pdftops,34,59,34_level2gray_paper_letter,59_eps_paper_letter,1,1,1,1,1.0
xpdf,pdftops,34,60,34_level2gray_paper_letter,60_eps_paperw_612,1,1,1,1,1.0
xpdf,pdftops,34,61,34_level2gray_paper_letter,61_eps_paperh_792,1,1,1,1,1.0
xpdf,pdftops,34,62,34_level2gray_paper_letter,62_form_f_1,1,1,1,1,1.0
xpdf,pdftops,34,63,34_level2gray_paper_letter,63_form_l_3,1,1,1,1,1.0
xpdf,pdftops,34,64,34_level2gray_paper_letter,64_form_paper_letter,1,1,1,1,1.0
xpdf,pdftops,34,65,34_level2gray_paper_letter,65_form_paperw_612,1,1,1,1,1.0
xpdf,pdftops,34,66,34_level2gray_paper_letter,66_form_paperh_792,1,1,1,1,1.0
xpdf,pdftops,35,36,35_level2gray_paperw_612,36_level2gray_paperh_792,1,1,1,1,1.0
xpdf,pdftops,35,37,35_level2gray_paperw_612,37_level2sep_f_1,1,1,1,1,1.0
xpdf,pdftops,35,38,35_level2gray_paperw_612,38_level2sep_l_3,1,1,1,1,1.0
xpdf,pdftops,35,39,35_level2gray_paperw_612,39_level2sep_paper_letter,1,1,1,1,1.0
xpdf,pdftops,35,40,35_level2gray_paperw_612,40_level2sep_paperw_612,1,1,1,1,1.0
xpdf,pdftops,35,41,35_level2gray_paperw_612,41_level2sep_paperh_792,1,1,1,1,1.0
xpdf,pdftops,35,42,35_level2gray_paperw_612,42_level3_f_1,1,1,1,1,1.0
xpdf,pdftops,35,43,35_level2gray_paperw_612,43_level3_l_3,1,1,1,1,1.0
xpdf,pdftops,35,44,35_level2gray_paperw_612,44_level3_paper_letter,1,1,1,1,1.0
xpdf,pdftops,35,45,35_level2gray_paperw_612,45_level3_paperw_612,1,1,1,1,1.0
xpdf,pdftops,35,46,35_level2gray_paperw_612,46_level3_paperh_792,1,1,1,1,1.0
xpdf,pdftops,35,47,35_level2gray_paperw_612,47_level3gray_f_1,1,1,1,1,1.0
xpdf,pdftops,35,48,35_level2gray_paperw_612,48_level3gray_l_3,1,1,1,1,1.0
xpdf,pdftops,35,49,35_level2gray_paperw_612,49_level3gray_paper_letter,1,1,1,1,1.0
xpdf,pdftops,35,50,35_level2gray_paperw_612,50_level3gray_paperw_612,1,1,1,1,1.0
xpdf,pdftops,35,51,35_level2gray_paperw_612,51_level3gray_paperh_792,1,1,1,1,1.0
xpdf,pdftops,35,52,35_level2gray_paperw_612,52_level3sep_f_1,1,1,1,1,1.0
xpdf,pdftops,35,53,35_level2gray_paperw_612,53_level3sep_l_3,1,1,1,1,1.0
xpdf,pdftops,35,54,35_level2gray_paperw_612,54_level3sep_paper_letter,1,1,1,1,1.0
xpdf,pdftops,35,55,35_level2gray_paperw_612,55_level3sep_paperw_612,1,1,1,1,1.0
xpdf,pdftops,35,56,35_level2gray_paperw_612,56_level3sep_paperh_792,1,1,1,1,1.0
xpdf,pdftops,35,57,35_level2gray_paperw_612,57_eps_f_1,1,1,1,1,1.0
xpdf,pdftops,35,58,35_level2gray_paperw_612,58_eps_l_3,1,1,1,1,1.0
xpdf,pdftops,35,59,35_level2gray_paperw_612,59_eps_paper_letter,1,1,1,1,1.0
xpdf,pdftops,35,60,35_level2gray_paperw_612,60_eps_paperw_612,1,1,1,1,1.0
xpdf,pdftops,35,61,35_level2gray_paperw_612,61_eps_paperh_792,1,1,1,1,1.0
xpdf,pdftops,35,62,35_level2gray_paperw_612,62_form_f_1,1,1,1,1,1.0
xpdf,pdftops,35,63,35_level2gray_paperw_612,63_form_l_3,1,1,1,1,1.0
xpdf,pdftops,35,64,35_level2gray_paperw_612,64_form_paper_letter,1,1,1,1,1.0
xpdf,pdftops,35,65,35_level2gray_paperw_612,65_form_paperw_612,1,1,1,1,1.0
xpdf,pdftops,35,66,35_level2gray_paperw_612,66_form_paperh_792,1,1,1,1,1.0
xpdf,pdftops,36,37,36_level2gray_paperh_792,37_level2sep_f_1,1,1,1,1,1.0
xpdf,pdftops,36,38,36_level2gray_paperh_792,38_level2sep_l_3,1,1,1,1,1.0
xpdf,pdftops,36,39,36_level2gray_paperh_792,39_level2sep_paper_letter,1,1,1,1,1.0
xpdf,pdftops,36,40,36_level2gray_paperh_792,40_level2sep_paperw_612,1,1,1,1,1.0
xpdf,pdftops,36,41,36_level2gray_paperh_792,41_level2sep_paperh_792,1,1,1,1,1.0
xpdf,pdftops,36,42,36_level2gray_paperh_792,42_level3_f_1,1,1,1,1,1.0
xpdf,pdftops,36,43,36_level2gray_paperh_792,43_level3_l_3,1,1,1,1,1.0
xpdf,pdftops,36,44,36_level2gray_paperh_792,44_level3_paper_letter,1,1,1,1,1.0
xpdf,pdftops,36,45,36_level2gray_paperh_792,45_level3_paperw_612,1,1,1,1,1.0
xpdf,pdftops,36,46,36_level2gray_paperh_792,46_level3_paperh_792,1,1,1,1,1.0
xpdf,pdftops,36,47,36_level2gray_paperh_792,47_level3gray_f_1,1,1,1,1,1.0
xpdf,pdftops,36,48,36_level2gray_paperh_792,48_level3gray_l_3,1,1,1,1,1.0
xpdf,pdftops,36,49,36_level2gray_paperh_792,49_level3gray_paper_letter,1,1,1,1,1.0
xpdf,pdftops,36,50,36_level2gray_paperh_792,50_level3gray_paperw_612,1,1,1,1,1.0
xpdf,pdftops,36,51,36_level2gray_paperh_792,51_level3gray_paperh_792,1,1,1,1,1.0
xpdf,pdftops,36,52,36_level2gray_paperh_792,52_level3sep_f_1,1,1,1,1,1.0
xpdf,pdftops,36,53,36_level2gray_paperh_792,53_level3sep_l_3,1,1,1,1,1.0
xpdf,pdftops,36,54,36_level2gray_paperh_792,54_level3sep_paper_letter,1,1,1,1,1.0
xpdf,pdftops,36,55,36_level2gray_paperh_792,55_level3sep_paperw_612,1,1,1,1,1.0
xpdf,pdftops,36,56,36_level2gray_paperh_792,56_level3sep_paperh_792,1,1,1,1,1.0
xpdf,pdftops,36,57,36_level2gray_paperh_792,57_eps_f_1,1,1,1,1,1.0
xpdf,pdftops,36,58,36_level2gray_paperh_792,58_eps_l_3,1,1,1,1,1.0
xpdf,pdftops,36,59,36_level2gray_paperh_792,59_eps_paper_letter,1,1,1,1,1.0
xpdf,pdftops,36,60,36_level2gray_paperh_792,60_eps_paperw_612,1,1,1,1,1.0
xpdf,pdftops,36,61,36_level2gray_paperh_792,61_eps_paperh_792,1,1,1,1,1.0
xpdf,pdftops,36,62,36_level2gray_paperh_792,62_form_f_1,1,1,1,1,1.0
xpdf,pdftops,36,63,36_level2gray_paperh_792,63_form_l_3,1,1,1,1,1.0
xpdf,pdftops,36,64,36_level2gray_paperh_792,64_form_paper_letter,1,1,1,1,1.0
xpdf,pdftops,36,65,36_level2gray_paperh_792,65_form_paperw_612,1,1,1,1,1.0
xpdf,pdftops,36,66,36_level2gray_paperh_792,66_form_paperh_792,1,1,1,1,1.0
xpdf,pdftops,37,38,37_level2sep_f_1,38_level2sep_l_3,1,1,1,1,1.0
xpdf,pdftops,37,39,37_level2sep_f_1,39_level2sep_paper_letter,1,1,1,1,1.0
xpdf,pdftops,37,40,37_level2sep_f_1,40_level2sep_paperw_612,1,1,1,1,1.0
xpdf,pdftops,37,41,37_level2sep_f_1,41_level2sep_paperh_792,1,1,1,1,1.0
xpdf,pdftops,37,42,37_level2sep_f_1,42_level3_f_1,1,1,1,1,1.0
xpdf,pdftops,37,43,37_level2sep_f_1,43_level3_l_3,1,1,1,1,1.0
xpdf,pdftops,37,44,37_level2sep_f_1,44_level3_paper_letter,1,1,1,1,1.0
xpdf,pdftops,37,45,37_level2sep_f_1,45_level3_paperw_612,1,1,1,1,1.0
xpdf,pdftops,37,46,37_level2sep_f_1,46_level3_paperh_792,1,1,1,1,1.0
xpdf,pdftops,37,47,37_level2sep_f_1,47_level3gray_f_1,1,1,1,1,1.0
xpdf,pdftops,37,48,37_level2sep_f_1,48_level3gray_l_3,1,1,1,1,1.0
xpdf,pdftops,37,49,37_level2sep_f_1,49_level3gray_paper_letter,1,1,1,1,1.0
xpdf,pdftops,37,50,37_level2sep_f_1,50_level3gray_paperw_612,1,1,1,1,1.0
xpdf,pdftops,37,51,37_level2sep_f_1,51_level3gray_paperh_792,1,1,1,1,1.0
xpdf,pdftops,37,52,37_level2sep_f_1,52_level3sep_f_1,1,1,1,1,1.0
xpdf,pdftops,37,53,37_level2sep_f_1,53_level3sep_l_3,1,1,1,1,1.0
xpdf,pdftops,37,54,37_level2sep_f_1,54_level3sep_paper_letter,1,1,1,1,1.0
xpdf,pdftops,37,55,37_level2sep_f_1,55_level3sep_paperw_612,1,1,1,1,1.0
xpdf,pdftops,37,56,37_level2sep_f_1,56_level3sep_paperh_792,1,1,1,1,1.0
xpdf,pdftops,37,57,37_level2sep_f_1,57_eps_f_1,1,1,1,1,1.0
xpdf,pdftops,37,58,37_level2sep_f_1,58_eps_l_3,1,1,1,1,1.0
xpdf,pdftops,37,59,37_level2sep_f_1,59_eps_paper_letter,1,1,1,1,1.0
xpdf,pdftops,37,60,37_level2sep_f_1,60_eps_paperw_612,1,1,1,1,1.0
xpdf,pdftops,37,61,37_level2sep_f_1,61_eps_paperh_792,1,1,1,1,1.0
xpdf,pdftops,37,62,37_level2sep_f_1,62_form_f_1,1,1,1,1,1.0
xpdf,pdftops,37,63,37_level2sep_f_1,63_form_l_3,1,1,1,1,1.0
xpdf,pdftops,37,64,37_level2sep_f_1,64_form_paper_letter,1,1,1,1,1.0
xpdf,pdftops,37,65,37_level2sep_f_1,65_form_paperw_612,1,1,1,1,1.0
xpdf,pdftops,37,66,37_level2sep_f_1,66_form_paperh_792,1,1,1,1,1.0
xpdf,pdftops,38,39,38_level2sep_l_3,39_level2sep_paper_letter,1,1,1,1,1.0
xpdf,pdftops,38,40,38_level2sep_l_3,40_level2sep_paperw_612,1,1,1,1,1.0
xpdf,pdftops,38,41,38_level2sep_l_3,41_level2sep_paperh_792,1,1,1,1,1.0
xpdf,pdftops,38,42,38_level2sep_l_3,42_level3_f_1,1,1,1,1,1.0
xpdf,pdftops,38,43,38_level2sep_l_3,43_level3_l_3,1,1,1,1,1.0
xpdf,pdftops,38,44,38_level2sep_l_3,44_level3_paper_letter,1,1,1,1,1.0
xpdf,pdftops,38,45,38_level2sep_l_3,45_level3_paperw_612,1,1,1,1,1.0
xpdf,pdftops,38,46,38_level2sep_l_3,46_level3_paperh_792,1,1,1,1,1.0
xpdf,pdftops,38,47,38_level2sep_l_3,47_level3gray_f_1,1,1,1,1,1.0
xpdf,pdftops,38,48,38_level2sep_l_3,48_level3gray_l_3,1,1,1,1,1.0
xpdf,pdftops,38,49,38_level2sep_l_3,49_level3gray_paper_letter,1,1,1,1,1.0
xpdf,pdftops,38,50,38_level2sep_l_3,50_level3gray_paperw_612,1,1,1,1,1.0
xpdf,pdftops,38,51,38_level2sep_l_3,51_level3gray_paperh_792,1,1,1,1,1.0
xpdf,pdftops,38,52,38_level2sep_l_3,52_level3sep_f_1,1,1,1,1,1.0
xpdf,pdftops,38,53,38_level2sep_l_3,53_level3sep_l_3,1,1,1,1,1.0
xpdf,pdftops,38,54,38_level2sep_l_3,54_level3sep_paper_letter,1,1,1,1,1.0
xpdf,pdftops,38,55,38_level2sep_l_3,55_level3sep_paperw_612,1,1,1,1,1.0
xpdf,pdftops,38,56,38_level2sep_l_3,56_level3sep_paperh_792,1,1,1,1,1.0
xpdf,pdftops,38,57,38_level2sep_l_3,57_eps_f_1,1,1,1,1,1.0
xpdf,pdftops,38,58,38_level2sep_l_3,58_eps_l_3,1,1,1,1,1.0
xpdf,pdftops,38,59,38_level2sep_l_3,59_eps_paper_letter,1,1,1,1,1.0
xpdf,pdftops,38,60,38_level2sep_l_3,60_eps_paperw_612,1,1,1,1,1.0
xpdf,pdftops,38,61,38_level2sep_l_3,61_eps_paperh_792,1,1,1,1,1.0
xpdf,pdftops,38,62,38_level2sep_l_3,62_form_f_1,1,1,1,1,1.0
xpdf,pdftops,38,63,38_level2sep_l_3,63_form_l_3,1,1,1,1,1.0
xpdf,pdftops,38,64,38_level2sep_l_3,64_form_paper_letter,1,1,1,1,1.0
xpdf,pdftops,38,65,38_level2sep_l_3,65_form_paperw_612,1,1,1,1,1.0
xpdf,pdftops,38,66,38_level2sep_l_3,66_form_paperh_792,1,1,1,1,1.0
xpdf,pdftops,39,40,39_level2sep_paper_letter,40_level2sep_paperw_612,1,1,1,1,1.0
xpdf,pdftops,39,41,39_level2sep_paper_letter,41_level2sep_paperh_792,1,1,1,1,1.0
xpdf,pdftops,39,42,39_level2sep_paper_letter,42_level3_f_1,1,1,1,1,1.0
xpdf,pdftops,39,43,39_level2sep_paper_letter,43_level3_l_3,1,1,1,1,1.0
xpdf,pdftops,39,44,39_level2sep_paper_letter,44_level3_paper_letter,1,1,1,1,1.0
xpdf,pdftops,39,45,39_level2sep_paper_letter,45_level3_paperw_612,1,1,1,1,1.0
xpdf,pdftops,39,46,39_level2sep_paper_letter,46_level3_paperh_792,1,1,1,1,1.0
xpdf,pdftops,39,47,39_level2sep_paper_letter,47_level3gray_f_1,1,1,1,1,1.0
xpdf,pdftops,39,48,39_level2sep_paper_letter,48_level3gray_l_3,1,1,1,1,1.0
xpdf,pdftops,39,49,39_level2sep_paper_letter,49_level3gray_paper_letter,1,1,1,1,1.0
xpdf,pdftops,39,50,39_level2sep_paper_letter,50_level3gray_paperw_612,1,1,1,1,1.0
xpdf,pdftops,39,51,39_level2sep_paper_letter,51_level3gray_paperh_792,1,1,1,1,1.0
xpdf,pdftops,39,52,39_level2sep_paper_letter,52_level3sep_f_1,1,1,1,1,1.0
xpdf,pdftops,39,53,39_level2sep_paper_letter,53_level3sep_l_3,1,1,1,1,1.0
xpdf,pdftops,39,54,39_level2sep_paper_letter,54_level3sep_paper_letter,1,1,1,1,1.0
xpdf,pdftops,39,55,39_level2sep_paper_letter,55_level3sep_paperw_612,1,1,1,1,1.0
xpdf,pdftops,39,56,39_level2sep_paper_letter,56_level3sep_paperh_792,1,1,1,1,1.0
xpdf,pdftops,39,57,39_level2sep_paper_letter,57_eps_f_1,1,1,1,1,1.0
xpdf,pdftops,39,58,39_level2sep_paper_letter,58_eps_l_3,1,1,1,1,1.0
xpdf,pdftops,39,59,39_level2sep_paper_letter,59_eps_paper_letter,1,1,1,1,1.0
xpdf,pdftops,39,60,39_level2sep_paper_letter,60_eps_paperw_612,1,1,1,1,1.0
xpdf,pdftops,39,61,39_level2sep_paper_letter,61_eps_paperh_792,1,1,1,1,1.0
xpdf,pdftops,39,62,39_level2sep_paper_letter,62_form_f_1,1,1,1,1,1.0
xpdf,pdftops,39,63,39_level2sep_paper_letter,63_form_l_3,1,1,1,1,1.0
xpdf,pdftops,39,64,39_level2sep_paper_letter,64_form_paper_letter,1,1,1,1,1.0
xpdf,pdftops,39,65,39_level2sep_paper_letter,65_form_paperw_612,1,1,1,1,1.0
xpdf,pdftops,39,66,39_level2sep_paper_letter,66_form_paperh_792,1,1,1,1,1.0
xpdf,pdftops,40,41,40_level2sep_paperw_612,41_level2sep_paperh_792,1,1,1,1,1.0
xpdf,pdftops,40,42,40_level2sep_paperw_612,42_level3_f_1,1,1,1,1,1.0
xpdf,pdftops,40,43,40_level2sep_paperw_612,43_level3_l_3,1,1,1,1,1.0
xpdf,pdftops,40,44,40_level2sep_paperw_612,44_level3_paper_letter,1,1,1,1,1.0
xpdf,pdftops,40,45,40_level2sep_paperw_612,45_level3_paperw_612,1,1,1,1,1.0
xpdf,pdftops,40,46,40_level2sep_paperw_612,46_level3_paperh_792,1,1,1,1,1.0
xpdf,pdftops,40,47,40_level2sep_paperw_612,47_level3gray_f_1,1,1,1,1,1.0
xpdf,pdftops,40,48,40_level2sep_paperw_612,48_level3gray_l_3,1,1,1,1,1.0
xpdf,pdftops,40,49,40_level2sep_paperw_612,49_level3gray_paper_letter,1,1,1,1,1.0
xpdf,pdftops,40,50,40_level2sep_paperw_612,50_level3gray_paperw_612,1,1,1,1,1.0
xpdf,pdftops,40,51,40_level2sep_paperw_612,51_level3gray_paperh_792,1,1,1,1,1.0
xpdf,pdftops,40,52,40_level2sep_paperw_612,52_level3sep_f_1,1,1,1,1,1.0
xpdf,pdftops,40,53,40_level2sep_paperw_612,53_level3sep_l_3,1,1,1,1,1.0
xpdf,pdftops,40,54,40_level2sep_paperw_612,54_level3sep_paper_letter,1,1,1,1,1.0
xpdf,pdftops,40,55,40_level2sep_paperw_612,55_level3sep_paperw_612,1,1,1,1,1.0
xpdf,pdftops,40,56,40_level2sep_paperw_612,56_level3sep_paperh_792,1,1,1,1,1.0
xpdf,pdftops,40,57,40_level2sep_paperw_612,57_eps_f_1,1,1,1,1,1.0
xpdf,pdftops,40,58,40_level2sep_paperw_612,58_eps_l_3,1,1,1,1,1.0
xpdf,pdftops,40,59,40_level2sep_paperw_612,59_eps_paper_letter,1,1,1,1,1.0
xpdf,pdftops,40,60,40_level2sep_paperw_612,60_eps_paperw_612,1,1,1,1,1.0
xpdf,pdftops,40,61,40_level2sep_paperw_612,61_eps_paperh_792,1,1,1,1,1.0
xpdf,pdftops,40,62,40_level2sep_paperw_612,62_form_f_1,1,1,1,1,1.0
xpdf,pdftops,40,63,40_level2sep_paperw_612,63_form_l_3,1,1,1,1,1.0
xpdf,pdftops,40,64,40_level2sep_paperw_612,64_form_paper_letter,1,1,1,1,1.0
xpdf,pdftops,40,65,40_level2sep_paperw_612,65_form_paperw_612,1,1,1,1,1.0
xpdf,pdftops,40,66,40_level2sep_paperw_612,66_form_paperh_792,1,1,1,1,1.0
xpdf,pdftops,41,42,41_level2sep_paperh_792,42_level3_f_1,1,1,1,1,1.0
xpdf,pdftops,41,43,41_level2sep_paperh_792,43_level3_l_3,1,1,1,1,1.0
xpdf,pdftops,41,44,41_level2sep_paperh_792,44_level3_paper_letter,1,1,1,1,1.0
xpdf,pdftops,41,45,41_level2sep_paperh_792,45_level3_paperw_612,1,1,1,1,1.0
xpdf,pdftops,41,46,41_level2sep_paperh_792,46_level3_paperh_792,1,1,1,1,1.0
xpdf,pdftops,41,47,41_level2sep_paperh_792,47_level3gray_f_1,1,1,1,1,1.0
xpdf,pdftops,41,48,41_level2sep_paperh_792,48_level3gray_l_3,1,1,1,1,1.0
xpdf,pdftops,41,49,41_level2sep_paperh_792,49_level3gray_paper_letter,1,1,1,1,1.0
xpdf,pdftops,41,50,41_level2sep_paperh_792,50_level3gray_paperw_612,1,1,1,1,1.0
xpdf,pdftops,41,51,41_level2sep_paperh_792,51_level3gray_paperh_792,1,1,1,1,1.0
xpdf,pdftops,41,52,41_level2sep_paperh_792,52_level3sep_f_1,1,1,1,1,1.0
xpdf,pdftops,41,53,41_level2sep_paperh_792,53_level3sep_l_3,1,1,1,1,1.0
xpdf,pdftops,41,54,41_level2sep_paperh_792,54_level3sep_paper_letter,1,1,1,1,1.0
xpdf,pdftops,41,55,41_level2sep_paperh_792,55_level3sep_paperw_612,1,1,1,1,1.0
xpdf,pdftops,41,56,41_level2sep_paperh_792,56_level3sep_paperh_792,1,1,1,1,1.0
xpdf,pdftops,41,57,41_level2sep_paperh_792,57_eps_f_1,1,1,1,1,1.0
xpdf,pdftops,41,58,41_level2sep_paperh_792,58_eps_l_3,1,1,1,1,1.0
xpdf,pdftops,41,59,41_level2sep_paperh_792,59_eps_paper_letter,1,1,1,1,1.0
xpdf,pdftops,41,60,41_level2sep_paperh_792,60_eps_paperw_612,1,1,1,1,1.0
xpdf,pdftops,41,61,41_level2sep_paperh_792,61_eps_paperh_792,1,1,1,1,1.0
xpdf,pdftops,41,62,41_level2sep_paperh_792,62_form_f_1,1,1,1,1,1.0
xpdf,pdftops,41,63,41_level2sep_paperh_792,63_form_l_3,1,1,1,1,1.0
xpdf,pdftops,41,64,41_level2sep_paperh_792,64_form_paper_letter,1,1,1,1,1.0
xpdf,pdftops,41,65,41_level2sep_paperh_792,65_form_paperw_612,1,1,1,1,1.0
xpdf,pdftops,41,66,41_level2sep_paperh_792,66_form_paperh_792,1,1,1,1,1.0
xpdf,pdftops,42,43,42_level3_f_1,43_level3_l_3,1,1,1,1,1.0
xpdf,pdftops,42,44,42_level3_f_1,44_level3_paper_letter,1,1,1,1,1.0
xpdf,pdftops,42,45,42_level3_f_1,45_level3_paperw_612,1,1,1,1,1.0
xpdf,pdftops,42,46,42_level3_f_1,46_level3_paperh_792,1,1,1,1,1.0
xpdf,pdftops,42,47,42_level3_f_1,47_level3gray_f_1,1,1,1,1,1.0
xpdf,pdftops,42,48,42_level3_f_1,48_level3gray_l_3,1,1,1,1,1.0
xpdf,pdftops,42,49,42_level3_f_1,49_level3gray_paper_letter,1,1,1,1,1.0
xpdf,pdftops,42,50,42_level3_f_1,50_level3gray_paperw_612,1,1,1,1,1.0
xpdf,pdftops,42,51,42_level3_f_1,51_level3gray_paperh_792,1,1,1,1,1.0
xpdf,pdftops,42,52,42_level3_f_1,52_level3sep_f_1,1,1,1,1,1.0
xpdf,pdftops,42,53,42_level3_f_1,53_level3sep_l_3,1,1,1,1,1.0
xpdf,pdftops,42,54,42_level3_f_1,54_level3sep_paper_letter,1,1,1,1,1.0
xpdf,pdftops,42,55,42_level3_f_1,55_level3sep_paperw_612,1,1,1,1,1.0
xpdf,pdftops,42,56,42_level3_f_1,56_level3sep_paperh_792,1,1,1,1,1.0
xpdf,pdftops,42,57,42_level3_f_1,57_eps_f_1,1,1,1,1,1.0
xpdf,pdftops,42,58,42_level3_f_1,58_eps_l_3,1,1,1,1,1.0
xpdf,pdftops,42,59,42_level3_f_1,59_eps_paper_letter,1,1,1,1,1.0
xpdf,pdftops,42,60,42_level3_f_1,60_eps_paperw_612,1,1,1,1,1.0
xpdf,pdftops,42,61,42_level3_f_1,61_eps_paperh_792,1,1,1,1,1.0
xpdf,pdftops,42,62,42_level3_f_1,62_form_f_1,1,1,1,1,1.0
xpdf,pdftops,42,63,42_level3_f_1,63_form_l_3,1,1,1,1,1.0
xpdf,pdftops,42,64,42_level3_f_1,64_form_paper_letter,1,1,1,1,1.0
xpdf,pdftops,42,65,42_level3_f_1,65_form_paperw_612,1,1,1,1,1.0
xpdf,pdftops,42,66,42_level3_f_1,66_form_paperh_792,1,1,1,1,1.0
xpdf,pdftops,43,44,43_level3_l_3,44_level3_paper_letter,1,1,1,1,1.0
xpdf,pdftops,43,45,43_level3_l_3,45_level3_paperw_612,1,1,1,1,1.0
xpdf,pdftops,43,46,43_level3_l_3,46_level3_paperh_792,1,1,1,1,1.0
xpdf,pdftops,43,47,43_level3_l_3,47_level3gray_f_1,1,1,1,1,1.0
xpdf,pdftops,43,48,43_level3_l_3,48_level3gray_l_3,1,1,1,1,1.0
xpdf,pdftops,43,49,43_level3_l_3,49_level3gray_paper_letter,1,1,1,1,1.0
xpdf,pdftops,43,50,43_level3_l_3,50_level3gray_paperw_612,1,1,1,1,1.0
xpdf,pdftops,43,51,43_level3_l_3,51_level3gray_paperh_792,1,1,1,1,1.0
xpdf,pdftops,43,52,43_level3_l_3,52_level3sep_f_1,1,1,1,1,1.0
xpdf,pdftops,43,53,43_level3_l_3,53_level3sep_l_3,1,1,1,1,1.0
xpdf,pdftops,43,54,43_level3_l_3,54_level3sep_paper_letter,1,1,1,1,1.0
xpdf,pdftops,43,55,43_level3_l_3,55_level3sep_paperw_612,1,1,1,1,1.0
xpdf,pdftops,43,56,43_level3_l_3,56_level3sep_paperh_792,1,1,1,1,1.0
xpdf,pdftops,43,57,43_level3_l_3,57_eps_f_1,1,1,1,1,1.0
xpdf,pdftops,43,58,43_level3_l_3,58_eps_l_3,1,1,1,1,1.0
xpdf,pdftops,43,59,43_level3_l_3,59_eps_paper_letter,1,1,1,1,1.0
xpdf,pdftops,43,60,43_level3_l_3,60_eps_paperw_612,1,1,1,1,1.0
xpdf,pdftops,43,61,43_level3_l_3,61_eps_paperh_792,1,1,1,1,1.0
xpdf,pdftops,43,62,43_level3_l_3,62_form_f_1,1,1,1,1,1.0
xpdf,pdftops,43,63,43_level3_l_3,63_form_l_3,1,1,1,1,1.0
xpdf,pdftops,43,64,43_level3_l_3,64_form_paper_letter,1,1,1,1,1.0
xpdf,pdftops,43,65,43_level3_l_3,65_form_paperw_612,1,1,1,1,1.0
xpdf,pdftops,43,66,43_level3_l_3,66_form_paperh_792,1,1,1,1,1.0
xpdf,pdftops,44,45,44_level3_paper_letter,45_level3_paperw_612,1,1,1,1,1.0
xpdf,pdftops,44,46,44_level3_paper_letter,46_level3_paperh_792,1,1,1,1,1.0
xpdf,pdftops,44,47,44_level3_paper_letter,47_level3gray_f_1,1,1,1,1,1.0
xpdf,pdftops,44,48,44_level3_paper_letter,48_level3gray_l_3,1,1,1,1,1.0
xpdf,pdftops,44,49,44_level3_paper_letter,49_level3gray_paper_letter,1,1,1,1,1.0
xpdf,pdftops,44,50,44_level3_paper_letter,50_level3gray_paperw_612,1,1,1,1,1.0
xpdf,pdftops,44,51,44_level3_paper_letter,51_level3gray_paperh_792,1,1,1,1,1.0
xpdf,pdftops,44,52,44_level3_paper_letter,52_level3sep_f_1,1,1,1,1,1.0
xpdf,pdftops,44,53,44_level3_paper_letter,53_level3sep_l_3,1,1,1,1,1.0
xpdf,pdftops,44,54,44_level3_paper_letter,54_level3sep_paper_letter,1,1,1,1,1.0
xpdf,pdftops,44,55,44_level3_paper_letter,55_level3sep_paperw_612,1,1,1,1,1.0
xpdf,pdftops,44,56,44_level3_paper_letter,56_level3sep_paperh_792,1,1,1,1,1.0
xpdf,pdftops,44,57,44_level3_paper_letter,57_eps_f_1,1,1,1,1,1.0
xpdf,pdftops,44,58,44_level3_paper_letter,58_eps_l_3,1,1,1,1,1.0
xpdf,pdftops,44,59,44_level3_paper_letter,59_eps_paper_letter,1,1,1,1,1.0
xpdf,pdftops,44,60,44_level3_paper_letter,60_eps_paperw_612,1,1,1,1,1.0
xpdf,pdftops,44,61,44_level3_paper_letter,61_eps_paperh_792,1,1,1,1,1.0
xpdf,pdftops,44,62,44_level3_paper_letter,62_form_f_1,1,1,1,1,1.0
xpdf,pdftops,44,63,44_level3_paper_letter,63_form_l_3,1,1,1,1,1.0
xpdf,pdftops,44,64,44_level3_paper_letter,64_form_paper_letter,1,1,1,1,1.0
xpdf,pdftops,44,65,44_level3_paper_letter,65_form_paperw_612,1,1,1,1,1.0
xpdf,pdftops,44,66,44_level3_paper_letter,66_form_paperh_792,1,1,1,1,1.0
xpdf,pdftops,45,46,45_level3_paperw_612,46_level3_paperh_792,1,1,1,1,1.0
xpdf,pdftops,45,47,45_level3_paperw_612,47_level3gray_f_1,1,1,1,1,1.0
xpdf,pdftops,45,48,45_level3_paperw_612,48_level3gray_l_3,1,1,1,1,1.0
xpdf,pdftops,45,49,45_level3_paperw_612,49_level3gray_paper_letter,1,1,1,1,1.0
xpdf,pdftops,45,50,45_level3_paperw_612,50_level3gray_paperw_612,1,1,1,1,1.0
xpdf,pdftops,45,51,45_level3_paperw_612,51_level3gray_paperh_792,1,1,1,1,1.0
xpdf,pdftops,45,52,45_level3_paperw_612,52_level3sep_f_1,1,1,1,1,1.0
xpdf,pdftops,45,53,45_level3_paperw_612,53_level3sep_l_3,1,1,1,1,1.0
xpdf,pdftops,45,54,45_level3_paperw_612,54_level3sep_paper_letter,1,1,1,1,1.0
xpdf,pdftops,45,55,45_level3_paperw_612,55_level3sep_paperw_612,1,1,1,1,1.0
xpdf,pdftops,45,56,45_level3_paperw_612,56_level3sep_paperh_792,1,1,1,1,1.0
xpdf,pdftops,45,57,45_level3_paperw_612,57_eps_f_1,1,1,1,1,1.0
xpdf,pdftops,45,58,45_level3_paperw_612,58_eps_l_3,1,1,1,1,1.0
xpdf,pdftops,45,59,45_level3_paperw_612,59_eps_paper_letter,1,1,1,1,1.0
xpdf,pdftops,45,60,45_level3_paperw_612,60_eps_paperw_612,1,1,1,1,1.0
xpdf,pdftops,45,61,45_level3_paperw_612,61_eps_paperh_792,1,1,1,1,1.0
xpdf,pdftops,45,62,45_level3_paperw_612,62_form_f_1,1,1,1,1,1.0
xpdf,pdftops,45,63,45_level3_paperw_612,63_form_l_3,1,1,1,1,1.0
xpdf,pdftops,45,64,45_level3_paperw_612,64_form_paper_letter,1,1,1,1,1.0
xpdf,pdftops,45,65,45_level3_paperw_612,65_form_paperw_612,1,1,1,1,1.0
xpdf,pdftops,45,66,45_level3_paperw_612,66_form_paperh_792,1,1,1,1,1.0
xpdf,pdftops,46,47,46_level3_paperh_792,47_level3gray_f_1,1,1,1,1,1.0
xpdf,pdftops,46,48,46_level3_paperh_792,48_level3gray_l_3,1,1,1,1,1.0
xpdf,pdftops,46,49,46_level3_paperh_792,49_level3gray_paper_letter,1,1,1,1,1.0
xpdf,pdftops,46,50,46_level3_paperh_792,50_level3gray_paperw_612,1,1,1,1,1.0
xpdf,pdftops,46,51,46_level3_paperh_792,51_level3gray_paperh_792,1,1,1,1,1.0
xpdf,pdftops,46,52,46_level3_paperh_792,52_level3sep_f_1,1,1,1,1,1.0
xpdf,pdftops,46,53,46_level3_paperh_792,53_level3sep_l_3,1,1,1,1,1.0
xpdf,pdftops,46,54,46_level3_paperh_792,54_level3sep_paper_letter,1,1,1,1,1.0
xpdf,pdftops,46,55,46_level3_paperh_792,55_level3sep_paperw_612,1,1,1,1,1.0
xpdf,pdftops,46,56,46_level3_paperh_792,56_level3sep_paperh_792,1,1,1,1,1.0
xpdf,pdftops,46,57,46_level3_paperh_792,57_eps_f_1,1,1,1,1,1.0
xpdf,pdftops,46,58,46_level3_paperh_792,58_eps_l_3,1,1,1,1,1.0
xpdf,pdftops,46,59,46_level3_paperh_792,59_eps_paper_letter,1,1,1,1,1.0
xpdf,pdftops,46,60,46_level3_paperh_792,60_eps_paperw_612,1,1,1,1,1.0
xpdf,pdftops,46,61,46_level3_paperh_792,61_eps_paperh_792,1,1,1,1,1.0
xpdf,pdftops,46,62,46_level3_paperh_792,62_form_f_1,1,1,1,1,1.0
xpdf,pdftops,46,63,46_level3_paperh_792,63_form_l_3,1,1,1,1,1.0
xpdf,pdftops,46,64,46_level3_paperh_792,64_form_paper_letter,1,1,1,1,1.0
xpdf,pdftops,46,65,46_level3_paperh_792,65_form_paperw_612,1,1,1,1,1.0
xpdf,pdftops,46,66,46_level3_paperh_792,66_form_paperh_792,1,1,1,1,1.0
xpdf,pdftops,47,48,47_level3gray_f_1,48_level3gray_l_3,1,1,1,1,1.0
xpdf,pdftops,47,49,47_level3gray_f_1,49_level3gray_paper_letter,1,1,1,1,1.0
xpdf,pdftops,47,50,47_level3gray_f_1,50_level3gray_paperw_612,1,1,1,1,1.0
xpdf,pdftops,47,51,47_level3gray_f_1,51_level3gray_paperh_792,1,1,1,1,1.0
xpdf,pdftops,47,52,47_level3gray_f_1,52_level3sep_f_1,1,1,1,1,1.0
xpdf,pdftops,47,53,47_level3gray_f_1,53_level3sep_l_3,1,1,1,1,1.0
xpdf,pdftops,47,54,47_level3gray_f_1,54_level3sep_paper_letter,1,1,1,1,1.0
xpdf,pdftops,47,55,47_level3gray_f_1,55_level3sep_paperw_612,1,1,1,1,1.0
xpdf,pdftops,47,56,47_level3gray_f_1,56_level3sep_paperh_792,1,1,1,1,1.0
xpdf,pdftops,47,57,47_level3gray_f_1,57_eps_f_1,1,1,1,1,1.0
xpdf,pdftops,47,58,47_level3gray_f_1,58_eps_l_3,1,1,1,1,1.0
xpdf,pdftops,47,59,47_level3gray_f_1,59_eps_paper_letter,1,1,1,1,1.0
xpdf,pdftops,47,60,47_level3gray_f_1,60_eps_paperw_612,1,1,1,1,1.0
xpdf,pdftops,47,61,47_level3gray_f_1,61_eps_paperh_792,1,1,1,1,1.0
xpdf,pdftops,47,62,47_level3gray_f_1,62_form_f_1,1,1,1,1,1.0
xpdf,pdftops,47,63,47_level3gray_f_1,63_form_l_3,1,1,1,1,1.0
xpdf,pdftops,47,64,47_level3gray_f_1,64_form_paper_letter,1,1,1,1,1.0
xpdf,pdftops,47,65,47_level3gray_f_1,65_form_paperw_612,1,1,1,1,1.0
xpdf,pdftops,47,66,47_level3gray_f_1,66_form_paperh_792,1,1,1,1,1.0
xpdf,pdftops,48,49,48_level3gray_l_3,49_level3gray_paper_letter,1,1,1,1,1.0
xpdf,pdftops,48,50,48_level3gray_l_3,50_level3gray_paperw_612,1,1,1,1,1.0
xpdf,pdftops,48,51,48_level3gray_l_3,51_level3gray_paperh_792,1,1,1,1,1.0
xpdf,pdftops,48,52,48_level3gray_l_3,52_level3sep_f_1,1,1,1,1,1.0
xpdf,pdftops,48,53,48_level3gray_l_3,53_level3sep_l_3,1,1,1,1,1.0
xpdf,pdftops,48,54,48_level3gray_l_3,54_level3sep_paper_letter,1,1,1,1,1.0
xpdf,pdftops,48,55,48_level3gray_l_3,55_level3sep_paperw_612,1,1,1,1,1.0
xpdf,pdftops,48,56,48_level3gray_l_3,56_level3sep_paperh_792,1,1,1,1,1.0
xpdf,pdftops,48,57,48_level3gray_l_3,57_eps_f_1,1,1,1,1,1.0
xpdf,pdftops,48,58,48_level3gray_l_3,58_eps_l_3,1,1,1,1,1.0
xpdf,pdftops,48,59,48_level3gray_l_3,59_eps_paper_letter,1,1,1,1,1.0
xpdf,pdftops,48,60,48_level3gray_l_3,60_eps_paperw_612,1,1,1,1,1.0
xpdf,pdftops,48,61,48_level3gray_l_3,61_eps_paperh_792,1,1,1,1,1.0
xpdf,pdftops,48,62,48_level3gray_l_3,62_form_f_1,1,1,1,1,1.0
xpdf,pdftops,48,63,48_level3gray_l_3,63_form_l_3,1,1,1,1,1.0
xpdf,pdftops,48,64,48_level3gray_l_3,64_form_paper_letter,1,1,1,1,1.0
xpdf,pdftops,48,65,48_level3gray_l_3,65_form_paperw_612,1,1,1,1,1.0
xpdf,pdftops,48,66,48_level3gray_l_3,66_form_paperh_792,1,1,1,1,1.0
xpdf,pdftops,49,50,49_level3gray_paper_letter,50_level3gray_paperw_612,1,1,1,1,1.0
xpdf,pdftops,49,51,49_level3gray_paper_letter,51_level3gray_paperh_792,1,1,1,1,1.0
xpdf,pdftops,49,52,49_level3gray_paper_letter,52_level3sep_f_1,1,1,1,1,1.0
xpdf,pdftops,49,53,49_level3gray_paper_letter,53_level3sep_l_3,1,1,1,1,1.0
xpdf,pdftops,49,54,49_level3gray_paper_letter,54_level3sep_paper_letter,1,1,1,1,1.0
xpdf,pdftops,49,55,49_level3gray_paper_letter,55_level3sep_paperw_612,1,1,1,1,1.0
xpdf,pdftops,49,56,49_level3gray_paper_letter,56_level3sep_paperh_792,1,1,1,1,1.0
xpdf,pdftops,49,57,49_level3gray_paper_letter,57_eps_f_1,1,1,1,1,1.0
xpdf,pdftops,49,58,49_level3gray_paper_letter,58_eps_l_3,1,1,1,1,1.0
xpdf,pdftops,49,59,49_level3gray_paper_letter,59_eps_paper_letter,1,1,1,1,1.0
xpdf,pdftops,49,60,49_level3gray_paper_letter,60_eps_paperw_612,1,1,1,1,1.0
xpdf,pdftops,49,61,49_level3gray_paper_letter,61_eps_paperh_792,1,1,1,1,1.0
xpdf,pdftops,49,62,49_level3gray_paper_letter,62_form_f_1,1,1,1,1,1.0
xpdf,pdftops,49,63,49_level3gray_paper_letter,63_form_l_3,1,1,1,1,1.0
xpdf,pdftops,49,64,49_level3gray_paper_letter,64_form_paper_letter,1,1,1,1,1.0
xpdf,pdftops,49,65,49_level3gray_paper_letter,65_form_paperw_612,1,1,1,1,1.0
xpdf,pdftops,49,66,49_level3gray_paper_letter,66_form_paperh_792,1,1,1,1,1.0
xpdf,pdftops,50,51,50_level3gray_paperw_612,51_level3gray_paperh_792,1,1,1,1,1.0
xpdf,pdftops,50,52,50_level3gray_paperw_612,52_level3sep_f_1,1,1,1,1,1.0
xpdf,pdftops,50,53,50_level3gray_paperw_612,53_level3sep_l_3,1,1,1,1,1.0
xpdf,pdftops,50,54,50_level3gray_paperw_612,54_level3sep_paper_letter,1,1,1,1,1.0
xpdf,pdftops,50,55,50_level3gray_paperw_612,55_level3sep_paperw_612,1,1,1,1,1.0
xpdf,pdftops,50,56,50_level3gray_paperw_612,56_level3sep_paperh_792,1,1,1,1,1.0
xpdf,pdftops,50,57,50_level3gray_paperw_612,57_eps_f_1,1,1,1,1,1.0
xpdf,pdftops,50,58,50_level3gray_paperw_612,58_eps_l_3,1,1,1,1,1.0
xpdf,pdftops,50,59,50_level3gray_paperw_612,59_eps_paper_letter,1,1,1,1,1.0
xpdf,pdftops,50,60,50_level3gray_paperw_612,60_eps_paperw_612,1,1,1,1,1.0
xpdf,pdftops,50,61,50_level3gray_paperw_612,61_eps_paperh_792,1,1,1,1,1.0
xpdf,pdftops,50,62,50_level3gray_paperw_612,62_form_f_1,1,1,1,1,1.0
xpdf,pdftops,50,63,50_level3gray_paperw_612,63_form_l_3,1,1,1,1,1.0
xpdf,pdftops,50,64,50_level3gray_paperw_612,64_form_paper_letter,1,1,1,1,1.0
xpdf,pdftops,50,65,50_level3gray_paperw_612,65_form_paperw_612,1,1,1,1,1.0
xpdf,pdftops,50,66,50_level3gray_paperw_612,66_form_paperh_792,1,1,1,1,1.0
xpdf,pdftops,51,52,51_level3gray_paperh_792,52_level3sep_f_1,1,1,1,1,1.0
xpdf,pdftops,51,53,51_level3gray_paperh_792,53_level3sep_l_3,1,1,1,1,1.0
xpdf,pdftops,51,54,51_level3gray_paperh_792,54_level3sep_paper_letter,1,1,1,1,1.0
xpdf,pdftops,51,55,51_level3gray_paperh_792,55_level3sep_paperw_612,1,1,1,1,1.0
xpdf,pdftops,51,56,51_level3gray_paperh_792,56_level3sep_paperh_792,1,1,1,1,1.0
xpdf,pdftops,51,57,51_level3gray_paperh_792,57_eps_f_1,1,1,1,1,1.0
xpdf,pdftops,51,58,51_level3gray_paperh_792,58_eps_l_3,1,1,1,1,1.0
xpdf,pdftops,51,59,51_level3gray_paperh_792,59_eps_paper_letter,1,1,1,1,1.0
xpdf,pdftops,51,60,51_level3gray_paperh_792,60_eps_paperw_612,1,1,1,1,1.0
xpdf,pdftops,51,61,51_level3gray_paperh_792,61_eps_paperh_792,1,1,1,1,1.0
xpdf,pdftops,51,62,51_level3gray_paperh_792,62_form_f_1,1,1,1,1,1.0
xpdf,pdftops,51,63,51_level3gray_paperh_792,63_form_l_3,1,1,1,1,1.0
xpdf,pdftops,51,64,51_level3gray_paperh_792,64_form_paper_letter,1,1,1,1,1.0
xpdf,pdftops,51,65,51_level3gray_paperh_792,65_form_paperw_612,1,1,1,1,1.0
xpdf,pdftops,51,66,51_level3gray_paperh_792,66_form_paperh_792,1,1,1,1,1.0
xpdf,pdftops,52,53,52_level3sep_f_1,53_level3sep_l_3,1,1,1,1,1.0
xpdf,pdftops,52,54,52_level3sep_f_1,54_level3sep_paper_letter,1,1,1,1,1.0
xpdf,pdftops,52,55,52_level3sep_f_1,55_level3sep_paperw_612,1,1,1,1,1.0
xpdf,pdftops,52,56,52_level3sep_f_1,56_level3sep_paperh_792,1,1,1,1,1.0
xpdf,pdftops,52,57,52_level3sep_f_1,57_eps_f_1,1,1,1,1,1.0
xpdf,pdftops,52,58,52_level3sep_f_1,58_eps_l_3,1,1,1,1,1.0
xpdf,pdftops,52,59,52_level3sep_f_1,59_eps_paper_letter,1,1,1,1,1.0
xpdf,pdftops,52,60,52_level3sep_f_1,60_eps_paperw_612,1,1,1,1,1.0
xpdf,pdftops,52,61,52_level3sep_f_1,61_eps_paperh_792,1,1,1,1,1.0
xpdf,pdftops,52,62,52_level3sep_f_1,62_form_f_1,1,1,1,1,1.0
xpdf,pdftops,52,63,52_level3sep_f_1,63_form_l_3,1,1,1,1,1.0
xpdf,pdftops,52,64,52_level3sep_f_1,64_form_paper_letter,1,1,1,1,1.0
xpdf,pdftops,52,65,52_level3sep_f_1,65_form_paperw_612,1,1,1,1,1.0
xpdf,pdftops,52,66,52_level3sep_f_1,66_form_paperh_792,1,1,1,1,1.0
xpdf,pdftops,53,54,53_level3sep_l_3,54_level3sep_paper_letter,1,1,1,1,1.0
xpdf,pdftops,53,55,53_level3sep_l_3,55_level3sep_paperw_612,1,1,1,1,1.0
xpdf,pdftops,53,56,53_level3sep_l_3,56_level3sep_paperh_792,1,1,1,1,1.0
xpdf,pdftops,53,57,53_level3sep_l_3,57_eps_f_1,1,1,1,1,1.0
xpdf,pdftops,53,58,53_level3sep_l_3,58_eps_l_3,1,1,1,1,1.0
xpdf,pdftops,53,59,53_level3sep_l_3,59_eps_paper_letter,1,1,1,1,1.0
xpdf,pdftops,53,60,53_level3sep_l_3,60_eps_paperw_612,1,1,1,1,1.0
xpdf,pdftops,53,61,53_level3sep_l_3,61_eps_paperh_792,1,1,1,1,1.0
xpdf,pdftops,53,62,53_level3sep_l_3,62_form_f_1,1,1,1,1,1.0
xpdf,pdftops,53,63,53_level3sep_l_3,63_form_l_3,1,1,1,1,1.0
xpdf,pdftops,53,64,53_level3sep_l_3,64_form_paper_letter,1,1,1,1,1.0
xpdf,pdftops,53,65,53_level3sep_l_3,65_form_paperw_612,1,1,1,1,1.0
xpdf,pdftops,53,66,53_level3sep_l_3,66_form_paperh_792,1,1,1,1,1.0
xpdf,pdftops,54,55,54_level3sep_paper_letter,55_level3sep_paperw_612,1,1,1,1,1.0
xpdf,pdftops,54,56,54_level3sep_paper_letter,56_level3sep_paperh_792,1,1,1,1,1.0
xpdf,pdftops,54,57,54_level3sep_paper_letter,57_eps_f_1,1,1,1,1,1.0
xpdf,pdftops,54,58,54_level3sep_paper_letter,58_eps_l_3,1,1,1,1,1.0
xpdf,pdftops,54,59,54_level3sep_paper_letter,59_eps_paper_letter,1,1,1,1,1.0
xpdf,pdftops,54,60,54_level3sep_paper_letter,60_eps_paperw_612,1,1,1,1,1.0
xpdf,pdftops,54,61,54_level3sep_paper_letter,61_eps_paperh_792,1,1,1,1,1.0
xpdf,pdftops,54,62,54_level3sep_paper_letter,62_form_f_1,1,1,1,1,1.0
xpdf,pdftops,54,63,54_level3sep_paper_letter,63_form_l_3,1,1,1,1,1.0
xpdf,pdftops,54,64,54_level3sep_paper_letter,64_form_paper_letter,1,1,1,1,1.0
xpdf,pdftops,54,65,54_level3sep_paper_letter,65_form_paperw_612,1,1,1,1,1.0
xpdf,pdftops,54,66,54_level3sep_paper_letter,66_form_paperh_792,1,1,1,1,1.0
xpdf,pdftops,55,56,55_level3sep_paperw_612,56_level3sep_paperh_792,1,1,1,1,1.0
xpdf,pdftops,55,57,55_level3sep_paperw_612,57_eps_f_1,1,1,1,1,1.0
xpdf,pdftops,55,58,55_level3sep_paperw_612,58_eps_l_3,1,1,1,1,1.0
xpdf,pdftops,55,59,55_level3sep_paperw_612,59_eps_paper_letter,1,1,1,1,1.0
xpdf,pdftops,55,60,55_level3sep_paperw_612,60_eps_paperw_612,1,1,1,1,1.0
xpdf,pdftops,55,61,55_level3sep_paperw_612,61_eps_paperh_792,1,1,1,1,1.0
xpdf,pdftops,55,62,55_level3sep_paperw_612,62_form_f_1,1,1,1,1,1.0
xpdf,pdftops,55,63,55_level3sep_paperw_612,63_form_l_3,1,1,1,1,1.0
xpdf,pdftops,55,64,55_level3sep_paperw_612,64_form_paper_letter,1,1,1,1,1.0
xpdf,pdftops,55,65,55_level3sep_paperw_612,65_form_paperw_612,1,1,1,1,1.0
xpdf,pdftops,55,66,55_level3sep_paperw_612,66_form_paperh_792,1,1,1,1,1.0
xpdf,pdftops,56,57,56_level3sep_paperh_792,57_eps_f_1,1,1,1,1,1.0
xpdf,pdftops,56,58,56_level3sep_paperh_792,58_eps_l_3,1,1,1,1,1.0
xpdf,pdftops,56,59,56_level3sep_paperh_792,59_eps_paper_letter,1,1,1,1,1.0
xpdf,pdftops,56,60,56_level3sep_paperh_792,60_eps_paperw_612,1,1,1,1,1.0
xpdf,pdftops,56,61,56_level3sep_paperh_792,61_eps_paperh_792,1,1,1,1,1.0
xpdf,pdftops,56,62,56_level3sep_paperh_792,62_form_f_1,1,1,1,1,1.0
xpdf,pdftops,56,63,56_level3sep_paperh_792,63_form_l_3,1,1,1,1,1.0
xpdf,pdftops,56,64,56_level3sep_paperh_792,64_form_paper_letter,1,1,1,1,1.0
xpdf,pdftops,56,65,56_level3sep_paperh_792,65_form_paperw_612,1,1,1,1,1.0
xpdf,pdftops,56,66,56_level3sep_paperh_792,66_form_paperh_792,1,1,1,1,1.0
xpdf,pdftops,57,58,57_eps_f_1,58_eps_l_3,1,1,1,1,1.0
xpdf,pdftops,57,59,57_eps_f_1,59_eps_paper_letter,1,1,1,1,1.0
xpdf,pdftops,57,60,57_eps_f_1,60_eps_paperw_612,1,1,1,1,1.0
xpdf,pdftops,57,61,57_eps_f_1,61_eps_paperh_792,1,1,1,1,1.0
xpdf,pdftops,57,62,57_eps_f_1,62_form_f_1,1,1,1,1,1.0
xpdf,pdftops,57,63,57_eps_f_1,63_form_l_3,1,1,1,1,1.0
xpdf,pdftops,57,64,57_eps_f_1,64_form_paper_letter,1,1,1,1,1.0
xpdf,pdftops,57,65,57_eps_f_1,65_form_paperw_612,1,1,1,1,1.0
xpdf,pdftops,57,66,57_eps_f_1,66_form_paperh_792,1,1,1,1,1.0
xpdf,pdftops,58,59,58_eps_l_3,59_eps_paper_letter,1,1,1,1,1.0
xpdf,pdftops,58,60,58_eps_l_3,60_eps_paperw_612,1,1,1,1,1.0
xpdf,pdftops,58,61,58_eps_l_3,61_eps_paperh_792,1,1,1,1,1.0
xpdf,pdftops,58,62,58_eps_l_3,62_form_f_1,1,1,1,1,1.0
xpdf,pdftops,58,63,58_eps_l_3,63_form_l_3,1,1,1,1,1.0
xpdf,pdftops,58,64,58_eps_l_3,64_form_paper_letter,1,1,1,1,1.0
xpdf,pdftops,58,65,58_eps_l_3,65_form_paperw_612,1,1,1,1,1.0
xpdf,pdftops,58,66,58_eps_l_3,66_form_paperh_792,1,1,1,1,1.0
xpdf,pdftops,59,60,59_eps_paper_letter,60_eps_paperw_612,1,1,1,1,1.0
xpdf,pdftops,59,61,59_eps_paper_letter,61_eps_paperh_792,1,1,1,1,1.0
xpdf,pdftops,59,62,59_eps_paper_letter,62_form_f_1,1,1,1,1,1.0
xpdf,pdftops,59,63,59_eps_paper_letter,63_form_l_3,1,1,1,1,1.0
xpdf,pdftops,59,64,59_eps_paper_letter,64_form_paper_letter,1,1,1,1,1.0
xpdf,pdftops,59,65,59_eps_paper_letter,65_form_paperw_612,1,1,1,1,1.0
xpdf,pdftops,59,66,59_eps_paper_letter,66_form_paperh_792,1,1,1,1,1.0
xpdf,pdftops,60,61,60_eps_paperw_612,61_eps_paperh_792,1,1,1,1,1.0
xpdf,pdftops,60,62,60_eps_paperw_612,62_form_f_1,1,1,1,1,1.0
xpdf,pdftops,60,63,60_eps_paperw_612,63_form_l_3,1,1,1,1,1.0
xpdf,pdftops,60,64,60_eps_paperw_612,64_form_paper_letter,1,1,1,1,1.0
xpdf,pdftops,60,65,60_eps_paperw_612,65_form_paperw_612,1,1,1,1,1.0
xpdf,pdftops,60,66,60_eps_paperw_612,66_form_paperh_792,1,1,1,1,1.0
xpdf,pdftops,61,62,61_eps_paperh_792,62_form_f_1,1,1,1,1,1.0
xpdf,pdftops,61,63,61_eps_paperh_792,63_form_l_3,1,1,1,1,1.0
xpdf,pdftops,61,64,61_eps_paperh_792,64_form_paper_letter,1,1,1,1,1.0
xpdf,pdftops,61,65,61_eps_paperh_792,65_form_paperw_612,1,1,1,1,1.0
xpdf,pdftops,61,66,61_eps_paperh_792,66_form_paperh_792,1,1,1,1,1.0
xpdf,pdftops,62,63,62_form_f_1,63_form_l_3,1,1,1,1,1.0
xpdf,pdftops,62,64,62_form_f_1,64_form_paper_letter,1,1,1,1,1.0
xpdf,pdftops,62,65,62_form_f_1,65_form_paperw_612,1,1,1,1,1.0
xpdf,pdftops,62,66,62_form_f_1,66_form_paperh_792,1,1,1,1,1.0
xpdf,pdftops,63,64,63_form_l_3,64_form_paper_letter,1,1,1,1,1.0
xpdf,pdftops,63,65,63_form_l_3,65_form_paperw_612,1,1,1,1,1.0
xpdf,pdftops,63,66,63_form_l_3,66_form_paperh_792,1,1,1,1,1.0
xpdf,pdftops,64,65,64_form_paper_letter,65_form_paperw_612,1,1,1,1,1.0
xpdf,pdftops,64,66,64_form_paper_letter,66_form_paperh_792,1,1,1,1,1.0
xpdf,pdftops,65,66,65_form_paperw_612,66_form_paperh_792,1,1,1,1,1.0
