bench,exe,driver_i,driver_j,name_i,name_j,size_i,size_j,inter,union,iou
sqlite3,sqlite3,1,2,1_noinit_batch_cmd_SELECT_1,2_noinit_batch_cmd_SELECT_name_type_FROM_sqlite_master,2,2,2,2,1.0
sqlite3,sqlite3,1,3,1_noinit_batch_cmd_SELECT_1,3_noinit_batch_cmd_PRAGMA_integrity_check,2,2,2,2,1.0
sqlite3,sqlite3,1,4,1_noinit_batch_cmd_SELECT_1,4_noinit_batch_cmd_PRAGMA_quick_check,2,2,2,2,1.0
sqlite3,sqlite3,1,5,1_noinit_batch_cmd_SELECT_1,5_noinit_batch_cmd_PRAGMA_schema_version_PRAGMA_user_version,2,2,2,2,1.0
sqlite3,sqlite3,1,6,1_noinit_batch_cmd_SELECT_1,6_noinit_batch_cmd_SELECT_count_FROM_sqlite_master,2,2,2,2,1.0
sqlite3,sqlite3,1,7,1_noinit_batch_cmd_SELECT_1,7_noinit_batch_cmd_SELECT_1_nofollow,2,2,2,2,1.0
sqlite3,sqlite3,1,8,1_noinit_batch_cmd_SELECT_1,8_noinit_batch_cmd_SELECT_1_safe,2,2,2,2,1.0
sqlite3,sqlite3,1,9,1_noinit_batch_cmd_SELECT_1,9_noinit_batch_cmd_SELECT_1_list,2,2,2,2,1.0
sqlite3,sqlite3,1,10,1_noinit_batch_cmd_SELECT_1,10_noinit_batch_cmd_SELECT_1_csv,2,2,2,2,1.0
sqlite3,sqlite3,1,11,1_noinit_batch_cmd_SELECT_1,11_noinit_batch_cmd_SELECT_1_json,2,2,2,2,1.0
sqlite3,sqlite3,1,12,1_noinit_batch_cmd_SELECT_1,12_noinit_batch_cmd_SELECT_1_mmap_0,2,2,2,2,1.0
sqlite3,sqlite3,1,13,1_noinit_batch_cmd_SELECT_1,13_noinit_batch_cmd_SELECT_1_mmap_1048576,2,2,2,2,1.0
sqlite3,sqlite3,1,14,1_noinit_batch_cmd_SELECT_1,14_noinit_batch_cmd_SELECT_name_type_FROM_sqlite_master_nofollow,2,2,2,2,1.0
sqlite3,sqlite3,1,15,1_noinit_batch_cmd_SELECT_1,15_noinit_batch_cmd_SELECT_name_type_FROM_sqlite_master_safe,2,2,2,2,1.0
sqlite3,sqlite3,1,16,1_noinit_batch_cmd_SELECT_1,16_noinit_batch_cmd_SELECT_name_type_FROM_sqlite_master_list,2,2,2,2,1.0
sqlite3,sqlite3,1,17,1_noinit_batch_cmd_SELECT_1,17_noinit_batch_cmd_SELECT_name_type_FROM_sqlite_master_csv,2,2,2,2,1.0
sqlite3,sqlite3,1,18,1_noinit_batch_cmd_SELECT_1,18_noinit_batch_cmd_SELECT_name_type_FROM_sqlite_master_json,2,2,2,2,1.0
sqlite3,sqlite3,1,19,1_noinit_batch_cmd_SELECT_1,19_noinit_batch_cmd_SELECT_name_type_FROM_sqlite_master_mmap_0,2,2,2,2,1.0
sqlite3,sqlite3,1,20,1_noinit_batch_cmd_SELECT_1,20_noinit_batch_cmd_SELECT_name_type_FROM_sqlite_master_mmap_1048576,2,2,2,2,1.0
sqlite3,sqlite3,1,21,1_noinit_batch_cmd_SELECT_1,21_noinit_batch_cmd_PRAGMA_integrity_check_nofollow,2,2,2,2,1.0
sqlite3,sqlite3,1,22,1_noinit_batch_cmd_SELECT_1,22_noinit_batch_cmd_PRAGMA_integrity_check_safe,2,2,2,2,1.0
sqlite3,sqlite3,1,23,1_noinit_batch_cmd_SELECT_1,23_noinit_batch_cmd_PRAGMA_integrity_check_list,2,2,2,2,1.0
sqlite3,sqlite3,1,24,1_noinit_batch_cmd_SELECT_1,24_noinit_batch_cmd_PRAGMA_integrity_check_csv,2,2,2,2,1.0
sqlite3,sqlite3,1,25,1_noinit_batch_cmd_SELECT_1,25_noinit_batch_cmd_PRAGMA_integrity_check_json,2,2,2,2,1.0
sqlite3,sqlite3,1,26,1_noinit_batch_cmd_SELECT_1,26_noinit_batch_cmd_PRAGMA_integrity_check_mmap_0,2,2,2,2,1.0
sqlite3,sqlite3,1,27,1_noinit_batch_cmd_SELECT_1,27_noinit_batch_cmd_PRAGMA_integrity_check_mmap_1048576,2,2,2,2,1.0
sqlite3,sqlite3,1,28,1_noinit_batch_cmd_SELECT_1,28_noinit_batch_cmd_PRAGMA_quick_check_nofollow,2,2,2,2,1.0
sqlite3,sqlite3,1,29,1_noinit_batch_cmd_SELECT_1,29_noinit_batch_cmd_PRAGMA_quick_check_safe,2,2,2,2,1.0
sqlite3,sqlite3,1,30,1_noinit_batch_cmd_SELECT_1,30_noinit_batch_cmd_PRAGMA_quick_check_list,2,2,2,2,1.0
sqlite3,sqlite3,1,31,1_noinit_batch_cmd_SELECT_1,31_noinit_batch_cmd_PRAGMA_quick_check_csv,2,2,2,2,1.0
sqlite3,sqlite3,1,32,1_noinit_batch_cmd_SELECT_1,32_noinit_batch_cmd_PRAGMA_quick_check_json,2,2,2,2,1.0
sqlite3,sqlite3,1,33,1_noinit_batch_cmd_SELECT_1,33_noinit_batch_cmd_PRAGMA_quick_check_mmap_0,2,2,2,2,1.0
sqlite3,sqlite3,1,34,1_noinit_batch_cmd_SELECT_1,34_noinit_batch_cmd_PRAGMA_quick_check_mmap_1048576,2,2,2,2,1.0
sqlite3,sqlite3,1,35,1_noinit_batch_cmd_SELECT_1,35_noinit_batch_cmd_PRAGMA_schema_version_PRAGMA_user_version_nofollow,2,2,2,2,1.0
sqlite3,sqlite3,1,36,1_noinit_batch_cmd_SELECT_1,36_noinit_batch_cmd_PRAGMA_schema_version_PRAGMA_user_version_safe,2,2,2,2,1.0
sqlite3,sqlite3,1,37,1_noinit_batch_cmd_SELECT_1,37_noinit_batch_cmd_PRAGMA_schema_version_PRAGMA_user_version_list,2,2,2,2,1.0
sqlite3,sqlite3,1,38,1_noinit_batch_cmd_SELECT_1,38_noinit_batch_cmd_PRAGMA_schema_version_PRAGMA_user_version_csv,2,2,2,2,1.0
sqlite3,sqlite3,1,39,1_noinit_batch_cmd_SELECT_1,39_noinit_batch_cmd_PRAGMA_schema_version_PRAGMA_user_version_json,2,2,2,2,1.0
sqlite3,sqlite3,1,40,1_noinit_batch_cmd_SELECT_1,40_noinit_batch_cmd_PRAGMA_schema_version_PRAGMA_user_version_mmap_0,2,2,2,2,1.0
sqlite3,sqlite3,1,41,1_noinit_batch_cmd_SELECT_1,41_noinit_batch_cmd_PRAGMA_schema_version_PRAGMA_user_version_mmap_1048576,2,2,2,2,1.0
sqlite3,sqlite3,1,42,1_noinit_batch_cmd_SELECT_1,42_noinit_batch_cmd_SELECT_count_FROM_sqlite_master_nofollow,2,2,2,2,1.0
sqlite3,sqlite3,1,43,1_noinit_batch_cmd_SELECT_1,43_noinit_batch_cmd_SELECT_count_FROM_sqlite_master_safe,2,2,2,2,1.0
sqlite3,sqlite3,1,44,1_noinit_batch_cmd_SELECT_1,44_noinit_batch_cmd_SELECT_count_FROM_sqlite_master_list,2,2,2,2,1.0
sqlite3,sqlite3,1,45,1_noinit_batch_cmd_SELECT_1,45_noinit_batch_cmd_SELECT_count_FROM_sqlite_master_csv,2,2,2,2,1.0
sqlite3,sqlite3,1,46,1_noinit_batch_cmd_SELECT_1,46_noinit_batch_cmd_SELECT_count_FROM_sqlite_master_json,2,2,2,2,1.0
sqlite3,sqlite3,1,47,1_noinit_batch_cmd_SELECT_1,47_noinit_batch_cmd_SELECT_count_FROM_sqlite_master_mmap_0,2,2,2,2,1.0
sqlite3,sqlite3,1,48,1_noinit_batch_cmd_SELECT_1,48_noinit_batch_cmd_SELECT_count_FROM_sqlite_master_mmap_1048576,2,2,2,2,1.0
sqlite3,sqlite3,2,3,2_noinit_batch_cmd_SELECT_name_type_FROM_sqlite_master,3_noinit_batch_cmd_PRAGMA_integrity_check,2,2,2,2,1.0
sqlite3,sqlite3,2,4,2_noinit_batch_cmd_SELECT_name_type_FROM_sqlite_master,4_noinit_batch_cmd_PRAGMA_quick_check,2,2,2,2,1.0
sqlite3,sqlite3,2,5,2_noinit_batch_cmd_SELECT_name_type_FROM_sqlite_master,5_noinit_batch_cmd_PRAGMA_schema_version_PRAGMA_user_version,2,2,2,2,1.0
sqlite3,sqlite3,2,6,2_noinit_batch_cmd_SELECT_name_type_FROM_sqlite_master,6_noinit_batch_cmd_SELECT_count_FROM_sqlite_master,2,2,2,2,1.0
sqlite3,sqlite3,2,7,2_noinit_batch_cmd_SELECT_name_type_FROM_sqlite_master,7_noinit_batch_cmd_SELECT_1_nofollow,2,2,2,2,1.0
sqlite3,sqlite3,2,8,2_noinit_batch_cmd_SELECT_name_type_FROM_sqlite_master,8_noinit_batch_cmd_SELECT_1_safe,2,2,2,2,1.0
sqlite3,sqlite3,2,9,2_noinit_batch_cmd_SELECT_name_type_FROM_sqlite_master,9_noinit_batch_cmd_SELECT_1_list,2,2,2,2,1.0
sqlite3,sqlite3,2,10,2_noinit_batch_cmd_SELECT_name_type_FROM_sqlite_master,10_noinit_batch_cmd_SELECT_1_csv,2,2,2,2,1.0
sqlite3,sqlite3,2,11,2_noinit_batch_cmd_SELECT_name_type_FROM_sqlite_master,11_noinit_batch_cmd_SELECT_1_json,2,2,2,2,1.0
sqlite3,sqlite3,2,12,2_noinit_batch_cmd_SELECT_name_type_FROM_sqlite_master,12_noinit_batch_cmd_SELECT_1_mmap_0,2,2,2,2,1.0
sqlite3,sqlite3,2,13,2_noinit_batch_cmd_SELECT_name_type_FROM_sqlite_master,13_noinit_batch_cmd_SELECT_1_mmap_1048576,2,2,2,2,1.0
sqlite3,sqlite3,2,14,2_noinit_batch_cmd_SELECT_name_type_FROM_sqlite_master,14_noinit_batch_cmd_SELECT_name_type_FROM_sqlite_master_nofollow,2,2,2,2,1.0
sqlite3,sqlite3,2,15,2_noinit_batch_cmd_SELECT_name_type_FROM_sqlite_master,15_noinit_batch_cmd_SELECT_name_type_FROM_sqlite_master_safe,2,2,2,2,1.0
sqlite3,sqlite3,2,16,2_noinit_batch_cmd_SELECT_name_type_FROM_sqlite_master,16_noinit_batch_cmd_SELECT_name_type_FROM_sqlite_master_list,2,2,2,2,1.0
sqlite3,sqlite3,2,17,2_noinit_batch_cmd_SELECT_name_type_FROM_sqlite_master,17_noinit_batch_cmd_SELECT_name_type_FROM_sqlite_master_csv,2,2,2,2,1.0
sqlite3,sqlite3,2,18,2_noinit_batch_cmd_SELECT_name_type_FROM_sqlite_master,18_noinit_batch_cmd_SELECT_name_type_FROM_sqlite_master_json,2,2,2,2,1.0
sqlite3,sqlite3,2,19,2_noinit_batch_cmd_SELECT_name_type_FROM_sqlite_master,19_noinit_batch_cmd_SELECT_name_type_FROM_sqlite_master_mmap_0,2,2,2,2,1.0
sqlite3,sqlite3,2,20,2_noinit_batch_cmd_SELECT_name_type_FROM_sqlite_master,20_noinit_batch_cmd_SELECT_name_type_FROM_sqlite_master_mmap_1048576,2,2,2,2,1.0
sqlite3,sqlite3,2,21,2_noinit_batch_cmd_SELECT_name_type_FROM_sqlite_master,21_noinit_batch_cmd_PRAGMA_integrity_check_nofollow,2,2,2,2,1.0
sqlite3,sqlite3,2,22,2_noinit_batch_cmd_SELECT_name_type_FROM_sqlite_master,22_noinit_batch_cmd_PRAGMA_integrity_check_safe,2,2,2,2,1.0
sqlite3,sqlite3,2,23,2_noinit_batch_cmd_SELECT_name_type_FROM_sqlite_master,23_noinit_batch_cmd_PRAGMA_integrity_check_list,2,2,2,2,1.0
sqlite3,sqlite3,2,24,2_noinit_batch_cmd_SELECT_name_type_FROM_sqlite_master,24_noinit_batch_cmd_PRAGMA_integrity_check_csv,2,2,2,2,1.0
sqlite3,sqlite3,2,25,2_noinit_batch_cmd_SELECT_name_type_FROM_sqlite_master,25_noinit_batch_cmd_PRAGMA_integrity_check_json,2,2,2,2,1.0
sqlite3,sqlite3,2,26,2_noinit_batch_cmd_SELECT_name_type_FROM_sqlite_master,26_noinit_batch_cmd_PRAGMA_integrity_check_mmap_0,2,2,2,2,1.0
sqlite3,sqlite3,2,27,2_noinit_batch_cmd_SELECT_name_type_FROM_sqlite_master,27_noinit_batch_cmd_PRAGMA_integrity_check_mmap_1048576,2,2,2,2,1.0
sqlite3,sqlite3,2,28,2_noinit_batch_cmd_SELECT_name_type_FROM_sqlite_master,28_noinit_batch_cmd_PRAGMA_quick_check_nofollow,2,2,2,2,1.0
sqlite3,sqlite3,2,29,2_noinit_batch_cmd_SELECT_name_type_FROM_sqlite_master,29_noinit_batch_cmd_PRAGMA_quick_check_safe,2,2,2,2,1.0
sqlite3,sqlite3,2,30,2_noinit_batch_cmd_SELECT_name_type_FROM_sqlite_master,30_noinit_batch_cmd_PRAGMA_quick_check_list,2,2,2,2,1.0
sqlite3,sqlite3,2,31,2_noinit_batch_cmd_SELECT_name_type_FROM_sqlite_master,31_noinit_batch_cmd_PRAGMA_quick_check_csv,2,2,2,2,1.0
sqlite3,sqlite3,2,32,2_noinit_batch_cmd_SELECT_name_type_FROM_sqlite_master,32_noinit_batch_cmd_PRAGMA_quick_check_json,2,2,2,2,1.0
sqlite3,sqlite3,2,33,2_noinit_batch_cmd_SELECT_name_type_FROM_sqlite_master,33_noinit_batch_cmd_PRAGMA_quick_check_mmap_0,2,2,2,2,1.0
sqlite3,sqlite3,2,34,2_noinit_batch_cmd_SELECT_name_type_FROM_sqlite_master,34_noinit_batch_cmd_PRAGMA_quick_check_mmap_1048576,2,2,2,2,1.0
sqlite3,sqlite3,2,35,2_noinit_batch_cmd_SELECT_name_type_FROM_sqlite_master,35_noinit_batch_cmd_PRAGMA_schema_version_PRAGMA_user_version_nofollow,2,2,2,2,1.0
sqlite3,sqlite3,2,36,2_noinit_batch_cmd_SELECT_name_type_FROM_sqlite_master,36_noinit_batch_cmd_PRAGMA_schema_version_PRAGMA_user_version_safe,2,2,2,2,1.0
sqlite3,sqlite3,2,37,2_noinit_batch_cmd_SELECT_name_type_FROM_sqlite_master,37_noinit_batch_cmd_PRAGMA_schema_version_PRAGMA_user_version_list,2,2,2,2,1.0
sqlite3,sqlite3,2,38,2_noinit_batch_cmd_SELECT_name_type_FROM_sqlite_master,38_noinit_batch_cmd_PRAGMA_schema_version_PRAGMA_user_version_csv,2,2,2,2,1.0
sqlite3,sqlite3,2,39,2_noinit_batch_cmd_SELECT_name_type_FROM_sqlite_master,39_noinit_batch_cmd_PRAGMA_schema_version_PRAGMA_user_version_json,2,2,2,2,1.0
sqlite3,sqlite3,2,40,2_noinit_batch_cmd_SELECT_name_type_FROM_sqlite_master,40_noinit_batch_cmd_PRAGMA_schema_version_PRAGMA_user_version_mmap_0,2,2,2,2,1.0
sqlite3,sqlite3,2,41,2_noinit_batch_cmd_SELECT_name_type_FROM_sqlite_master,41_noinit_batch_cmd_PRAGMA_schema_version_PRAGMA_user_version_mmap_1048576,2,2,2,2,1.0
sqlite3,sqlite3,2,42,2_noinit_batch_cmd_SELECT_name_type_FROM_sqlite_master,42_noinit_batch_cmd_SELECT_count_FROM_sqlite_master_nofollow,2,2,2,2,1.0
sqlite3,sqlite3,2,43,2_noinit_batch_cmd_SELECT_name_type_FROM_sqlite_master,43_noinit_batch_cmd_SELECT_count_FROM_sqlite_master_safe,2,2,2,2,1.0
sqlite3,sqlite3,2,44,2_noinit_batch_cmd_SELECT_name_type_FROM_sqlite_master,44_noinit_batch_cmd_SELECT_count_FROM_sqlite_master_list,2,2,2,2,1.0
sqlite3,sqlite3,2,45,2_noinit_batch_cmd_SELECT_name_type_FROM_sqlite_master,45_noinit_batch_cmd_SELECT_count_FROM_sqlite_master_csv,2,2,2,2,1.0
sqlite3,sqlite3,2,46,2_noinit_batch_cmd_SELECT_name_type_FROM_sqlite_master,46_noinit_batch_cmd_SELECT_count_FROM_sqlite_master_json,2,2,2,2,1.0
sqlite3,sqlite3,2,47,2_noinit_batch_cmd_SELECT_name_type_FROM_sqlite_master,47_noinit_batch_cmd_SELECT_count_FROM_sqlite_master_mmap_0,2,2,2,2,1.0
sqlite3,sqlite3,2,48,2_noinit_batch_cmd_SELECT_name_type_FROM_sqlite_master,48_noinit_batch_cmd_SELECT_count_FROM_sqlite_master_mmap_1048576,2,2,2,2,1.0
sqlite3,sqlite3,3,4,3_noinit_batch_cmd_PRAGMA_integrity_check,4_noinit_batch_cmd_PRAGMA_quick_check,2,2,2,2,1.0
sqlite3,sqlite3,3,5,3_noinit_batch_cmd_PRAGMA_integrity_check,5_noinit_batch_cmd_PRAGMA_schema_version_PRAGMA_user_version,2,2,2,2,1.0
sqlite3,sqlite3,3,6,3_noinit_batch_cmd_PRAGMA_integrity_check,6_noinit_batch_cmd_SELECT_count_FROM_sqlite_master,2,2,2,2,1.0
sqlite3,sqlite3,3,7,3_noinit_batch_cmd_PRAGMA_integrity_check,7_noinit_batch_cmd_SELECT_1_nofollow,2,2,2,2,1.0
sqlite3,sqlite3,3,8,3_noinit_batch_cmd_PRAGMA_integrity_check,8_noinit_batch_cmd_SELECT_1_safe,2,2,2,2,1.0
sqlite3,sqlite3,3,9,3_noinit_batch_cmd_PRAGMA_integrity_check,9_noinit_batch_cmd_SELECT_1_list,2,2,2,2,1.0
sqlite3,sqlite3,3,10,3_noinit_batch_cmd_PRAGMA_integrity_check,10_noinit_batch_cmd_SELECT_1_csv,2,2,2,2,1.0
sqlite3,sqlite3,3,11,3_noinit_batch_cmd_PRAGMA_integrity_check,11_noinit_batch_cmd_SELECT_1_json,2,2,2,2,1.0
sqlite3,sqlite3,3,12,3_noinit_batch_cmd_PRAGMA_integrity_check,12_noinit_batch_cmd_SELECT_1_mmap_0,2,2,2,2,1.0
sqlite3,sqlite3,3,13,3_noinit_batch_cmd_PRAGMA_integrity_check,13_noinit_batch_cmd_SELECT_1_mmap_1048576,2,2,2,2,1.0
sqlite3,sqlite3,3,14,3_noinit_batch_cmd_PRAGMA_integrity_check,14_noinit_batch_cmd_SELECT_name_type_FROM_sqlite_master_nofollow,2,2,2,2,1.0
sqlite3,sqlite3,3,15,3_noinit_batch_cmd_PRAGMA_integrity_check,15_noinit_batch_cmd_SELECT_name_type_FROM_sqlite_master_safe,2,2,2,2,1.0
sqlite3,sqlite3,3,16,3_noinit_batch_cmd_PRAGMA_integrity_check,16_noinit_batch_cmd_SELECT_name_type_FROM_sqlite_master_list,2,2,2,2,1.0
sqlite3,sqlite3,3,17,3_noinit_batch_cmd_PRAGMA_integrity_check,17_noinit_batch_cmd_SELECT_name_type_FROM_sqlite_master_csv,2,2,2,2,1.0
sqlite3,sqlite3,3,18,3_noinit_batch_cmd_PRAGMA_integrity_check,18_noinit_batch_cmd_SELECT_name_type_FROM_sqlite_master_json,2,2,2,2,1.0
sqlite3,sqlite3,3,19,3_noinit_batch_cmd_PRAGMA_integrity_check,19_noinit_batch_cmd_SELECT_name_type_FROM_sqlite_master_mmap_0,2,2,2,2,1.0
sqlite3,sqlite3,3,20,3_noinit_batch_cmd_PRAGMA_integrity_check,20_noinit_batch_cmd_SELECT_name_type_FROM_sqlite_master_mmap_1048576,2,2,2,2,1.0
sqlite3,sqlite3,3,21,3_noinit_batch_cmd_PRAGMA_integrity_check,21_noinit_batch_cmd_PRAGMA_integrity_check_nofollow,2,2,2,2,1.0
sqlite3,sqlite3,3,22,3_noinit_batch_cmd_PRAGMA_integrity_check,22_noinit_batch_cmd_PRAGMA_integrity_check_safe,2,2,2,2,1.0
sqlite3,sqlite3,3,23,3_noinit_batch_cmd_PRAGMA_integrity_check,23_noinit_batch_cmd_PRAGMA_integrity_check_list,2,2,2,2,1.0
sqlite3,sqlite3,3,24,3_noinit_batch_cmd_PRAGMA_integrity_check,24_noinit_batch_cmd_PRAGMA_integrity_check_csv,2,2,2,2,1.0
sqlite3,sqlite3,3,25,3_noinit_batch_cmd_PRAGMA_integrity_check,25_noinit_batch_cmd_PRAGMA_integrity_check_json,2,2,2,2,1.0
sqlite3,sqlite3,3,26,3_noinit_batch_cmd_PRAGMA_integrity_check,26_noinit_batch_cmd_PRAGMA_integrity_check_mmap_0,2,2,2,2,1.0
sqlite3,sqlite3,3,27,3_noinit_batch_cmd_PRAGMA_integrity_check,27_noinit_batch_cmd_PRAGMA_integrity_check_mmap_1048576,2,2,2,2,1.0
sqlite3,sqlite3,3,28,3_noinit_batch_cmd_PRAGMA_integrity_check,28_noinit_batch_cmd_PRAGMA_quick_check_nofollow,2,2,2,2,1.0
sqlite3,sqlite3,3,29,3_noinit_batch_cmd_PRAGMA_integrity_check,29_noinit_batch_cmd_PRAGMA_quick_check_safe,2,2,2,2,1.0
sqlite3,sqlite3,3,30,3_noinit_batch_cmd_PRAGMA_integrity_check,30_noinit_batch_cmd_PRAGMA_quick_check_list,2,2,2,2,1.0
sqlite3,sqlite3,3,31,3_noinit_batch_cmd_PRAGMA_integrity_check,31_noinit_batch_cmd_PRAGMA_quick_check_csv,2,2,2,2,1.0
sqlite3,sqlite3,3,32,3_noinit_batch_cmd_PRAGMA_integrity_check,32_noinit_batch_cmd_PRAGMA_quick_check_json,2,2,2,2,1.0
sqlite3,sqlite3,3,33,3_noinit_batch_cmd_PRAGMA_integrity_check,33_noinit_batch_cmd_PRAGMA_quick_check_mmap_0,2,2,2,2,1.0
sqlite3,sqlite3,3,34,3_noinit_batch_cmd_PRAGMA_integrity_check,34_noinit_batch_cmd_PRAGMA_quick_check_mmap_1048576,2,2,2,2,1.0
sqlite3,sqlite3,3,35,3_noinit_batch_cmd_PRAGMA_integrity_check,35_noinit_batch_cmd_PRAGMA_schema_version_PRAGMA_user_version_nofollow,2,2,2,2,1.0
sqlite3,sqlite3,3,36,3_noinit_batch_cmd_PRAGMA_integrity_check,36_noinit_batch_cmd_PRAGMA_schema_version_PRAGMA_user_version_safe,2,2,2,2,1.0
sqlite3,sqlite3,3,37,3_noinit_batch_cmd_PRAGMA_integrity_check,37_noinit_batch_cmd_PRAGMA_schema_version_PRAGMA_user_version_list,2,2,2,2,1.0
sqlite3,sqlite3,3,38,3_noinit_batch_cmd_PRAGMA_integrity_check,38_noinit_batch_cmd_PRAGMA_schema_version_PRAGMA_user_version_csv,2,2,2,2,1.0
sqlite3,sqlite3,3,39,3_noinit_batch_cmd_PRAGMA_integrity_check,39_noinit_batch_cmd_PRAGMA_schema_version_PRAGMA_user_version_json,2,2,2,2,1.0
sqlite3,sqlite3,3,40,3_noinit_batch_cmd_PRAGMA_integrity_check,40_noinit_batch_cmd_PRAGMA_schema_version_PRAGMA_user_version_mmap_0,2,2,2,2,1.0
sqlite3,sqlite3,3,41,3_noinit_batch_cmd_PRAGMA_integrity_check,41_noinit_batch_cmd_PRAGMA_schema_version_PRAGMA_user_version_mmap_1048576,2,2,2,2,1.0
sqlite3,sqlite3,3,42,3_noinit_batch_cmd_PRAGMA_integrity_check,42_noinit_batch_cmd_SELECT_count_FROM_sqlite_master_nofollow,2,2,2,2,1.0
sqlite3,sqlite3,3,43,3_noinit_batch_cmd_PRAGMA_integrity_check,43_noinit_batch_cmd_SELECT_count_FROM_sqlite_master_safe,2,2,2,2,1.0
sqlite3,sqlite3,3,44,3_noinit_batch_cmd_PRAGMA_integrity_check,44_noinit_batch_cmd_SELECT_count_FROM_sqlite_master_list,2,2,2,2,1.0
sqlite3,sqlite3,3,45,3_noinit_batch_cmd_PRAGMA_integrity_check,45_noinit_batch_cmd_SELECT_count_FROM_sqlite_master_csv,2,2,2,2,1.0
sqlite3,sqlite3,3,46,3_noinit_batch_cmd_PRAGMA_integrity_check,46_noinit_batch_cmd_SELECT_count_FROM_sqlite_master_json,2,2,2,2,1.0
sqlite3,sqlite3,3,47,3_noinit_batch_cmd_PRAGMA_integrity_check,47_noinit_batch_cmd_SELECT_count_FROM_sqlite_master_mmap_0,2,2,2,2,1.0
sqlite3,sqlite3,3,48,3_noinit_batch_cmd_PRAGMA_integrity_check,48_noinit_batch_cmd_SELECT_count_FROM_sqlite_master_mmap_1048576,2,2,2,2,1.0
sqlite3,sqlite3,4,5,4_noinit_batch_cmd_PRAGMA_quick_check,5_noinit_batch_cmd_PRAGMA_schema_version_PRAGMA_user_version,2,2,2,2,1.0
sqlite3,sqlite3,4,6,4_noinit_batch_cmd_PRAGMA_quick_check,6_noinit_batch_cmd_SELECT_count_FROM_sqlite_master,2,2,2,2,1.0
sqlite3,sqlite3,4,7,4_noinit_batch_cmd_PRAGMA_quick_check,7_noinit_batch_cmd_SELECT_1_nofollow,2,2,2,2,1.0
sqlite3,sqlite3,4,8,4_noinit_batch_cmd_PRAGMA_quick_check,8_noinit_batch_cmd_SELECT_1_safe,2,2,2,2,1.0
sqlite3,sqlite3,4,9,4_noinit_batch_cmd_PRAGMA_quick_check,9_noinit_batch_cmd_SELECT_1_list,2,2,2,2,1.0
sqlite3,sqlite3,4,10,4_noinit_batch_cmd_PRAGMA_quick_check,10_noinit_batch_cmd_SELECT_1_csv,2,2,2,2,1.0
sqlite3,sqlite3,4,11,4_noinit_batch_cmd_PRAGMA_quick_check,11_noinit_batch_cmd_SELECT_1_json,2,2,2,2,1.0
sqlite3,sqlite3,4,12,4_noinit_batch_cmd_PRAGMA_quick_check,12_noinit_batch_cmd_SELECT_1_mmap_0,2,2,2,2,1.0
sqlite3,sqlite3,4,13,4_noinit_batch_cmd_PRAGMA_quick_check,13_noinit_batch_cmd_SELECT_1_mmap_1048576,2,2,2,2,1.0
sqlite3,sqlite3,4,14,4_noinit_batch_cmd_PRAGMA_quick_check,14_noinit_batch_cmd_SELECT_name_type_FROM_sqlite_master_nofollow,2,2,2,2,1.0
sqlite3,sqlite3,4,15,4_noinit_batch_cmd_PRAGMA_quick_check,15_noinit_batch_cmd_SELECT_name_type_FROM_sqlite_master_safe,2,2,2,2,1.0
sqlite3,sqlite3,4,16,4_noinit_batch_cmd_PRAGMA_quick_check,16_noinit_batch_cmd_SELECT_name_type_FROM_sqlite_master_list,2,2,2,2,1.0
sqlite3,sqlite3,4,17,4_noinit_batch_cmd_PRAGMA_quick_check,17_noinit_batch_cmd_SELECT_name_type_FROM_sqlite_master_csv,2,2,2,2,1.0
sqlite3,sqlite3,4,18,4_noinit_batch_cmd_PRAGMA_quick_check,18_noinit_batch_cmd_SELECT_name_type_FROM_sqlite_master_json,2,2,2,2,1.0
sqlite3,sqlite3,4,19,4_noinit_batch_cmd_PRAGMA_quick_check,19_noinit_batch_cmd_SELECT_name_type_FROM_sqlite_master_mmap_0,2,2,2,2,1.0
sqlite3,sqlite3,4,20,4_noinit_batch_cmd_PRAGMA_quick_check,20_noinit_batch_cmd_SELECT_name_type_FROM_sqlite_master_mmap_1048576,2,2,2,2,1.0
sqlite3,sqlite3,4,21,4_noinit_batch_cmd_PRAGMA_quick_check,21_noinit_batch_cmd_PRAGMA_integrity_check_nofollow,2,2,2,2,1.0
sqlite3,sqlite3,4,22,4_noinit_batch_cmd_PRAGMA_quick_check,22_noinit_batch_cmd_PRAGMA_integrity_check_safe,2,2,2,2,1.0
sqlite3,sqlite3,4,23,4_noinit_batch_cmd_PRAGMA_quick_check,23_noinit_batch_cmd_PRAGMA_integrity_check_list,2,2,2,2,1.0
sqlite3,sqlite3,4,24,4_noinit_batch_cmd_PRAGMA_quick_check,24_noinit_batch_cmd_PRAGMA_integrity_check_csv,2,2,2,2,1.0
sqlite3,sqlite3,4,25,4_noinit_batch_cmd_PRAGMA_quick_check,25_noinit_batch_cmd_PRAGMA_integrity_check_json,2,2,2,2,1.0
sqlite3,sqlite3,4,26,4_noinit_batch_cmd_PRAGMA_quick_check,26_noinit_batch_cmd_PRAGMA_integrity_check_mmap_0,2,2,2,2,1.0
sqlite3,sqlite3,4,27,4_noinit_batch_cmd_PRAGMA_quick_check,27_noinit_batch_cmd_PRAGMA_integrity_check_mmap_1048576,2,2,2,2,1.0
sqlite3,sqlite3,4,28,4_noinit_batch_cmd_PRAGMA_quick_check,28_noinit_batch_cmd_PRAGMA_quick_check_nofollow,2,2,2,2,1.0
sqlite3,sqlite3,4,29,4_noinit_batch_cmd_PRAGMA_quick_check,29_noinit_batch_cmd_PRAGMA_quick_check_safe,2,2,2,2,1.0
sqlite3,sqlite3,4,30,4_noinit_batch_cmd_PRAGMA_quick_check,30_noinit_batch_cmd_PRAGMA_quick_check_list,2,2,2,2,1.0
sqlite3,sqlite3,4,31,4_noinit_batch_cmd_PRAGMA_quick_check,31_noinit_batch_cmd_PRAGMA_quick_check_csv,2,2,2,2,1.0
sqlite3,sqlite3,4,32,4_noinit_batch_cmd_PRAGMA_quick_check,32_noinit_batch_cmd_PRAGMA_quick_check_json,2,2,2,2,1.0
sqlite3,sqlite3,4,33,4_noinit_batch_cmd_PRAGMA_quick_check,33_noinit_batch_cmd_PRAGMA_quick_check_mmap_0,2,2,2,2,1.0
sqlite3,sqlite3,4,34,4_noinit_batch_cmd_PRAGMA_quick_check,34_noinit_batch_cmd_PRAGMA_quick_check_mmap_1048576,2,2,2,2,1.0
sqlite3,sqlite3,4,35,4_noinit_batch_cmd_PRAGMA_quick_check,35_noinit_batch_cmd_PRAGMA_schema_version_PRAGMA_user_version_nofollow,2,2,2,2,1.0
sqlite3,sqlite3,4,36,4_noinit_batch_cmd_PRAGMA_quick_check,36_noinit_batch_cmd_PRAGMA_schema_version_PRAGMA_user_version_safe,2,2,2,2,1.0
sqlite3,sqlite3,4,37,4_noinit_batch_cmd_PRAGMA_quick_check,37_noinit_batch_cmd_PRAGMA_schema_version_PRAGMA_user_version_list,2,2,2,2,1.0
sqlite3,sqlite3,4,38,4_noinit_batch_cmd_PRAGMA_quick_check,38_noinit_batch_cmd_PRAGMA_schema_version_PRAGMA_user_version_csv,2,2,2,2,1.0
sqlite3,sqlite3,4,39,4_noinit_batch_cmd_PRAGMA_quick_check,39_noinit_batch_cmd_PRAGMA_schema_version_PRAGMA_user_version_json,2,2,2,2,1.0
sqlite3,sqlite3,4,40,4_noinit_batch_cmd_PRAGMA_quick_check,40_noinit_batch_cmd_PRAGMA_schema_version_PRAGMA_user_version_mmap_0,2,2,2,2,1.0
sqlite3,sqlite3,4,41,4_noinit_batch_cmd_PRAGMA_quick_check,41_noinit_batch_cmd_PRAGMA_schema_version_PRAGMA_user_version_mmap_1048576,2,2,2,2,1.0
sqlite3,sqlite3,4,42,4_noinit_batch_cmd_PRAGMA_quick_check,42_noinit_batch_cmd_SELECT_count_FROM_sqlite_master_nofollow,2,2,2,2,1.0
sqlite3,sqlite3,4,43,4_noinit_batch_cmd_PRAGMA_quick_check,43_noinit_batch_cmd_SELECT_count_FROM_sqlite_master_safe,2,2,2,2,1.0
sqlite3,sqlite3,4,44,4_noinit_batch_cmd_PRAGMA_quick_check,44_noinit_batch_cmd_SELECT_count_FROM_sqlite_master_list,2,2,2,2,1.0
sqlite3,sqlite3,4,45,4_noinit_batch_cmd_PRAGMA_quick_check,45_noinit_batch_cmd_SELECT_count_FROM_sqlite_master_csv,2,2,2,2,1.0
sqlite3,sqlite3,4,46,4_noinit_batch_cmd_PRAGMA_quick_check,46_noinit_batch_cmd_SELECT_count_FROM_sqlite_master_json,2,2,2,2,1.0
sqlite3,sqlite3,4,47,4_noinit_batch_cmd_PRAGMA_quick_check,47_noinit_batch_cmd_SELECT_count_FROM_sqlite_master_mmap_0,2,2,2,2,1.0
sqlite3,sqlite3,4,48,4_noinit_batch_cmd_PRAGMA_quick_check,48_noinit_batch_cmd_SELECT_count_FROM_sqlite_master_mmap_1048576,2,2,2,2,1.0
sqlite3,sqlite3,5,6,5_noinit_batch_cmd_PRAGMA_schema_version_PRAGMA_user_version,6_noinit_batch_cmd_SELECT_count_FROM_sqlite_master,2,2,2,2,1.0
sqlite3,sqlite3,5,7,5_noinit_batch_cmd_PRAGMA_schema_version_PRAGMA_user_version,7_noinit_batch_cmd_SELECT_1_nofollow,2,2,2,2,1.0
sqlite3,sqlite3,5,8,5_noinit_batch_cmd_PRAGMA_schema_version_PRAGMA_user_version,8_noinit_batch_cmd_SELECT_1_safe,2,2,2,2,1.0
sqlite3,sqlite3,5,9,5_noinit_batch_cmd_PRAGMA_schema_version_PRAGMA_user_version,9_noinit_batch_cmd_SELECT_1_list,2,2,2,2,1.0
sqlite3,sqlite3,5,10,5_noinit_batch_cmd_PRAGMA_schema_version_PRAGMA_user_version,10_noinit_batch_cmd_SELECT_1_csv,2,2,2,2,1.0
sqlite3,sqlite3,5,11,5_noinit_batch_cmd_PRAGMA_schema_version_PRAGMA_user_version,11_noinit_batch_cmd_SELECT_1_json,2,2,2,2,1.0
sqlite3,sqlite3,5,12,5_noinit_batch_cmd_PRAGMA_schema_version_PRAGMA_user_version,12_noinit_batch_cmd_SELECT_1_mmap_0,2,2,2,2,1.0
sqlite3,sqlite3,5,13,5_noinit_batch_cmd_PRAGMA_schema_version_PRAGMA_user_version,13_noinit_batch_cmd_SELECT_1_mmap_1048576,2,2,2,2,1.0
sqlite3,sqlite3,5,14,5_noinit_batch_cmd_PRAGMA_schema_version_PRAGMA_user_version,14_noinit_batch_cmd_SELECT_name_type_FROM_sqlite_master_nofollow,2,2,2,2,1.0
sqlite3,sqlite3,5,15,5_noinit_batch_cmd_PRAGMA_schema_version_PRAGMA_user_version,15_noinit_batch_cmd_SELECT_name_type_FROM_sqlite_master_safe,2,2,2,2,1.0
sqlite3,sqlite3,5,16,5_noinit_batch_cmd_PRAGMA_schema_version_PRAGMA_user_version,16_noinit_batch_cmd_SELECT_name_type_FROM_sqlite_master_list,2,2,2,2,1.0
sqlite3,sqlite3,5,17,5_noinit_batch_cmd_PRAGMA_schema_version_PRAGMA_user_version,17_noinit_batch_cmd_SELECT_name_type_FROM_sqlite_master_csv,2,2,2,2,1.0
sqlite3,sqlite3,5,18,5_noinit_batch_cmd_PRAGMA_schema_version_PRAGMA_user_version,18_noinit_batch_cmd_SELECT_name_type_FROM_sqlite_master_json,2,2,2,2,1.0
sqlite3,sqlite3,5,19,5_noinit_batch_cmd_PRAGMA_schema_version_PRAGMA_user_version,19_noinit_batch_cmd_SELECT_name_type_FROM_sqlite_master_mmap_0,2,2,2,2,1.0
sqlite3,sqlite3,5,20,5_noinit_batch_cmd_PRAGMA_schema_version_PRAGMA_user_version,20_noinit_batch_cmd_SELECT_name_type_FROM_sqlite_master_mmap_1048576,2,2,2,2,1.0
sqlite3,sqlite3,5,21,5_noinit_batch_cmd_PRAGMA_schema_version_PRAGMA_user_version,21_noinit_batch_cmd_PRAGMA_integrity_check_nofollow,2,2,2,2,1.0
sqlite3,sqlite3,5,22,5_noinit_batch_cmd_PRAGMA_schema_version_PRAGMA_user_version,22_noinit_batch_cmd_PRAGMA_integrity_check_safe,2,2,2,2,1.0
sqlite3,sqlite3,5,23,5_noinit_batch_cmd_PRAGMA_schema_version_PRAGMA_user_version,23_noinit_batch_cmd_PRAGMA_integrity_check_list,2,2,2,2,1.0
sqlite3,sqlite3,5,24,5_noinit_batch_cmd_PRAGMA_schema_version_PRAGMA_user_version,24_noinit_batch_cmd_PRAGMA_integrity_check_csv,2,2,2,2,1.0
sqlite3,sqlite3,5,25,5_noinit_batch_cmd_PRAGMA_schema_version_PRAGMA_user_version,25_noinit_batch_cmd_PRAGMA_integrity_check_json,2,2,2,2,1.0
sqlite3,sqlite3,5,26,5_noinit_batch_cmd_PRAGMA_schema_version_PRAGMA_user_version,26_noinit_batch_cmd_PRAGMA_integrity_check_mmap_0,2,2,2,2,1.0
sqlite3,sqlite3,5,27,5_noinit_batch_cmd_PRAGMA_schema_version_PRAGMA_user_version,27_noinit_batch_cmd_PRAGMA_integrity_check_mmap_1048576,2,2,2,2,1.0
sqlite3,sqlite3,5,28,5_noinit_batch_cmd_PRAGMA_schema_version_PRAGMA_user_version,28_noinit_batch_cmd_PRAGMA_quick_check_nofollow,2,2,2,2,1.0
sqlite3,sqlite3,5,29,5_noinit_batch_cmd_PRAGMA_schema_version_PRAGMA_user_version,29_noinit_batch_cmd_PRAGMA_quick_check_safe,2,2,2,2,1.0
sqlite3,sqlite3,5,30,5_noinit_batch_cmd_PRAGMA_schema_version_PRAGMA_user_version,30_noinit_batch_cmd_PRAGMA_quick_check_list,2,2,2,2,1.0
sqlite3,sqlite3,5,31,5_noinit_batch_cmd_PRAGMA_schema_version_PRAGMA_user_version,31_noinit_batch_cmd_PRAGMA_quick_check_csv,2,2,2,2,1.0
sqlite3,sqlite3,5,32,5_noinit_batch_cmd_PRAGMA_schema_version_PRAGMA_user_version,32_noinit_batch_cmd_PRAGMA_quick_check_json,2,2,2,2,1.0
sqlite3,sqlite3,5,33,5_noinit_batch_cmd_PRAGMA_schema_version_PRAGMA_user_version,33_noinit_batch_cmd_PRAGMA_quick_check_mmap_0,2,2,2,2,1.0
sqlite3,sqlite3,5,34,5_noinit_batch_cmd_PRAGMA_schema_version_PRAGMA_user_version,34_noinit_batch_cmd_PRAGMA_quick_check_mmap_1048576,2,2,2,2,1.0
sqlite3,sqlite3,5,35,5_noinit_batch_cmd_PRAGMA_schema_version_PRAGMA_user_version,35_noinit_batch_cmd_PRAGMA_schema_version_PRAGMA_user_version_nofollow,2,2,2,2,1.0
sqlite3,sqlite3,5,36,5_noinit_batch_cmd_PRAGMA_schema_version_PRAGMA_user_version,36_noinit_batch_cmd_PRAGMA_schema_version_PRAGMA_user_version_safe,2,2,2,2,1.0
sqlite3,sqlite3,5,37,5_noinit_batch_cmd_PRAGMA_schema_version_PRAGMA_user_version,37_noinit_batch_cmd_PRAGMA_schema_version_PRAGMA_user_version_list,2,2,2,2,1.0
sqlite3,sqlite3,5,38,5_noinit_batch_cmd_PRAGMA_schema_version_PRAGMA_user_version,38_noinit_batch_cmd_PRAGMA_schema_version_PRAGMA_user_version_csv,2,2,2,2,1.0
sqlite3,sqlite3,5,39,5_noinit_batch_cmd_PRAGMA_schema_version_PRAGMA_user_version,39_noinit_batch_cmd_PRAGMA_schema_version_PRAGMA_user_version_json,2,2,2,2,1.0
sqlite3,sqlite3,5,40,5_noinit_batch_cmd_PRAGMA_schema_version_PRAGMA_user_version,40_noinit_batch_cmd_PRAGMA_schema_version_PRAGMA_user_version_mmap_0,2,2,2,2,1.0
sqlite3,sqlite3,5,41,5_noinit_batch_cmd_PRAGMA_schema_version_PRAGMA_user_version,41_noinit_batch_cmd_PRAGMA_schema_version_PRAGMA_user_version_mmap_1048576,2,2,2,2,1.0
sqlite3,sqlite3,5,42,5_noinit_batch_cmd_PRAGMA_schema_version_PRAGMA_user_version,42_noinit_batch_cmd_SELECT_count_FROM_sqlite_master_nofollow,2,2,2,2,1.0
sqlite3,sqlite3,5,43,5_noinit_batch_cmd_PRAGMA_schema_version_PRAGMA_user_version,43_noinit_batch_cmd_SELECT_count_FROM_sqlite_master_safe,2,2,2,2,1.0
sqlite3,sqlite3,5,44,5_noinit_batch_cmd_PRAGMA_schema_version_PRAGMA_user_version,44_noinit_batch_cmd_SELECT_count_FROM_sqlite_master_list,2,2,2,2,1.0
sqlite3,sqlite3,5,45,5_noinit_batch_cmd_PRAGMA_schema_version_PRAGMA_user_version,45_noinit_batch_cmd_SELECT_count_FROM_sqlite_master_csv,2,2,2,2,1.0
sqlite3,sqlite3,5,46,5_noinit_batch_cmd_PRAGMA_schema_version_PRAGMA_user_version,46_noinit_batch_cmd_SELECT_count_FROM_sqlite_master_json,2,2,2,2,1.0
sqlite3,sqlite3,5,47,5_noinit_batch_cmd_PRAGMA_schema_version_PRAGMA_user_version,47_noinit_batch_cmd_SELECT_count_FROM_sqlite_master_mmap_0,2,2,2,2,1.0
sqlite3,sqlite3,5,48,5_noinit_batch_cmd_PRAGMA_schema_version_PRAGMA_user_version,48_noinit_batch_cmd_SELECT_count_FROM_sqlite_master_mmap_1048576,2,2,2,2,1.0
sqlite3,sqlite3,6,7,6_noinit_batch_cmd_SELECT_count_FROM_sqlite_master,7_noinit_batch_cmd_SELECT_1_nofollow,2,2,2,2,1.0
sqlite3,sqlite3,6,8,6_noinit_batch_cmd_SELECT_count_FROM_sqlite_master,8_noinit_batch_cmd_SELECT_1_safe,2,2,2,2,1.0
sqlite3,sqlite3,6,9,6_noinit_batch_cmd_SELECT_count_FROM_sqlite_master,9_noinit_batch_cmd_SELECT_1_list,2,2,2,2,1.0
sqlite3,sqlite3,6,10,6_noinit_batch_cmd_SELECT_count_FROM_sqlite_master,10_noinit_batch_cmd_SELECT_1_csv,2,2,2,2,1.0
sqlite3,sqlite3,6,11,6_noinit_batch_cmd_SELECT_count_FROM_sqlite_master,11_noinit_batch_cmd_SELECT_1_json,2,2,2,2,1.0
sqlite3,sqlite3,6,12,6_noinit_batch_cmd_SELECT_count_FROM_sqlite_master,12_noinit_batch_cmd_SELECT_1_mmap_0,2,2,2,2,1.0
sqlite3,sqlite3,6,13,6_noinit_batch_cmd_SELECT_count_FROM_sqlite_master,13_noinit_batch_cmd_SELECT_1_mmap_1048576,2,2,2,2,1.0
sqlite3,sqlite3,6,14,6_noinit_batch_cmd_SELECT_count_FROM_sqlite_master,14_noinit_batch_cmd_SELECT_name_type_FROM_sqlite_master_nofollow,2,2,2,2,1.0
sqlite3,sqlite3,6,15,6_noinit_batch_cmd_SELECT_count_FROM_sqlite_master,15_noinit_batch_cmd_SELECT_name_type_FROM_sqlite_master_safe,2,2,2,2,1.0
sqlite3,sqlite3,6,16,6_noinit_batch_cmd_SELECT_count_FROM_sqlite_master,16_noinit_batch_cmd_SELECT_name_type_FROM_sqlite_master_list,2,2,2,2,1.0
sqlite3,sqlite3,6,17,6_noinit_batch_cmd_SELECT_count_FROM_sqlite_master,17_noinit_batch_cmd_SELECT_name_type_FROM_sqlite_master_csv,2,2,2,2,1.0
sqlite3,sqlite3,6,18,6_noinit_batch_cmd_SELECT_count_FROM_sqlite_master,18_noinit_batch_cmd_SELECT_name_type_FROM_sqlite_master_json,2,2,2,2,1.0
sqlite3,sqlite3,6,19,6_noinit_batch_cmd_SELECT_count_FROM_sqlite_master,19_noinit_batch_cmd_SELECT_name_type_FROM_sqlite_master_mmap_0,2,2,2,2,1.0
sqlite3,sqlite3,6,20,6_noinit_batch_cmd_SELECT_count_FROM_sqlite_master,20_noinit_batch_cmd_SELECT_name_type_FROM_sqlite_master_mmap_1048576,2,2,2,2,1.0
sqlite3,sqlite3,6,21,6_noinit_batch_cmd_SELECT_count_FROM_sqlite_master,21_noinit_batch_cmd_PRAGMA_integrity_check_nofollow,2,2,2,2,1.0
sqlite3,sqlite3,6,22,6_noinit_batch_cmd_SELECT_count_FROM_sqlite_master,22_noinit_batch_cmd_PRAGMA_integrity_check_safe,2,2,2,2,1.0
sqlite3,sqlite3,6,23,6_noinit_batch_cmd_SELECT_count_FROM_sqlite_master,23_noinit_batch_cmd_PRAGMA_integrity_check_list,2,2,2,2,1.0
sqlite3,sqlite3,6,24,6_noinit_batch_cmd_SELECT_count_FROM_sqlite_master,24_noinit_batch_cmd_PRAGMA_integrity_check_csv,2,2,2,2,1.0
sqlite3,sqlite3,6,25,6_noinit_batch_cmd_SELECT_count_FROM_sqlite_master,25_noinit_batch_cmd_PRAGMA_integrity_check_json,2,2,2,2,1.0
sqlite3,sqlite3,6,26,6_noinit_batch_cmd_SELECT_count_FROM_sqlite_master,26_noinit_batch_cmd_PRAGMA_integrity_check_mmap_0,2,2,2,2,1.0
sqlite3,sqlite3,6,27,6_noinit_batch_cmd_SELECT_count_FROM_sqlite_master,27_noinit_batch_cmd_PRAGMA_integrity_check_mmap_1048576,2,2,2,2,1.0
sqlite3,sqlite3,6,28,6_noinit_batch_cmd_SELECT_count_FROM_sqlite_master,28_noinit_batch_cmd_PRAGMA_quick_check_nofollow,2,2,2,2,1.0
sqlite3,sqlite3,6,29,6_noinit_batch_cmd_SELECT_count_FROM_sqlite_master,29_noinit_batch_cmd_PRAGMA_quick_check_safe,2,2,2,2,1.0
sqlite3,sqlite3,6,30,6_noinit_batch_cmd_SELECT_count_FROM_sqlite_master,30_noinit_batch_cmd_PRAGMA_quick_check_list,2,2,2,2,1.0
sqlite3,sqlite3,6,31,6_noinit_batch_cmd_SELECT_count_FROM_sqlite_master,31_noinit_batch_cmd_PRAGMA_quick_check_csv,2,2,2,2,1.0
sqlite3,sqlite3,6,32,6_noinit_batch_cmd_SELECT_count_FROM_sqlite_master,32_noinit_batch_cmd_PRAGMA_quick_check_json,2,2,2,2,1.0
sqlite3,sqlite3,6,33,6_noinit_batch_cmd_SELECT_count_FROM_sqlite_master,33_noinit_batch_cmd_PRAGMA_quick_check_mmap_0,2,2,2,2,1.0
sqlite3,sqlite3,6,34,6_noinit_batch_cmd_SELECT_count_FROM_sqlite_master,34_noinit_batch_cmd_PRAGMA_quick_check_mmap_1048576,2,2,2,2,1.0
sqlite3,sqlite3,6,35,6_noinit_batch_cmd_SELECT_count_FROM_sqlite_master,35_noinit_batch_cmd_PRAGMA_schema_version_PRAGMA_user_version_nofollow,2,2,2,2,1.0
sqlite3,sqlite3,6,36,6_noinit_batch_cmd_SELECT_count_FROM_sqlite_master,36_noinit_batch_cmd_PRAGMA_schema_version_PRAGMA_user_version_safe,2,2,2,2,1.0
sqlite3,sqlite3,6,37,6_noinit_batch_cmd_SELECT_count_FROM_sqlite_master,37_noinit_batch_cmd_PRAGMA_schema_version_PRAGMA_user_version_list,2,2,2,2,1.0
sqlite3,sqlite3,6,38,6_noinit_batch_cmd_SELECT_count_FROM_sqlite_master,38_noinit_batch_cmd_PRAGMA_schema_version_PRAGMA_user_version_csv,2,2,2,2,1.0
sqlite3,sqlite3,6,39,6_noinit_batch_cmd_SELECT_count_FROM_sqlite_master,39_noinit_batch_cmd_PRAGMA_schema_version_PRAGMA_user_version_json,2,2,2,2,1.0
sqlite3,sqlite3,6,40,6_noinit_batch_cmd_SELECT_count_FROM_sqlite_master,40_noinit_batch_cmd_PRAGMA_schema_version_PRAGMA_user_version_mmap_0,2,2,2,2,1.0
sqlite3,sqlite3,6,41,6_noinit_batch_cmd_SELECT_count_FROM_sqlite_master,41_noinit_batch_cmd_PRAGMA_schema_version_PRAGMA_user_version_mmap_1048576,2,2,2,2,1.0
sqlite3,sqlite3,6,42,6_noinit_batch_cmd_SELECT_count_FROM_sqlite_master,42_noinit_batch_cmd_SELECT_count_FROM_sqlite_master_nofollow,2,2,2,2,1.0
sqlite3,sqlite3,6,43,6_noinit_batch_cmd_SELECT_count_FROM_sqlite_master,43_noinit_batch_cmd_SELECT_count_FROM_sqlite_master_safe,2,2,2,2,1.0
sqlite3,sqlite3,6,44,6_noinit_batch_cmd_SELECT_count_FROM_sqlite_master,44_noinit_batch_cmd_SELECT_count_FROM_sqlite_master_list,2,2,2,2,1.0
sqlite3,sqlite3,6,45,6_noinit_batch_cmd_SELECT_count_FROM_sqlite_master,45_noinit_batch_cmd_SELECT_count_FROM_sqlite_master_csv,2,2,2,2,1.0
sqlite3,sqlite3,6,46,6_noinit_batch_cmd_SELECT_count_FROM_sqlite_master,46_noinit_batch_cmd_SELECT_count_FROM_sqlite_master_json,2,2,2,2,1.0
sqlite3,sqlite3,6,47,6_noinit_batch_cmd_SELECT_count_FROM_sqlite_master,47_noinit_batch_cmd_SELECT_count_FROM_sqlite_master_mmap_0,2,2,2,2,1.0
sqlite3,sqlite3,6,48,6_noinit_batch_cmd_SELECT_count_FROM_sqlite_master,48_noinit_batch_cmd_SELECT_count_FROM_sqlite_master_mmap_1048576,2,2,2,2,1.0
sqlite3,sqlite3,7,8,7_noinit_batch_cmd_SELECT_1_nofollow,8_noinit_batch_cmd_SELECT_1_safe,2,2,2,2,1.0
sqlite3,sqlite3,7,9,7_noinit_batch_cmd_SELECT_1_nofollow,9_noinit_batch_cmd_SELECT_1_list,2,2,2,2,1.0
sqlite3,sqlite3,7,10,7_noinit_batch_cmd_SELECT_1_nofollow,10_noinit_batch_cmd_SELECT_1_csv,2,2,2,2,1.0
sqlite3,sqlite3,7,11,7_noinit_batch_cmd_SELECT_1_nofollow,11_noinit_batch_cmd_SELECT_1_json,2,2,2,2,1.0
sqlite3,sqlite3,7,12,7_noinit_batch_cmd_SELECT_1_nofollow,12_noinit_batch_cmd_SELECT_1_mmap_0,2,2,2,2,1.0
sqlite3,sqlite3,7,13,7_noinit_batch_cmd_SELECT_1_nofollow,13_noinit_batch_cmd_SELECT_1_mmap_1048576,2,2,2,2,1.0
sqlite3,sqlite3,7,14,7_noinit_batch_cmd_SELECT_1_nofollow,14_noinit_batch_cmd_SELECT_name_type_FROM_sqlite_master_nofollow,2,2,2,2,1.0
sqlite3,sqlite3,7,15,7_noinit_batch_cmd_SELECT_1_nofollow,15_noinit_batch_cmd_SELECT_name_type_FROM_sqlite_master_safe,2,2,2,2,1.0
sqlite3,sqlite3,7,16,7_noinit_batch_cmd_SELECT_1_nofollow,16_noinit_batch_cmd_SELECT_name_type_FROM_sqlite_master_list,2,2,2,2,1.0
sqlite3,sqlite3,7,17,7_noinit_batch_cmd_SELECT_1_nofollow,17_noinit_batch_cmd_SELECT_name_type_FROM_sqlite_master_csv,2,2,2,2,1.0
sqlite3,sqlite3,7,18,7_noinit_batch_cmd_SELECT_1_nofollow,18_noinit_batch_cmd_SELECT_name_type_FROM_sqlite_master_json,2,2,2,2,1.0
sqlite3,sqlite3,7,19,7_noinit_batch_cmd_SELECT_1_nofollow,19_noinit_batch_cmd_SELECT_name_type_FROM_sqlite_master_mmap_0,2,2,2,2,1.0
sqlite3,sqlite3,7,20,7_noinit_batch_cmd_SELECT_1_nofollow,20_noinit_batch_cmd_SELECT_name_type_FROM_sqlite_master_mmap_1048576,2,2,2,2,1.0
sqlite3,sqlite3,7,21,7_noinit_batch_cmd_SELECT_1_nofollow,21_noinit_batch_cmd_PRAGMA_integrity_check_nofollow,2,2,2,2,1.0
sqlite3,sqlite3,7,22,7_noinit_batch_cmd_SELECT_1_nofollow,22_noinit_batch_cmd_PRAGMA_integrity_check_safe,2,2,2,2,1.0
sqlite3,sqlite3,7,23,7_noinit_batch_cmd_SELECT_1_nofollow,23_noinit_batch_cmd_PRAGMA_integrity_check_list,2,2,2,2,1.0
sqlite3,sqlite3,7,24,7_noinit_batch_cmd_SELECT_1_nofollow,24_noinit_batch_cmd_PRAGMA_integrity_check_csv,2,2,2,2,1.0
sqlite3,sqlite3,7,25,7_noinit_batch_cmd_SELECT_1_nofollow,25_noinit_batch_cmd_PRAGMA_integrity_check_json,2,2,2,2,1.0
sqlite3,sqlite3,7,26,7_noinit_batch_cmd_SELECT_1_nofollow,26_noinit_batch_cmd_PRAGMA_integrity_check_mmap_0,2,2,2,2,1.0
sqlite3,sqlite3,7,27,7_noinit_batch_cmd_SELECT_1_nofollow,27_noinit_batch_cmd_PRAGMA_integrity_check_mmap_1048576,2,2,2,2,1.0
sqlite3,sqlite3,7,28,7_noinit_batch_cmd_SELECT_1_nofollow,28_noinit_batch_cmd_PRAGMA_quick_check_nofollow,2,2,2,2,1.0
sqlite3,sqlite3,7,29,7_noinit_batch_cmd_SELECT_1_nofollow,29_noinit_batch_cmd_PRAGMA_quick_check_safe,2,2,2,2,1.0
sqlite3,sqlite3,7,30,7_noinit_batch_cmd_SELECT_1_nofollow,30_noinit_batch_cmd_PRAGMA_quick_check_list,2,2,2,2,1.0
sqlite3,sqlite3,7,31,7_noinit_batch_cmd_SELECT_1_nofollow,31_noinit_batch_cmd_PRAGMA_quick_check_csv,2,2,2,2,1.0
sqlite3,sqlite3,7,32,7_noinit_batch_cmd_SELECT_1_nofollow,32_noinit_batch_cmd_PRAGMA_quick_check_json,2,2,2,2,1.0
sqlite3,sqlite3,7,33,7_noinit_batch_cmd_SELECT_1_nofollow,33_noinit_batch_cmd_PRAGMA_quick_check_mmap_0,2,2,2,2,1.0
sqlite3,sqlite3,7,34,7_noinit_batch_cmd_SELECT_1_nofollow,34_noinit_batch_cmd_PRAGMA_quick_check_mmap_1048576,2,2,2,2,1.0
sqlite3,sqlite3,7,35,7_noinit_batch_cmd_SELECT_1_nofollow,35_noinit_batch_cmd_PRAGMA_schema_version_PRAGMA_user_version_nofollow,2,2,2,2,1.0
sqlite3,sqlite3,7,36,7_noinit_batch_cmd_SELECT_1_nofollow,36_noinit_batch_cmd_PRAGMA_schema_version_PRAGMA_user_version_safe,2,2,2,2,1.0
sqlite3,sqlite3,7,37,7_noinit_batch_cmd_SELECT_1_nofollow,37_noinit_batch_cmd_PRAGMA_schema_version_PRAGMA_user_version_list,2,2,2,2,1.0
sqlite3,sqlite3,7,38,7_noinit_batch_cmd_SELECT_1_nofollow,38_noinit_batch_cmd_PRAGMA_schema_version_PRAGMA_user_version_csv,2,2,2,2,1.0
sqlite3,sqlite3,7,39,7_noinit_batch_cmd_SELECT_1_nofollow,39_noinit_batch_cmd_PRAGMA_schema_version_PRAGMA_user_version_json,2,2,2,2,1.0
sqlite3,sqlite3,7,40,7_noinit_batch_cmd_SELECT_1_nofollow,40_noinit_batch_cmd_PRAGMA_schema_version_PRAGMA_user_version_mmap_0,2,2,2,2,1.0
sqlite3,sqlite3,7,41,7_noinit_batch_cmd_SELECT_1_nofollow,41_noinit_batch_cmd_PRAGMA_schema_version_PRAGMA_user_version_mmap_1048576,2,2,2,2,1.0
sqlite3,sqlite3,7,42,7_noinit_batch_cmd_SELECT_1_nofollow,42_noinit_batch_cmd_SELECT_count_FROM_sqlite_master_nofollow,2,2,2,2,1.0
sqlite3,sqlite3,7,43,7_noinit_batch_cmd_SELECT_1_nofollow,43_noinit_batch_cmd_SELECT_count_FROM_sqlite_master_safe,2,2,2,2,1.0
sqlite3,sqlite3,7,44,7_noinit_batch_cmd_SELECT_1_nofollow,44_noinit_batch_cmd_SELECT_count_FROM_sqlite_master_list,2,2,2,2,1.0
sqlite3,sqlite3,7,45,7_noinit_batch_cmd_SELECT_1_nofollow,45_noinit_batch_cmd_SELECT_count_FROM_sqlite_master_csv,2,2,2,2,1.0
sqlite3,sqlite3,7,46,7_noinit_batch_cmd_SELECT_1_nofollow,46_noinit_batch_cmd_SELECT_count_FROM_sqlite_master_json,2,2,2,2,1.0
sqlite3,sqlite3,7,47,7_noinit_batch_cmd_SELECT_1_nofollow,47_noinit_batch_cmd_SELECT_count_FROM_sqlite_master_mmap_0,2,2,2,2,1.0
sqlite3,sqlite3,7,48,7_noinit_batch_cmd_SELECT_1_nofollow,48_noinit_batch_cmd_SELECT_count_FROM_sqlite_master_mmap_1048576,2,2,2,2,1.0
sqlite3,sqlite3,8,9,8_noinit_batch_cmd_SELECT_1_safe,9_noinit_batch_cmd_SELECT_1_list,2,2,2,2,1.0
sqlite3,sqlite3,8,10,8_noinit_batch_cmd_SELECT_1_safe,10_noinit_batch_cmd_SELECT_1_csv,2,2,2,2,1.0
sqlite3,sqlite3,8,11,8_noinit_batch_cmd_SELECT_1_safe,11_noinit_batch_cmd_SELECT_1_json,2,2,2,2,1.0
sqlite3,sqlite3,8,12,8_noinit_batch_cmd_SELECT_1_safe,12_noinit_batch_cmd_SELECT_1_mmap_0,2,2,2,2,1.0
sqlite3,sqlite3,8,13,8_noinit_batch_cmd_SELECT_1_safe,13_noinit_batch_cmd_SELECT_1_mmap_1048576,2,2,2,2,1.0
sqlite3,sqlite3,8,14,8_noinit_batch_cmd_SELECT_1_safe,14_noinit_batch_cmd_SELECT_name_type_FROM_sqlite_master_nofollow,2,2,2,2,1.0
sqlite3,sqlite3,8,15,8_noinit_batch_cmd_SELECT_1_safe,15_noinit_batch_cmd_SELECT_name_type_FROM_sqlite_master_safe,2,2,2,2,1.0
sqlite3,sqlite3,8,16,8_noinit_batch_cmd_SELECT_1_safe,16_noinit_batch_cmd_SELECT_name_type_FROM_sqlite_master_list,2,2,2,2,1.0
sqlite3,sqlite3,8,17,8_noinit_batch_cmd_SELECT_1_safe,17_noinit_batch_cmd_SELECT_name_type_FROM_sqlite_master_csv,2,2,2,2,1.0
sqlite3,sqlite3,8,18,8_noinit_batch_cmd_SELECT_1_safe,18_noinit_batch_cmd_SELECT_name_type_FROM_sqlite_master_json,2,2,2,2,1.0
sqlite3,sqlite3,8,19,8_noinit_batch_cmd_SELECT_1_safe,19_noinit_batch_cmd_SELECT_name_type_FROM_sqlite_master_mmap_0,2,2,2,2,1.0
sqlite3,sqlite3,8,20,8_noinit_batch_cmd_SELECT_1_safe,20_noinit_batch_cmd_SELECT_name_type_FROM_sqlite_master_mmap_1048576,2,2,2,2,1.0
sqlite3,sqlite3,8,21,8_noinit_batch_cmd_SELECT_1_safe,21_noinit_batch_cmd_PRAGMA_integrity_check_nofollow,2,2,2,2,1.0
sqlite3,sqlite3,8,22,8_noinit_batch_cmd_SELECT_1_safe,22_noinit_batch_cmd_PRAGMA_integrity_check_safe,2,2,2,2,1.0
sqlite3,sqlite3,8,23,8_noinit_batch_cmd_SELECT_1_safe,23_noinit_batch_cmd_PRAGMA_integrity_check_list,2,2,2,2,1.0
sqlite3,sqlite3,8,24,8_noinit_batch_cmd_SELECT_1_safe,24_noinit_batch_cmd_PRAGMA_integrity_check_csv,2,2,2,2,1.0
sqlite3,sqlite3,8,25,8_noinit_batch_cmd_SELECT_1_safe,25_noinit_batch_cmd_PRAGMA_integrity_check_json,2,2,2,2,1.0
sqlite3,sqlite3,8,26,8_noinit_batch_cmd_SELECT_1_safe,26_noinit_batch_cmd_PRAGMA_integrity_check_mmap_0,2,2,2,2,1.0
sqlite3,sqlite3,8,27,8_noinit_batch_cmd_SELECT_1_safe,27_noinit_batch_cmd_PRAGMA_integrity_check_mmap_1048576,2,2,2,2,1.0
sqlite3,sqlite3,8,28,8_noinit_batch_cmd_SELECT_1_safe,28_noinit_batch_cmd_PRAGMA_quick_check_nofollow,2,2,2,2,1.0
sqlite3,sqlite3,8,29,8_noinit_batch_cmd_SELECT_1_safe,29_noinit_batch_cmd_PRAGMA_quick_check_safe,2,2,2,2,1.0
sqlite3,sqlite3,8,30,8_noinit_batch_cmd_SELECT_1_safe,30_noinit_batch_cmd_PRAGMA_quick_check_list,2,2,2,2,1.0
sqlite3,sqlite3,8,31,8_noinit_batch_cmd_SELECT_1_safe,31_noinit_batch_cmd_PRAGMA_quick_check_csv,2,2,2,2,1.0
sqlite3,sqlite3,8,32,8_noinit_batch_cmd_SELECT_1_safe,32_noinit_batch_cmd_PRAGMA_quick_check_json,2,2,2,2,1.0
sqlite3,sqlite3,8,33,8_noinit_batch_cmd_SELECT_1_safe,33_noinit_batch_cmd_PRAGMA_quick_check_mmap_0,2,2,2,2,1.0
sqlite3,sqlite3,8,34,8_noinit_batch_cmd_SELECT_1_safe,34_noinit_batch_cmd_PRAGMA_quick_check_mmap_1048576,2,2,2,2,1.0
sqlite3,sqlite3,8,35,8_noinit_batch_cmd_SELECT_1_safe,35_noinit_batch_cmd_PRAGMA_schema_version_PRAGMA_user_version_nofollow,2,2,2,2,1.0
sqlite3,sqlite3,8,36,8_noinit_batch_cmd_SELECT_1_safe,36_noinit_batch_cmd_PRAGMA_schema_version_PRAGMA_user_version_safe,2,2,2,2,1.0
sqlite3,sqlite3,8,37,8_noinit_batch_cmd_SELECT_1_safe,37_noinit_batch_cmd_PRAGMA_schema_version_PRAGMA_user_version_list,2,2,2,2,1.0
sqlite3,sqlite3,8,38,8_noinit_batch_cmd_SELECT_1_safe,38_noinit_batch_cmd_PRAGMA_schema_version_PRAGMA_user_version_csv,2,2,2,2,1.0
sqlite3,sqlite3,8,39,8_noinit_batch_cmd_SELECT_1_safe,39_noinit_batch_cmd_PRAGMA_schema_version_PRAGMA_user_version_json,2,2,2,2,1.0
sqlite3,sqlite3,8,40,8_noinit_batch_cmd_SELECT_1_safe,40_noinit_batch_cmd_PRAGMA_schema_version_PRAGMA_user_version_mmap_0,2,2,2,2,1.0
sqlite3,sqlite3,8,41,8_noinit_batch_cmd_SELECT_1_safe,41_noinit_batch_cmd_PRAGMA_schema_version_PRAGMA_user_version_mmap_1048576,2,2,2,2,1.0
sqlite3,sqlite3,8,42,8_noinit_batch_cmd_SELECT_1_safe,42_noinit_batch_cmd_SELECT_count_FROM_sqlite_master_nofollow,2,2,2,2,1.0
sqlite3,sqlite3,8,43,8_noinit_batch_cmd_SELECT_1_safe,43_noinit_batch_cmd_SELECT_count_FROM_sqlite_master_safe,2,2,2,2,1.0
sqlite3,sqlite3,8,44,8_noinit_batch_cmd_SELECT_1_safe,44_noinit_batch_cmd_SELECT_count_FROM_sqlite_master_list,2,2,2,2,1.0
sqlite3,sqlite3,8,45,8_noinit_batch_cmd_SELECT_1_safe,45_noinit_batch_cmd_SELECT_count_FROM_sqlite_master_csv,2,2,2,2,1.0
sqlite3,sqlite3,8,46,8_noinit_batch_cmd_SELECT_1_safe,46_noinit_batch_cmd_SELECT_count_FROM_sqlite_master_json,2,2,2,2,1.0
sqlite3,sqlite3,8,47,8_noinit_batch_cmd_SELECT_1_safe,47_noinit_batch_cmd_SELECT_count_FROM_sqlite_master_mmap_0,2,2,2,2,1.0
sqlite3,sqlite3,8,48,8_noinit_batch_cmd_SELECT_1_safe,48_noinit_batch_cmd_SELECT_count_FROM_sqlite_master_mmap_1048576,2,2,2,2,1.0
sqlite3,sqlite3,9,10,9_noinit_batch_cmd_SELECT_1_list,10_noinit_batch_cmd_SELECT_1_csv,2,2,2,2,1.0
sqlite3,sqlite3,9,11,9_noinit_batch_cmd_SELECT_1_list,11_noinit_batch_cmd_SELECT_1_json,2,2,2,2,1.0
sqlite3,sqlite3,9,12,9_noinit_batch_cmd_SELECT_1_list,12_noinit_batch_cmd_SELECT_1_mmap_0,2,2,2,2,1.0
sqlite3,sqlite3,9,13,9_noinit_batch_cmd_SELECT_1_list,13_noinit_batch_cmd_SELECT_1_mmap_1048576,2,2,2,2,1.0
sqlite3,sqlite3,9,14,9_noinit_batch_cmd_SELECT_1_list,14_noinit_batch_cmd_SELECT_name_type_FROM_sqlite_master_nofollow,2,2,2,2,1.0
sqlite3,sqlite3,9,15,9_noinit_batch_cmd_SELECT_1_list,15_noinit_batch_cmd_SELECT_name_type_FROM_sqlite_master_safe,2,2,2,2,1.0
sqlite3,sqlite3,9,16,9_noinit_batch_cmd_SELECT_1_list,16_noinit_batch_cmd_SELECT_name_type_FROM_sqlite_master_list,2,2,2,2,1.0
sqlite3,sqlite3,9,17,9_noinit_batch_cmd_SELECT_1_list,17_noinit_batch_cmd_SELECT_name_type_FROM_sqlite_master_csv,2,2,2,2,1.0
sqlite3,sqlite3,9,18,9_noinit_batch_cmd_SELECT_1_list,18_noinit_batch_cmd_SELECT_name_type_FROM_sqlite_master_json,2,2,2,2,1.0
sqlite3,sqlite3,9,19,9_noinit_batch_cmd_SELECT_1_list,19_noinit_batch_cmd_SELECT_name_type_FROM_sqlite_master_mmap_0,2,2,2,2,1.0
sqlite3,sqlite3,9,20,9_noinit_batch_cmd_SELECT_1_list,20_noinit_batch_cmd_SELECT_name_type_FROM_sqlite_master_mmap_1048576,2,2,2,2,1.0
sqlite3,sqlite3,9,21,9_noinit_batch_cmd_SELECT_1_list,21_noinit_batch_cmd_PRAGMA_integrity_check_nofollow,2,2,2,2,1.0
sqlite3,sqlite3,9,22,9_noinit_batch_cmd_SELECT_1_list,22_noinit_batch_cmd_PRAGMA_integrity_check_safe,2,2,2,2,1.0
sqlite3,sqlite3,9,23,9_noinit_batch_cmd_SELECT_1_list,23_noinit_batch_cmd_PRAGMA_integrity_check_list,2,2,2,2,1.0
sqlite3,sqlite3,9,24,9_noinit_batch_cmd_SELECT_1_list,24_noinit_batch_cmd_PRAGMA_integrity_check_csv,2,2,2,2,1.0
sqlite3,sqlite3,9,25,9_noinit_batch_cmd_SELECT_1_list,25_noinit_batch_cmd_PRAGMA_integrity_check_json,2,2,2,2,1.0
sqlite3,sqlite3,9,26,9_noinit_batch_cmd_SELECT_1_list,26_noinit_batch_cmd_PRAGMA_integrity_check_mmap_0,2,2,2,2,1.0
sqlite3,sqlite3,9,27,9_noinit_batch_cmd_SELECT_1_list,27_noinit_batch_cmd_PRAGMA_integrity_check_mmap_1048576,2,2,2,2,1.0
sqlite3,sqlite3,9,28,9_noinit_batch_cmd_SELECT_1_list,28_noinit_batch_cmd_PRAGMA_quick_check_nofollow,2,2,2,2,1.0
sqlite3,sqlite3,9,29,9_noinit_batch_cmd_SELECT_1_list,29_noinit_batch_cmd_PRAGMA_quick_check_safe,2,2,2,2,1.0
sqlite3,sqlite3,9,30,9_noinit_batch_cmd_SELECT_1_list,30_noinit_batch_cmd_PRAGMA_quick_check_list,2,2,2,2,1.0
sqlite3,sqlite3,9,31,9_noinit_batch_cmd_SELECT_1_list,31_noinit_batch_cmd_PRAGMA_quick_check_csv,2,2,2,2,1.0
sqlite3,sqlite3,9,32,9_noinit_batch_cmd_SELECT_1_list,32_noinit_batch_cmd_PRAGMA_quick_check_json,2,2,2,2,1.0
sqlite3,sqlite3,9,33,9_noinit_batch_cmd_SELECT_1_list,33_noinit_batch_cmd_PRAGMA_quick_check_mmap_0,2,2,2,2,1.0
sqlite3,sqlite3,9,34,9_noinit_batch_cmd_SELECT_1_list,34_noinit_batch_cmd_PRAGMA_quick_check_mmap_1048576,2,2,2,2,1.0
sqlite3,sqlite3,9,35,9_noinit_batch_cmd_SELECT_1_list,35_noinit_batch_cmd_PRAGMA_schema_version_PRAGMA_user_version_nofollow,2,2,2,2,1.0
sqlite3,sqlite3,9,36,9_noinit_batch_cmd_SELECT_1_list,36_noinit_batch_cmd_PRAGMA_schema_version_PRAGMA_user_version_safe,2,2,2,2,1.0
sqlite3,sqlite3,9,37,9_noinit_batch_cmd_SELECT_1_list,37_noinit_batch_cmd_PRAGMA_schema_version_PRAGMA_user_version_list,2,2,2,2,1.0
sqlite3,sqlite3,9,38,9_noinit_batch_cmd_SELECT_1_list,38_noinit_batch_cmd_PRAGMA_schema_version_PRAGMA_user_version_csv,2,2,2,2,1.0
sqlite3,sqlite3,9,39,9_noinit_batch_cmd_SELECT_1_list,39_noinit_batch_cmd_PRAGMA_schema_version_PRAGMA_user_version_json,2,2,2,2,1.0
sqlite3,sqlite3,9,40,9_noinit_batch_cmd_SELECT_1_list,40_noinit_batch_cmd_PRAGMA_schema_version_PRAGMA_user_version_mmap_0,2,2,2,2,1.0
sqlite3,sqlite3,9,41,9_noinit_batch_cmd_SELECT_1_list,41_noinit_batch_cmd_PRAGMA_schema_version_PRAGMA_user_version_mmap_1048576,2,2,2,2,1.0
sqlite3,sqlite3,9,42,9_noinit_batch_cmd_SELECT_1_list,42_noinit_batch_cmd_SELECT_count_FROM_sqlite_master_nofollow,2,2,2,2,1.0
sqlite3,sqlite3,9,43,9_noinit_batch_cmd_SELECT_1_list,43_noinit_batch_cmd_SELECT_count_FROM_sqlite_master_safe,2,2,2,2,1.0
sqlite3,sqlite3,9,44,9_noinit_batch_cmd_SELECT_1_list,44_noinit_batch_cmd_SELECT_count_FROM_sqlite_master_list,2,2,2,2,1.0
sqlite3,sqlite3,9,45,9_noinit_batch_cmd_SELECT_1_list,45_noinit_batch_cmd_SELECT_count_FROM_sqlite_master_csv,2,2,2,2,1.0
sqlite3,sqlite3,9,46,9_noinit_batch_cmd_SELECT_1_list,46_noinit_batch_cmd_SELECT_count_FROM_sqlite_master_json,2,2,2,2,1.0
sqlite3,sqlite3,9,47,9_noinit_batch_cmd_SELECT_1_list,47_noinit_batch_cmd_SELECT_count_FROM_sqlite_master_mmap_0,2,2,2,2,1.0
sqlite3,sqlite3,9,48,9_noinit_batch_cmd_SELECT_1_list,48_noinit_batch_cmd_SELECT_count_FROM_sqlite_master_mmap_1048576,2,2,2,2,1.0
sqlite3,sqlite3,10,11,10_noinit_batch_cmd_SELECT_1_csv,11_noinit_batch_cmd_SELECT_1_json,2,2,2,2,1.0
sqlite3,sqlite3,10,12,10_noinit_batch_cmd_SELECT_1_csv,12_noinit_batch_cmd_SELECT_1_mmap_0,2,2,2,2,1.0
sqlite3,sqlite3,10,13,10_noinit_batch_cmd_SELECT_1_csv,13_noinit_batch_cmd_SELECT_1_mmap_1048576,2,2,2,2,1.0
sqlite3,sqlite3,10,14,10_noinit_batch_cmd_SELECT_1_csv,14_noinit_batch_cmd_SELECT_name_type_FROM_sqlite_master_nofollow,2,2,2,2,1.0
sqlite3,sqlite3,10,15,10_noinit_batch_cmd_SELECT_1_csv,15_noinit_batch_cmd_SELECT_name_type_FROM_sqlite_master_safe,2,2,2,2,1.0
sqlite3,sqlite3,10,16,10_noinit_batch_cmd_SELECT_1_csv,16_noinit_batch_cmd_SELECT_name_type_FROM_sqlite_master_list,2,2,2,2,1.0
sqlite3,sqlite3,10,17,10_noinit_batch_cmd_SELECT_1_csv,17_noinit_batch_cmd_SELECT_name_type_FROM_sqlite_master_csv,2,2,2,2,1.0
sqlite3,sqlite3,10,18,10_noinit_batch_cmd_SELECT_1_csv,18_noinit_batch_cmd_SELECT_name_type_FROM_sqlite_master_json,2,2,2,2,1.0
sqlite3,sqlite3,10,19,10_noinit_batch_cmd_SELECT_1_csv,19_noinit_batch_cmd_SELECT_name_type_FROM_sqlite_master_mmap_0,2,2,2,2,1.0
sqlite3,sqlite3,10,20,10_noinit_batch_cmd_SELECT_1_csv,20_noinit_batch_cmd_SELECT_name_type_FROM_sqlite_master_mmap_1048576,2,2,2,2,1.0
sqlite3,sqlite3,10,21,10_noinit_batch_cmd_SELECT_1_csv,21_noinit_batch_cmd_PRAGMA_integrity_check_nofollow,2,2,2,2,1.0
sqlite3,sqlite3,10,22,10_noinit_batch_cmd_SELECT_1_csv,22_noinit_batch_cmd_PRAGMA_integrity_check_safe,2,2,2,2,1.0
sqlite3,sqlite3,10,23,10_noinit_batch_cmd_SELECT_1_csv,23_noinit_batch_cmd_PRAGMA_integrity_check_list,2,2,2,2,1.0
sqlite3,sqlite3,10,24,10_noinit_batch_cmd_SELECT_1_csv,24_noinit_batch_cmd_PRAGMA_integrity_check_csv,2,2,2,2,1.0
sqlite3,sqlite3,10,25,10_noinit_batch_cmd_SELECT_1_csv,25_noinit_batch_cmd_PRAGMA_integrity_check_json,2,2,2,2,1.0
sqlite3,sqlite3,10,26,10_noinit_batch_cmd_SELECT_1_csv,26_noinit_batch_cmd_PRAGMA_integrity_check_mmap_0,2,2,2,2,1.0
sqlite3,sqlite3,10,27,10_noinit_batch_cmd_SELECT_1_csv,27_noinit_batch_cmd_PRAGMA_integrity_check_mmap_1048576,2,2,2,2,1.0
sqlite3,sqlite3,10,28,10_noinit_batch_cmd_SELECT_1_csv,28_noinit_batch_cmd_PRAGMA_quick_check_nofollow,2,2,2,2,1.0
sqlite3,sqlite3,10,29,10_noinit_batch_cmd_SELECT_1_csv,29_noinit_batch_cmd_PRAGMA_quick_check_safe,2,2,2,2,1.0
sqlite3,sqlite3,10,30,10_noinit_batch_cmd_SELECT_1_csv,30_noinit_batch_cmd_PRAGMA_quick_check_list,2,2,2,2,1.0
sqlite3,sqlite3,10,31,10_noinit_batch_cmd_SELECT_1_csv,31_noinit_batch_cmd_PRAGMA_quick_check_csv,2,2,2,2,1.0
sqlite3,sqlite3,10,32,10_noinit_batch_cmd_SELECT_1_csv,32_noinit_batch_cmd_PRAGMA_quick_check_json,2,2,2,2,1.0
sqlite3,sqlite3,10,33,10_noinit_batch_cmd_SELECT_1_csv,33_noinit_batch_cmd_PRAGMA_quick_check_mmap_0,2,2,2,2,1.0
sqlite3,sqlite3,10,34,10_noinit_batch_cmd_SELECT_1_csv,34_noinit_batch_cmd_PRAGMA_quick_check_mmap_1048576,2,2,2,2,1.0
sqlite3,sqlite3,10,35,10_noinit_batch_cmd_SELECT_1_csv,35_noinit_batch_cmd_PRAGMA_schema_version_PRAGMA_user_version_nofollow,2,2,2,2,1.0
sqlite3,sqlite3,10,36,10_noinit_batch_cmd_SELECT_1_csv,36_noinit_batch_cmd_PRAGMA_schema_version_PRAGMA_user_version_safe,2,2,2,2,1.0
sqlite3,sqlite3,10,37,10_noinit_batch_cmd_SELECT_1_csv,37_noinit_batch_cmd_PRAGMA_schema_version_PRAGMA_user_version_list,2,2,2,2,1.0
sqlite3,sqlite3,10,38,10_noinit_batch_cmd_SELECT_1_csv,38_noinit_batch_cmd_PRAGMA_schema_version_PRAGMA_user_version_csv,2,2,2,2,1.0
sqlite3,sqlite3,10,39,10_noinit_batch_cmd_SELECT_1_csv,39_noinit_batch_cmd_PRAGMA_schema_version_PRAGMA_user_version_json,2,2,2,2,1.0
sqlite3,sqlite3,10,40,10_noinit_batch_cmd_SELECT_1_csv,40_noinit_batch_cmd_PRAGMA_schema_version_PRAGMA_user_version_mmap_0,2,2,2,2,1.0
sqlite3,sqlite3,10,41,10_noinit_batch_cmd_SELECT_1_csv,41_noinit_batch_cmd_PRAGMA_schema_version_PRAGMA_user_version_mmap_1048576,2,2,2,2,1.0
sqlite3,sqlite3,10,42,10_noinit_batch_cmd_SELECT_1_csv,42_noinit_batch_cmd_SELECT_count_FROM_sqlite_master_nofollow,2,2,2,2,1.0
sqlite3,sqlite3,10,43,10_noinit_batch_cmd_SELECT_1_csv,43_noinit_batch_cmd_SELECT_count_FROM_sqlite_master_safe,2,2,2,2,1.0
sqlite3,sqlite3,10,44,10_noinit_batch_cmd_SELECT_1_csv,44_noinit_batch_cmd_SELECT_count_FROM_sqlite_master_list,2,2,2,2,1.0
sqlite3,sqlite3,10,45,10_noinit_batch_cmd_SELECT_1_csv,45_noinit_batch_cmd_SELECT_count_FROM_sqlite_master_csv,2,2,2,2,1.0
sqlite3,sqlite3,10,46,10_noinit_batch_cmd_SELECT_1_csv,46_noinit_batch_cmd_SELECT_count_FROM_sqlite_master_json,2,2,2,2,1.0
sqlite3,sqlite3,10,47,10_noinit_batch_cmd_SELECT_1_csv,47_noinit_batch_cmd_SELECT_count_FROM_sqlite_master_mmap_0,2,2,2,2,1.0
sqlite3,sqlite3,10,48,10_noinit_batch_cmd_SELECT_1_csv,48_noinit_batch_cmd_SELECT_count_FROM_sqlite_master_mmap_1048576,2,2,2,2,1.0
sqlite3,sqlite3,11,12,11_noinit_batch_cmd_SELECT_1_json,12_noinit_batch_cmd_SELECT_1_mmap_0,2,2,2,2,1.0
sqlite3,sqlite3,11,13,11_noinit_batch_cmd_SELECT_1_json,13_noinit_batch_cmd_SELECT_1_mmap_1048576,2,2,2,2,1.0
sqlite3,sqlite3,11,14,11_noinit_batch_cmd_SELECT_1_json,14_noinit_batch_cmd_SELECT_name_type_FROM_sqlite_master_nofollow,2,2,2,2,1.0
sqlite3,sqlite3,11,15,11_noinit_batch_cmd_SELECT_1_json,15_noinit_batch_cmd_SELECT_name_type_FROM_sqlite_master_safe,2,2,2,2,1.0
sqlite3,sqlite3,11,16,11_noinit_batch_cmd_SELECT_1_json,16_noinit_batch_cmd_SELECT_name_type_FROM_sqlite_master_list,2,2,2,2,1.0
sqlite3,sqlite3,11,17,11_noinit_batch_cmd_SELECT_1_json,17_noinit_batch_cmd_SELECT_name_type_FROM_sqlite_master_csv,2,2,2,2,1.0
sqlite3,sqlite3,11,18,11_noinit_batch_cmd_SELECT_1_json,18_noinit_batch_cmd_SELECT_name_type_FROM_sqlite_master_json,2,2,2,2,1.0
sqlite3,sqlite3,11,19,11_noinit_batch_cmd_SELECT_1_json,19_noinit_batch_cmd_SELECT_name_type_FROM_sqlite_master_mmap_0,2,2,2,2,1.0
sqlite3,sqlite3,11,20,11_noinit_batch_cmd_SELECT_1_json,20_noinit_batch_cmd_SELECT_name_type_FROM_sqlite_master_mmap_1048576,2,2,2,2,1.0
sqlite3,sqlite3,11,21,11_noinit_batch_cmd_SELECT_1_json,21_noinit_batch_cmd_PRAGMA_integrity_check_nofollow,2,2,2,2,1.0
sqlite3,sqlite3,11,22,11_noinit_batch_cmd_SELECT_1_json,22_noinit_batch_cmd_PRAGMA_integrity_check_safe,2,2,2,2,1.0
sqlite3,sqlite3,11,23,11_noinit_batch_cmd_SELECT_1_json,23_noinit_batch_cmd_PRAGMA_integrity_check_list,2,2,2,2,1.0
sqlite3,sqlite3,11,24,11_noinit_batch_cmd_SELECT_1_json,24_noinit_batch_cmd_PRAGMA_integrity_check_csv,2,2,2,2,1.0
sqlite3,sqlite3,11,25,11_noinit_batch_cmd_SELECT_1_json,25_noinit_batch_cmd_PRAGMA_integrity_check_json,2,2,2,2,1.0
sqlite3,sqlite3,11,26,11_noinit_batch_cmd_SELECT_1_json,26_noinit_batch_cmd_PRAGMA_integrity_check_mmap_0,2,2,2,2,1.0
sqlite3,sqlite3,11,27,11_noinit_batch_cmd_SELECT_1_json,27_noinit_batch_cmd_PRAGMA_integrity_check_mmap_1048576,2,2,2,2,1.0
sqlite3,sqlite3,11,28,11_noinit_batch_cmd_SELECT_1_json,28_noinit_batch_cmd_PRAGMA_quick_check_nofollow,2,2,2,2,1.0
sqlite3,sqlite3,11,29,11_noinit_batch_cmd_SELECT_1_json,29_noinit_batch_cmd_PRAGMA_quick_check_safe,2,2,2,2,1.0
sqlite3,sqlite3,11,30,11_noinit_batch_cmd_SELECT_1_json,30_noinit_batch_cmd_PRAGMA_quick_check_list,2,2,2,2,1.0
sqlite3,sqlite3,11,31,11_noinit_batch_cmd_SELECT_1_json,31_noinit_batch_cmd_PRAGMA_quick_check_csv,2,2,2,2,1.0
sqlite3,sqlite3,11,32,11_noinit_batch_cmd_SELECT_1_json,32_noinit_batch_cmd_PRAGMA_quick_check_json,2,2,2,2,1.0
sqlite3,sqlite3,11,33,11_noinit_batch_cmd_SELECT_1_json,33_noinit_batch_cmd_PRAGMA_quick_check_mmap_0,2,2,2,2,1.0
sqlite3,sqlite3,11,34,11_noinit_batch_cmd_SELECT_1_json,34_noinit_batch_cmd_PRAGMA_quick_check_mmap_1048576,2,2,2,2,1.0
sqlite3,sqlite3,11,35,11_noinit_batch_cmd_SELECT_1_json,35_noinit_batch_cmd_PRAGMA_schema_version_PRAGMA_user_version_nofollow,2,2,2,2,1.0
sqlite3,sqlite3,11,36,11_noinit_batch_cmd_SELECT_1_json,36_noinit_batch_cmd_PRAGMA_schema_version_PRAGMA_user_version_safe,2,2,2,2,1.0
sqlite3,sqlite3,11,37,11_noinit_batch_cmd_SELECT_1_json,37_noinit_batch_cmd_PRAGMA_schema_version_PRAGMA_user_version_list,2,2,2,2,1.0
sqlite3,sqlite3,11,38,11_noinit_batch_cmd_SELECT_1_json,38_noinit_batch_cmd_PRAGMA_schema_version_PRAGMA_user_version_csv,2,2,2,2,1.0
sqlite3,sqlite3,11,39,11_noinit_batch_cmd_SELECT_1_json,39_noinit_batch_cmd_PRAGMA_schema_version_PRAGMA_user_version_json,2,2,2,2,1.0
sqlite3,sqlite3,11,40,11_noinit_batch_cmd_SELECT_1_json,40_noinit_batch_cmd_PRAGMA_schema_version_PRAGMA_user_version_mmap_0,2,2,2,2,1.0
sqlite3,sqlite3,11,41,11_noinit_batch_cmd_SELECT_1_json,41_noinit_batch_cmd_PRAGMA_schema_version_PRAGMA_user_version_mmap_1048576,2,2,2,2,1.0
sqlite3,sqlite3,11,42,11_noinit_batch_cmd_SELECT_1_json,42_noinit_batch_cmd_SELECT_count_FROM_sqlite_master_nofollow,2,2,2,2,1.0
sqlite3,sqlite3,11,43,11_noinit_batch_cmd_SELECT_1_json,43_noinit_batch_cmd_SELECT_count_FROM_sqlite_master_safe,2,2,2,2,1.0
sqlite3,sqlite3,11,44,11_noinit_batch_cmd_SELECT_1_json,44_noinit_batch_cmd_SELECT_count_FROM_sqlite_master_list,2,2,2,2,1.0
sqlite3,sqlite3,11,45,11_noinit_batch_cmd_SELECT_1_json,45_noinit_batch_cmd_SELECT_count_FROM_sqlite_master_csv,2,2,2,2,1.0
sqlite3,sqlite3,11,46,11_noinit_batch_cmd_SELECT_1_json,46_noinit_batch_cmd_SELECT_count_FROM_sqlite_master_json,2,2,2,2,1.0
sqlite3,sqlite3,11,47,11_noinit_batch_cmd_SELECT_1_json,47_noinit_batch_cmd_SELECT_count_FROM_sqlite_master_mmap_0,2,2,2,2,1.0
sqlite3,sqlite3,11,48,11_noinit_batch_cmd_SELECT_1_json,48_noinit_batch_cmd_SELECT_count_FROM_sqlite_master_mmap_1048576,2,2,2,2,1.0
sqlite3,sqlite3,12,13,12_noinit_batch_cmd_SELECT_1_mmap_0,13_noinit_batch_cmd_SELECT_1_mmap_1048576,2,2,2,2,1.0
sqlite3,sqlite3,12,14,12_noinit_batch_cmd_SELECT_1_mmap_0,14_noinit_batch_cmd_SELECT_name_type_FROM_sqlite_master_nofollow,2,2,2,2,1.0
sqlite3,sqlite3,12,15,12_noinit_batch_cmd_SELECT_1_mmap_0,15_noinit_batch_cmd_SELECT_name_type_FROM_sqlite_master_safe,2,2,2,2,1.0
sqlite3,sqlite3,12,16,12_noinit_batch_cmd_SELECT_1_mmap_0,16_noinit_batch_cmd_SELECT_name_type_FROM_sqlite_master_list,2,2,2,2,1.0
sqlite3,sqlite3,12,17,12_noinit_batch_cmd_SELECT_1_mmap_0,17_noinit_batch_cmd_SELECT_name_type_FROM_sqlite_master_csv,2,2,2,2,1.0
sqlite3,sqlite3,12,18,12_noinit_batch_cmd_SELECT_1_mmap_0,18_noinit_batch_cmd_SELECT_name_type_FROM_sqlite_master_json,2,2,2,2,1.0
sqlite3,sqlite3,12,19,12_noinit_batch_cmd_SELECT_1_mmap_0,19_noinit_batch_cmd_SELECT_name_type_FROM_sqlite_master_mmap_0,2,2,2,2,1.0
sqlite3,sqlite3,12,20,12_noinit_batch_cmd_SELECT_1_mmap_0,20_noinit_batch_cmd_SELECT_name_type_FROM_sqlite_master_mmap_1048576,2,2,2,2,1.0
sqlite3,sqlite3,12,21,12_noinit_batch_cmd_SELECT_1_mmap_0,21_noinit_batch_cmd_PRAGMA_integrity_check_nofollow,2,2,2,2,1.0
sqlite3,sqlite3,12,22,12_noinit_batch_cmd_SELECT_1_mmap_0,22_noinit_batch_cmd_PRAGMA_integrity_check_safe,2,2,2,2,1.0
sqlite3,sqlite3,12,23,12_noinit_batch_cmd_SELECT_1_mmap_0,23_noinit_batch_cmd_PRAGMA_integrity_check_list,2,2,2,2,1.0
sqlite3,sqlite3,12,24,12_noinit_batch_cmd_SELECT_1_mmap_0,24_noinit_batch_cmd_PRAGMA_integrity_check_csv,2,2,2,2,1.0
sqlite3,sqlite3,12,25,12_noinit_batch_cmd_SELECT_1_mmap_0,25_noinit_batch_cmd_PRAGMA_integrity_check_json,2,2,2,2,1.0
sqlite3,sqlite3,12,26,12_noinit_batch_cmd_SELECT_1_mmap_0,26_noinit_batch_cmd_PRAGMA_integrity_check_mmap_0,2,2,2,2,1.0
sqlite3,sqlite3,12,27,12_noinit_batch_cmd_SELECT_1_mmap_0,27_noinit_batch_cmd_PRAGMA_integrity_check_mmap_1048576,2,2,2,2,1.0
sqlite3,sqlite3,12,28,12_noinit_batch_cmd_SELECT_1_mmap_0,28_noinit_batch_cmd_PRAGMA_quick_check_nofollow,2,2,2,2,1.0
sqlite3,sqlite3,12,29,12_noinit_batch_cmd_SELECT_1_mmap_0,29_noinit_batch_cmd_PRAGMA_quick_check_safe,2,2,2,2,1.0
sqlite3,sqlite3,12,30,12_noinit_batch_cmd_SELECT_1_mmap_0,30_noinit_batch_cmd_PRAGMA_quick_check_list,2,2,2,2,1.0
sqlite3,sqlite3,12,31,12_noinit_batch_cmd_SELECT_1_mmap_0,31_noinit_batch_cmd_PRAGMA_quick_check_csv,2,2,2,2,1.0
sqlite3,sqlite3,12,32,12_noinit_batch_cmd_SELECT_1_mmap_0,32_noinit_batch_cmd_PRAGMA_quick_check_json,2,2,2,2,1.0
sqlite3,sqlite3,12,33,12_noinit_batch_cmd_SELECT_1_mmap_0,33_noinit_batch_cmd_PRAGMA_quick_check_mmap_0,2,2,2,2,1.0
sqlite3,sqlite3,12,34,12_noinit_batch_cmd_SELECT_1_mmap_0,34_noinit_batch_cmd_PRAGMA_quick_check_mmap_1048576,2,2,2,2,1.0
sqlite3,sqlite3,12,35,12_noinit_batch_cmd_SELECT_1_mmap_0,35_noinit_batch_cmd_PRAGMA_schema_version_PRAGMA_user_version_nofollow,2,2,2,2,1.0
sqlite3,sqlite3,12,36,12_noinit_batch_cmd_SELECT_1_mmap_0,36_noinit_batch_cmd_PRAGMA_schema_version_PRAGMA_user_version_safe,2,2,2,2,1.0
sqlite3,sqlite3,12,37,12_noinit_batch_cmd_SELECT_1_mmap_0,37_noinit_batch_cmd_PRAGMA_schema_version_PRAGMA_user_version_list,2,2,2,2,1.0
sqlite3,sqlite3,12,38,12_noinit_batch_cmd_SELECT_1_mmap_0,38_noinit_batch_cmd_PRAGMA_schema_version_PRAGMA_user_version_csv,2,2,2,2,1.0
sqlite3,sqlite3,12,39,12_noinit_batch_cmd_SELECT_1_mmap_0,39_noinit_batch_cmd_PRAGMA_schema_version_PRAGMA_user_version_json,2,2,2,2,1.0
sqlite3,sqlite3,12,40,12_noinit_batch_cmd_SELECT_1_mmap_0,40_noinit_batch_cmd_PRAGMA_schema_version_PRAGMA_user_version_mmap_0,2,2,2,2,1.0
sqlite3,sqlite3,12,41,12_noinit_batch_cmd_SELECT_1_mmap_0,41_noinit_batch_cmd_PRAGMA_schema_version_PRAGMA_user_version_mmap_1048576,2,2,2,2,1.0
sqlite3,sqlite3,12,42,12_noinit_batch_cmd_SELECT_1_mmap_0,42_noinit_batch_cmd_SELECT_count_FROM_sqlite_master_nofollow,2,2,2,2,1.0
sqlite3,sqlite3,12,43,12_noinit_batch_cmd_SELECT_1_mmap_0,43_noinit_batch_cmd_SELECT_count_FROM_sqlite_master_safe,2,2,2,2,1.0
sqlite3,sqlite3,12,44,12_noinit_batch_cmd_SELECT_1_mmap_0,44_noinit_batch_cmd_SELECT_count_FROM_sqlite_master_list,2,2,2,2,1.0
sqlite3,sqlite3,12,45,12_noinit_batch_cmd_SELECT_1_mmap_0,45_noinit_batch_cmd_SELECT_count_FROM_sqlite_master_csv,2,2,2,2,1.0
sqlite3,sqlite3,12,46,12_noinit_batch_cmd_SELECT_1_mmap_0,46_noinit_batch_cmd_SELECT_count_FROM_sqlite_master_json,2,2,2,2,1.0
sqlite3,sqlite3,12,47,12_noinit_batch_cmd_SELECT_1_mmap_0,47_noinit_batch_cmd_SELECT_count_FROM_sqlite_master_mmap_0,2,2,2,2,1.0
sqlite3,sqlite3,12,48,12_noinit_batch_cmd_SELECT_1_mmap_0,48_noinit_batch_cmd_SELECT_count_FROM_sqlite_master_mmap_1048576,2,2,2,2,1.0
sqlite3,sqlite3,13,14,13_noinit_batch_cmd_SELECT_1_mmap_1048576,14_noinit_batch_cmd_SELECT_name_type_FROM_sqlite_master_nofollow,2,2,2,2,1.0
sqlite3,sqlite3,13,15,13_noinit_batch_cmd_SELECT_1_mmap_1048576,15_noinit_batch_cmd_SELECT_name_type_FROM_sqlite_master_safe,2,2,2,2,1.0
sqlite3,sqlite3,13,16,13_noinit_batch_cmd_SELECT_1_mmap_1048576,16_noinit_batch_cmd_SELECT_name_type_FROM_sqlite_master_list,2,2,2,2,1.0
sqlite3,sqlite3,13,17,13_noinit_batch_cmd_SELECT_1_mmap_1048576,17_noinit_batch_cmd_SELECT_name_type_FROM_sqlite_master_csv,2,2,2,2,1.0
sqlite3,sqlite3,13,18,13_noinit_batch_cmd_SELECT_1_mmap_1048576,18_noinit_batch_cmd_SELECT_name_type_FROM_sqlite_master_json,2,2,2,2,1.0
sqlite3,sqlite3,13,19,13_noinit_batch_cmd_SELECT_1_mmap_1048576,19_noinit_batch_cmd_SELECT_name_type_FROM_sqlite_master_mmap_0,2,2,2,2,1.0
sqlite3,sqlite3,13,20,13_noinit_batch_cmd_SELECT_1_mmap_1048576,20_noinit_batch_cmd_SELECT_name_type_FROM_sqlite_master_mmap_1048576,2,2,2,2,1.0
sqlite3,sqlite3,13,21,13_noinit_batch_cmd_SELECT_1_mmap_1048576,21_noinit_batch_cmd_PRAGMA_integrity_check_nofollow,2,2,2,2,1.0
sqlite3,sqlite3,13,22,13_noinit_batch_cmd_SELECT_1_mmap_1048576,22_noinit_batch_cmd_PRAGMA_integrity_check_safe,2,2,2,2,1.0
sqlite3,sqlite3,13,23,13_noinit_batch_cmd_SELECT_1_mmap_1048576,23_noinit_batch_cmd_PRAGMA_integrity_check_list,2,2,2,2,1.0
sqlite3,sqlite3,13,24,13_noinit_batch_cmd_SELECT_1_mmap_1048576,24_noinit_batch_cmd_PRAGMA_integrity_check_csv,2,2,2,2,1.0
sqlite3,sqlite3,13,25,13_noinit_batch_cmd_SELECT_1_mmap_1048576,25_noinit_batch_cmd_PRAGMA_integrity_check_json,2,2,2,2,1.0
sqlite3,sqlite3,13,26,13_noinit_batch_cmd_SELECT_1_mmap_1048576,26_noinit_batch_cmd_PRAGMA_integrity_check_mmap_0,2,2,2,2,1.0
sqlite3,sqlite3,13,27,13_noinit_batch_cmd_SELECT_1_mmap_1048576,27_noinit_batch_cmd_PRAGMA_integrity_check_mmap_1048576,2,2,2,2,1.0
sqlite3,sqlite3,13,28,13_noinit_batch_cmd_SELECT_1_mmap_1048576,28_noinit_batch_cmd_PRAGMA_quick_check_nofollow,2,2,2,2,1.0
sqlite3,sqlite3,13,29,13_noinit_batch_cmd_SELECT_1_mmap_1048576,29_noinit_batch_cmd_PRAGMA_quick_check_safe,2,2,2,2,1.0
sqlite3,sqlite3,13,30,13_noinit_batch_cmd_SELECT_1_mmap_1048576,30_noinit_batch_cmd_PRAGMA_quick_check_list,2,2,2,2,1.0
sqlite3,sqlite3,13,31,13_noinit_batch_cmd_SELECT_1_mmap_1048576,31_noinit_batch_cmd_PRAGMA_quick_check_csv,2,2,2,2,1.0
sqlite3,sqlite3,13,32,13_noinit_batch_cmd_SELECT_1_mmap_1048576,32_noinit_batch_cmd_PRAGMA_quick_check_json,2,2,2,2,1.0
sqlite3,sqlite3,13,33,13_noinit_batch_cmd_SELECT_1_mmap_1048576,33_noinit_batch_cmd_PRAGMA_quick_check_mmap_0,2,2,2,2,1.0
sqlite3,sqlite3,13,34,13_noinit_batch_cmd_SELECT_1_mmap_1048576,34_noinit_batch_cmd_PRAGMA_quick_check_mmap_1048576,2,2,2,2,1.0
sqlite3,sqlite3,13,35,13_noinit_batch_cmd_SELECT_1_mmap_1048576,35_noinit_batch_cmd_PRAGMA_schema_version_PRAGMA_user_version_nofollow,2,2,2,2,1.0
sqlite3,sqlite3,13,36,13_noinit_batch_cmd_SELECT_1_mmap_1048576,36_noinit_batch_cmd_PRAGMA_schema_version_PRAGMA_user_version_safe,2,2,2,2,1.0
sqlite3,sqlite3,13,37,13_noinit_batch_cmd_SELECT_1_mmap_1048576,37_noinit_batch_cmd_PRAGMA_schema_version_PRAGMA_user_version_list,2,2,2,2,1.0
sqlite3,sqlite3,13,38,13_noinit_batch_cmd_SELECT_1_mmap_1048576,38_noinit_batch_cmd_PRAGMA_schema_version_PRAGMA_user_version_csv,2,2,2,2,1.0
sqlite3,sqlite3,13,39,13_noinit_batch_cmd_SELECT_1_mmap_1048576,39_noinit_batch_cmd_PRAGMA_schema_version_PRAGMA_user_version_json,2,2,2,2,1.0
sqlite3,sqlite3,13,40,13_noinit_batch_cmd_SELECT_1_mmap_1048576,40_noinit_batch_cmd_PRAGMA_schema_version_PRAGMA_user_version_mmap_0,2,2,2,2,1.0
sqlite3,sqlite3,13,41,13_noinit_batch_cmd_SELECT_1_mmap_1048576,41_noinit_batch_cmd_PRAGMA_schema_version_PRAGMA_user_version_mmap_1048576,2,2,2,2,1.0
sqlite3,sqlite3,13,42,13_noinit_batch_cmd_SELECT_1_mmap_1048576,42_noinit_batch_cmd_SELECT_count_FROM_sqlite_master_nofollow,2,2,2,2,1.0
sqlite3,sqlite3,13,43,13_noinit_batch_cmd_SELECT_1_mmap_1048576,43_noinit_batch_cmd_SELECT_count_FROM_sqlite_master_safe,2,2,2,2,1.0
sqlite3,sqlite3,13,44,13_noinit_batch_cmd_SELECT_1_mmap_1048576,44_noinit_batch_cmd_SELECT_count_FROM_sqlite_master_list,2,2,2,2,1.0
sqlite3,sqlite3,13,45,13_noinit_batch_cmd_SELECT_1_mmap_1048576,45_noinit_batch_cmd_SELECT_count_FROM_sqlite_master_csv,2,2,2,2,1.0
sqlite3,sqlite3,13,46,13_noinit_batch_cmd_SELECT_1_mmap_1048576,46_noinit_batch_cmd_SELECT_count_FROM_sqlite_master_json,2,2,2,2,1.0
sqlite3,sqlite3,13,47,13_noinit_batch_cmd_SELECT_1_mmap_1048576,47_noinit_batch_cmd_SELECT_count_FROM_sqlite_master_mmap_0,2,2,2,2,1.0
sqlite3,sqlite3,13,48,13_noinit_batch_cmd_SELECT_1_mmap_1048576,48_noinit_batch_cmd_SELECT_count_FROM_sqlite_master_mmap_1048576,2,2,2,2,1.0
sqlite3,sqlite3,14,15,14_noinit_batch_cmd_SELECT_name_type_FROM_sqlite_master_nofollow,15_noinit_batch_cmd_SELECT_name_type_FROM_sqlite_master_safe,2,2,2,2,1.0
sqlite3,sqlite3,14,16,14_noinit_batch_cmd_SELECT_name_type_FROM_sqlite_master_nofollow,16_noinit_batch_cmd_SELECT_name_type_FROM_sqlite_master_list,2,2,2,2,1.0
sqlite3,sqlite3,14,17,14_noinit_batch_cmd_SELECT_name_type_FROM_sqlite_master_nofollow,17_noinit_batch_cmd_SELECT_name_type_FROM_sqlite_master_csv,2,2,2,2,1.0
sqlite3,sqlite3,14,18,14_noinit_batch_cmd_SELECT_name_type_FROM_sqlite_master_nofollow,18_noinit_batch_cmd_SELECT_name_type_FROM_sqlite_master_json,2,2,2,2,1.0
sqlite3,sqlite3,14,19,14_noinit_batch_cmd_SELECT_name_type_FROM_sqlite_master_nofollow,19_noinit_batch_cmd_SELECT_name_type_FROM_sqlite_master_mmap_0,2,2,2,2,1.0
sqlite3,sqlite3,14,20,14_noinit_batch_cmd_SELECT_name_type_FROM_sqlite_master_nofollow,20_noinit_batch_cmd_SELECT_name_type_FROM_sqlite_master_mmap_1048576,2,2,2,2,1.0
sqlite3,sqlite3,14,21,14_noinit_batch_cmd_SELECT_name_type_FROM_sqlite_master_nofollow,21_noinit_batch_cmd_PRAGMA_integrity_check_nofollow,2,2,2,2,1.0
sqlite3,sqlite3,14,22,14_noinit_batch_cmd_SELECT_name_type_FROM_sqlite_master_nofollow,22_noinit_batch_cmd_PRAGMA_integrity_check_safe,2,2,2,2,1.0
sqlite3,sqlite3,14,23,14_noinit_batch_cmd_SELECT_name_type_FROM_sqlite_master_nofollow,23_noinit_batch_cmd_PRAGMA_integrity_check_list,2,2,2,2,1.0
sqlite3,sqlite3,14,24,14_noinit_batch_cmd_SELECT_name_type_FROM_sqlite_master_nofollow,24_noinit_batch_cmd_PRAGMA_integrity_check_csv,2,2,2,2,1.0
sqlite3,sqlite3,14,25,14_noinit_batch_cmd_SELECT_name_type_FROM_sqlite_master_nofollow,25_noinit_batch_cmd_PRAGMA_integrity_check_json,2,2,2,2,1.0
sqlite3,sqlite3,14,26,14_noinit_batch_cmd_SELECT_name_type_FROM_sqlite_master_nofollow,26_noinit_batch_cmd_PRAGMA_integrity_check_mmap_0,2,2,2,2,1.0
sqlite3,sqlite3,14,27,14_noinit_batch_cmd_SELECT_name_type_FROM_sqlite_master_nofollow,27_noinit_batch_cmd_PRAGMA_integrity_check_mmap_1048576,2,2,2,2,1.0
sqlite3,sqlite3,14,28,14_noinit_batch_cmd_SELECT_name_type_FROM_sqlite_master_nofollow,28_noinit_batch_cmd_PRAGMA_quick_check_nofollow,2,2,2,2,1.0
sqlite3,sqlite3,14,29,14_noinit_batch_cmd_SELECT_name_type_FROM_sqlite_master_nofollow,29_noinit_batch_cmd_PRAGMA_quick_check_safe,2,2,2,2,1.0
sqlite3,sqlite3,14,30,14_noinit_batch_cmd_SELECT_name_type_FROM_sqlite_master_nofollow,30_noinit_batch_cmd_PRAGMA_quick_check_list,2,2,2,2,1.0
sqlite3,sqlite3,14,31,14_noinit_batch_cmd_SELECT_name_type_FROM_sqlite_master_nofollow,31_noinit_batch_cmd_PRAGMA_quick_check_csv,2,2,2,2,1.0
sqlite3,sqlite3,14,32,14_noinit_batch_cmd_SELECT_name_type_FROM_sqlite_master_nofollow,32_noinit_batch_cmd_PRAGMA_quick_check_json,2,2,2,2,1.0
sqlite3,sqlite3,14,33,14_noinit_batch_cmd_SELECT_name_type_FROM_sqlite_master_nofollow,33_noinit_batch_cmd_PRAGMA_quick_check_mmap_0,2,2,2,2,1.0
sqlite3,sqlite3,14,34,14_noinit_batch_cmd_SELECT_name_type_FROM_sqlite_master_nofollow,34_noinit_batch_cmd_PRAGMA_quick_check_mmap_1048576,2,2,2,2,1.0
sqlite3,sqlite3,14,35,14_noinit_batch_cmd_SELECT_name_type_FROM_sqlite_master_nofollow,35_noinit_batch_cmd_PRAGMA_schema_version_PRAGMA_user_version_nofollow,2,2,2,2,1.0
sqlite3,sqlite3,14,36,14_noinit_batch_cmd_SELECT_name_type_FROM_sqlite_master_nofollow,36_noinit_batch_cmd_PRAGMA_schema_version_PRAGMA_user_version_safe,2,2,2,2,1.0
sqlite3,sqlite3,14,37,14_noinit_batch_cmd_SELECT_name_type_FROM_sqlite_master_nofollow,37_noinit_batch_cmd_PRAGMA_schema_version_PRAGMA_user_version_list,2,2,2,2,1.0
sqlite3,sqlite3,14,38,14_noinit_batch_cmd_SELECT_name_type_FROM_sqlite_master_nofollow,38_noinit_batch_cmd_PRAGMA_schema_version_PRAGMA_user_version_csv,2,2,2,2,1.0
sqlite3,sqlite3,14,39,14_noinit_batch_cmd_SELECT_name_type_FROM_sqlite_master_nofollow,39_noinit_batch_cmd_PRAGMA_schema_version_PRAGMA_user_version_json,2,2,2,2,1.0
sqlite3,sqlite3,14,40,14_noinit_batch_cmd_SELECT_name_type_FROM_sqlite_master_nofollow,40_noinit_batch_cmd_PRAGMA_schema_version_PRAGMA_user_version_mmap_0,2,2,2,2,1.0
sqlite3,sqlite3,14,41,14_noinit_batch_cmd_SELECT_name_type_FROM_sqlite_master_nofollow,41_noinit_batch_cmd_PRAGMA_schema_version_PRAGMA_user_version_mmap_1048576,2,2,2,2,1.0
sqlite3,sqlite3,14,42,14_noinit_batch_cmd_SELECT_name_type_FROM_sqlite_master_nofollow,42_noinit_batch_cmd_SELECT_count_FROM_sqlite_master_nofollow,2,2,2,2,1.0
sqlite3,sqlite3,14,43,14_noinit_batch_cmd_SELECT_name_type_FROM_sqlite_master_nofollow,43_noinit_batch_cmd_SELECT_count_FROM_sqlite_master_safe,2,2,2,2,1.0
sqlite3,sqlite3,14,44,14_noinit_batch_cmd_SELECT_name_type_FROM_sqlite_master_nofollow,44_noinit_batch_cmd_SELECT_count_FROM_sqlite_master_list,2,2,2,2,1.0
sqlite3,sqlite3,14,45,14_noinit_batch_cmd_SELECT_name_type_FROM_sqlite_master_nofollow,45_noinit_batch_cmd_SELECT_count_FROM_sqlite_master_csv,2,2,2,2,1.0
sqlite3,sqlite3,14,46,14_noinit_batch_cmd_SELECT_name_type_FROM_sqlite_master_nofollow,46_noinit_batch_cmd_SELECT_count_FROM_sqlite_master_json,2,2,2,2,1.0
sqlite3,sqlite3,14,47,14_noinit_batch_cmd_SELECT_name_type_FROM_sqlite_master_nofollow,47_noinit_batch_cmd_SELECT_count_FROM_sqlite_master_mmap_0,2,2,2,2,1.0
sqlite3,sqlite3,14,48,14_noinit_batch_cmd_SELECT_name_type_FROM_sqlite_master_nofollow,48_noinit_batch_cmd_SELECT_count_FROM_sqlite_master_mmap_1048576,2,2,2,2,1.0
sqlite3,sqlite3,15,16,15_noinit_batch_cmd_SELECT_name_type_FROM_sqlite_master_safe,16_noinit_batch_cmd_SELECT_name_type_FROM_sqlite_master_list,2,2,2,2,1.0
sqlite3,sqlite3,15,17,15_noinit_batch_cmd_SELECT_name_type_FROM_sqlite_master_safe,17_noinit_batch_cmd_SELECT_name_type_FROM_sqlite_master_csv,2,2,2,2,1.0
sqlite3,sqlite3,15,18,15_noinit_batch_cmd_SELECT_name_type_FROM_sqlite_master_safe,18_noinit_batch_cmd_SELECT_name_type_FROM_sqlite_master_json,2,2,2,2,1.0
sqlite3,sqlite3,15,19,15_noinit_batch_cmd_SELECT_name_type_FROM_sqlite_master_safe,19_noinit_batch_cmd_SELECT_name_type_FROM_sqlite_master_mmap_0,2,2,2,2,1.0
sqlite3,sqlite3,15,20,15_noinit_batch_cmd_SELECT_name_type_FROM_sqlite_master_safe,20_noinit_batch_cmd_SELECT_name_type_FROM_sqlite_master_mmap_1048576,2,2,2,2,1.0
sqlite3,sqlite3,15,21,15_noinit_batch_cmd_SELECT_name_type_FROM_sqlite_master_safe,21_noinit_batch_cmd_PRAGMA_integrity_check_nofollow,2,2,2,2,1.0
sqlite3,sqlite3,15,22,15_noinit_batch_cmd_SELECT_name_type_FROM_sqlite_master_safe,22_noinit_batch_cmd_PRAGMA_integrity_check_safe,2,2,2,2,1.0
sqlite3,sqlite3,15,23,15_noinit_batch_cmd_SELECT_name_type_FROM_sqlite_master_safe,23_noinit_batch_cmd_PRAGMA_integrity_check_list,2,2,2,2,1.0
sqlite3,sqlite3,15,24,15_noinit_batch_cmd_SELECT_name_type_FROM_sqlite_master_safe,24_noinit_batch_cmd_PRAGMA_integrity_check_csv,2,2,2,2,1.0
sqlite3,sqlite3,15,25,15_noinit_batch_cmd_SELECT_name_type_FROM_sqlite_master_safe,25_noinit_batch_cmd_PRAGMA_integrity_check_json,2,2,2,2,1.0
sqlite3,sqlite3,15,26,15_noinit_batch_cmd_SELECT_name_type_FROM_sqlite_master_safe,26_noinit_batch_cmd_PRAGMA_integrity_check_mmap_0,2,2,2,2,1.0
sqlite3,sqlite3,15,27,15_noinit_batch_cmd_SELECT_name_type_FROM_sqlite_master_safe,27_noinit_batch_cmd_PRAGMA_integrity_check_mmap_1048576,2,2,2,2,1.0
sqlite3,sqlite3,15,28,15_noinit_batch_cmd_SELECT_name_type_FROM_sqlite_master_safe,28_noinit_batch_cmd_PRAGMA_quick_check_nofollow,2,2,2,2,1.0
sqlite3,sqlite3,15,29,15_noinit_batch_cmd_SELECT_name_type_FROM_sqlite_master_safe,29_noinit_batch_cmd_PRAGMA_quick_check_safe,2,2,2,2,1.0
sqlite3,sqlite3,15,30,15_noinit_batch_cmd_SELECT_name_type_FROM_sqlite_master_safe,30_noinit_batch_cmd_PRAGMA_quick_check_list,2,2,2,2,1.0
sqlite3,sqlite3,15,31,15_noinit_batch_cmd_SELECT_name_type_FROM_sqlite_master_safe,31_noinit_batch_cmd_PRAGMA_quick_check_csv,2,2,2,2,1.0
sqlite3,sqlite3,15,32,15_noinit_batch_cmd_SELECT_name_type_FROM_sqlite_master_safe,32_noinit_batch_cmd_PRAGMA_quick_check_json,2,2,2,2,1.0
sqlite3,sqlite3,15,33,15_noinit_batch_cmd_SELECT_name_type_FROM_sqlite_master_safe,33_noinit_batch_cmd_PRAGMA_quick_check_mmap_0,2,2,2,2,1.0
sqlite3,sqlite3,15,34,15_noinit_batch_cmd_SELECT_name_type_FROM_sqlite_master_safe,34_noinit_batch_cmd_PRAGMA_quick_check_mmap_1048576,2,2,2,2,1.0
sqlite3,sqlite3,15,35,15_noinit_batch_cmd_SELECT_name_type_FROM_sqlite_master_safe,35_noinit_batch_cmd_PRAGMA_schema_version_PRAGMA_user_version_nofollow,2,2,2,2,1.0
sqlite3,sqlite3,15,36,15_noinit_batch_cmd_SELECT_name_type_FROM_sqlite_master_safe,36_noinit_batch_cmd_PRAGMA_schema_version_PRAGMA_user_version_safe,2,2,2,2,1.0
sqlite3,sqlite3,15,37,15_noinit_batch_cmd_SELECT_name_type_FROM_sqlite_master_safe,37_noinit_batch_cmd_PRAGMA_schema_version_PRAGMA_user_version_list,2,2,2,2,1.0
sqlite3,sqlite3,15,38,15_noinit_batch_cmd_SELECT_name_type_FROM_sqlite_master_safe,38_noinit_batch_cmd_PRAGMA_schema_version_PRAGMA_user_version_csv,2,2,2,2,1.0
sqlite3,sqlite3,15,39,15_noinit_batch_cmd_SELECT_name_type_FROM_sqlite_master_safe,39_noinit_batch_cmd_PRAGMA_schema_version_PRAGMA_user_version_json,2,2,2,2,1.0
sqlite3,sqlite3,15,40,15_noinit_batch_cmd_SELECT_name_type_FROM_sqlite_master_safe,40_noinit_batch_cmd_PRAGMA_schema_version_PRAGMA_user_version_mmap_0,2,2,2,2,1.0
sqlite3,sqlite3,15,41,15_noinit_batch_cmd_SELECT_name_type_FROM_sqlite_master_safe,41_noinit_batch_cmd_PRAGMA_schema_version_PRAGMA_user_version_mmap_1048576,2,2,2,2,1.0
sqlite3,sqlite3,15,42,15_noinit_batch_cmd_SELECT_name_type_FROM_sqlite_master_safe,42_noinit_batch_cmd_SELECT_count_FROM_sqlite_master_nofollow,2,2,2,2,1.0
sqlite3,sqlite3,15,43,15_noinit_batch_cmd_SELECT_name_type_FROM_sqlite_master_safe,43_noinit_batch_cmd_SELECT_count_FROM_sqlite_master_safe,2,2,2,2,1.0
sqlite3,sqlite3,15,44,15_noinit_batch_cmd_SELECT_name_type_FROM_sqlite_master_safe,44_noinit_batch_cmd_SELECT_count_FROM_sqlite_master_list,2,2,2,2,1.0
sqlite3,sqlite3,15,45,15_noinit_batch_cmd_SELECT_name_type_FROM_sqlite_master_safe,45_noinit_batch_cmd_SELECT_count_FROM_sqlite_master_csv,2,2,2,2,1.0
sqlite3,sqlite3,15,46,15_noinit_batch_cmd_SELECT_name_type_FROM_sqlite_master_safe,46_noinit_batch_cmd_SELECT_count_FROM_sqlite_master_json,2,2,2,2,1.0
sqlite3,sqlite3,15,47,15_noinit_batch_cmd_SELECT_name_type_FROM_sqlite_master_safe,47_noinit_batch_cmd_SELECT_count_FROM_sqlite_master_mmap_0,2,2,2,2,1.0
sqlite3,sqlite3,15,48,15_noinit_batch_cmd_SELECT_name_type_FROM_sqlite_master_safe,48_noinit_batch_cmd_SELECT_count_FROM_sqlite_master_mmap_1048576,2,2,2,2,1.0
sqlite3,sqlite3,16,17,16_noinit_batch_cmd_SELECT_name_type_FROM_sqlite_master_list,17_noinit_batch_cmd_SELECT_name_type_FROM_sqlite_master_csv,2,2,2,2,1.0
sqlite3,sqlite3,16,18,16_noinit_batch_cmd_SELECT_name_type_FROM_sqlite_master_list,18_noinit_batch_cmd_SELECT_name_type_FROM_sqlite_master_json,2,2,2,2,1.0
sqlite3,sqlite3,16,19,16_noinit_batch_cmd_SELECT_name_type_FROM_sqlite_master_list,19_noinit_batch_cmd_SELECT_name_type_FROM_sqlite_master_mmap_0,2,2,2,2,1.0
sqlite3,sqlite3,16,20,16_noinit_batch_cmd_SELECT_name_type_FROM_sqlite_master_list,20_noinit_batch_cmd_SELECT_name_type_FROM_sqlite_master_mmap_1048576,2,2,2,2,1.0
sqlite3,sqlite3,16,21,16_noinit_batch_cmd_SELECT_name_type_FROM_sqlite_master_list,21_noinit_batch_cmd_PRAGMA_integrity_check_nofollow,2,2,2,2,1.0
sqlite3,sqlite3,16,22,16_noinit_batch_cmd_SELECT_name_type_FROM_sqlite_master_list,22_noinit_batch_cmd_PRAGMA_integrity_check_safe,2,2,2,2,1.0
sqlite3,sqlite3,16,23,16_noinit_batch_cmd_SELECT_name_type_FROM_sqlite_master_list,23_noinit_batch_cmd_PRAGMA_integrity_check_list,2,2,2,2,1.0
sqlite3,sqlite3,16,24,16_noinit_batch_cmd_SELECT_name_type_FROM_sqlite_master_list,24_noinit_batch_cmd_PRAGMA_integrity_check_csv,2,2,2,2,1.0
sqlite3,sqlite3,16,25,16_noinit_batch_cmd_SELECT_name_type_FROM_sqlite_master_list,25_noinit_batch_cmd_PRAGMA_integrity_check_json,2,2,2,2,1.0
sqlite3,sqlite3,16,26,16_noinit_batch_cmd_SELECT_name_type_FROM_sqlite_master_list,26_noinit_batch_cmd_PRAGMA_integrity_check_mmap_0,2,2,2,2,1.0
sqlite3,sqlite3,16,27,16_noinit_batch_cmd_SELECT_name_type_FROM_sqlite_master_list,27_noinit_batch_cmd_PRAGMA_integrity_check_mmap_1048576,2,2,2,2,1.0
sqlite3,sqlite3,16,28,16_noinit_batch_cmd_SELECT_name_type_FROM_sqlite_master_list,28_noinit_batch_cmd_PRAGMA_quick_check_nofollow,2,2,2,2,1.0
sqlite3,sqlite3,16,29,16_noinit_batch_cmd_SELECT_name_type_FROM_sqlite_master_list,29_noinit_batch_cmd_PRAGMA_quick_check_safe,2,2,2,2,1.0
sqlite3,sqlite3,16,30,16_noinit_batch_cmd_SELECT_name_type_FROM_sqlite_master_list,30_noinit_batch_cmd_PRAGMA_quick_check_list,2,2,2,2,1.0
sqlite3,sqlite3,16,31,16_noinit_batch_cmd_SELECT_name_type_FROM_sqlite_master_list,31_noinit_batch_cmd_PRAGMA_quick_check_csv,2,2,2,2,1.0
sqlite3,sqlite3,16,32,16_noinit_batch_cmd_SELECT_name_type_FROM_sqlite_master_list,32_noinit_batch_cmd_PRAGMA_quick_check_json,2,2,2,2,1.0
sqlite3,sqlite3,16,33,16_noinit_batch_cmd_SELECT_name_type_FROM_sqlite_master_list,33_noinit_batch_cmd_PRAGMA_quick_check_mmap_0,2,2,2,2,1.0
sqlite3,sqlite3,16,34,16_noinit_batch_cmd_SELECT_name_type_FROM_sqlite_master_list,34_noinit_batch_cmd_PRAGMA_quick_check_mmap_1048576,2,2,2,2,1.0
sqlite3,sqlite3,16,35,16_noinit_batch_cmd_SELECT_name_type_FROM_sqlite_master_list,35_noinit_batch_cmd_PRAGMA_schema_version_PRAGMA_user_version_nofollow,2,2,2,2,1.0
sqlite3,sqlite3,16,36,16_noinit_batch_cmd_SELECT_name_type_FROM_sqlite_master_list,36_noinit_batch_cmd_PRAGMA_schema_version_PRAGMA_user_version_safe,2,2,2,2,1.0
sqlite3,sqlite3,16,37,16_noinit_batch_cmd_SELECT_name_type_FROM_sqlite_master_list,37_noinit_batch_cmd_PRAGMA_schema_version_PRAGMA_user_version_list,2,2,2,2,1.0
sqlite3,sqlite3,16,38,16_noinit_batch_cmd_SELECT_name_type_FROM_sqlite_master_list,38_noinit_batch_cmd_PRAGMA_schema_version_PRAGMA_user_version_csv,2,2,2,2,1.0
sqlite3,sqlite3,16,39,16_noinit_batch_cmd_SELECT_name_type_FROM_sqlite_master_list,39_noinit_batch_cmd_PRAGMA_schema_version_PRAGMA_user_version_json,2,2,2,2,1.0
sqlite3,sqlite3,16,40,16_noinit_batch_cmd_SELECT_name_type_FROM_sqlite_master_list,40_noinit_batch_cmd_PRAGMA_schema_version_PRAGMA_user_version_mmap_0,2,2,2,2,1.0
sqlite3,sqlite3,16,41,16_noinit_batch_cmd_SELECT_name_type_FROM_sqlite_master_list,41_noinit_batch_cmd_PRAGMA_schema_version_PRAGMA_user_version_mmap_1048576,2,2,2,2,1.0
sqlite3,sqlite3,16,42,16_noinit_batch_cmd_SELECT_name_type_FROM_sqlite_master_list,42_noinit_batch_cmd_SELECT_count_FROM_sqlite_master_nofollow,2,2,2,2,1.0
sqlite3,sqlite3,16,43,16_noinit_batch_cmd_SELECT_name_type_FROM_sqlite_master_list,43_noinit_batch_cmd_SELECT_count_FROM_sqlite_master_safe,2,2,2,2,1.0
sqlite3,sqlite3,16,44,16_noinit_batch_cmd_SELECT_name_type_FROM_sqlite_master_list,44_noinit_batch_cmd_SELECT_count_FROM_sqlite_master_list,2,2,2,2,1.0
sqlite3,sqlite3,16,45,16_noinit_batch_cmd_SELECT_name_type_FROM_sqlite_master_list,45_noinit_batch_cmd_SELECT_count_FROM_sqlite_master_csv,2,2,2,2,1.0
sqlite3,sqlite3,16,46,16_noinit_batch_cmd_SELECT_name_type_FROM_sqlite_master_list,46_noinit_batch_cmd_SELECT_count_FROM_sqlite_master_json,2,2,2,2,1.0
sqlite3,sqlite3,16,47,16_noinit_batch_cmd_SELECT_name_type_FROM_sqlite_master_list,47_noinit_batch_cmd_SELECT_count_FROM_sqlite_master_mmap_0,2,2,2,2,1.0
sqlite3,sqlite3,16,48,16_noinit_batch_cmd_SELECT_name_type_FROM_sqlite_master_list,48_noinit_batch_cmd_SELECT_count_FROM_sqlite_master_mmap_1048576,2,2,2,2,1.0
sqlite3,sqlite3,17,18,17_noinit_batch_cmd_SELECT_name_type_FROM_sqlite_master_csv,18_noinit_batch_cmd_SELECT_name_type_FROM_sqlite_master_json,2,2,2,2,1.0
sqlite3,sqlite3,17,19,17_noinit_batch_cmd_SELECT_name_type_FROM_sqlite_master_csv,19_noinit_batch_cmd_SELECT_name_type_FROM_sqlite_master_mmap_0,2,2,2,2,1.0
sqlite3,sqlite3,17,20,17_noinit_batch_cmd_SELECT_name_type_FROM_sqlite_master_csv,20_noinit_batch_cmd_SELECT_name_type_FROM_sqlite_master_mmap_1048576,2,2,2,2,1.0
sqlite3,sqlite3,17,21,17_noinit_batch_cmd_SELECT_name_type_FROM_sqlite_master_csv,21_noinit_batch_cmd_PRAGMA_integrity_check_nofollow,2,2,2,2,1.0
sqlite3,sqlite3,17,22,17_noinit_batch_cmd_SELECT_name_type_FROM_sqlite_master_csv,22_noinit_batch_cmd_PRAGMA_integrity_check_safe,2,2,2,2,1.0
sqlite3,sqlite3,17,23,17_noinit_batch_cmd_SELECT_name_type_FROM_sqlite_master_csv,23_noinit_batch_cmd_PRAGMA_integrity_check_list,2,2,2,2,1.0
sqlite3,sqlite3,17,24,17_noinit_batch_cmd_SELECT_name_type_FROM_sqlite_master_csv,24_noinit_batch_cmd_PRAGMA_integrity_check_csv,2,2,2,2,1.0
sqlite3,sqlite3,17,25,17_noinit_batch_cmd_SELECT_name_type_FROM_sqlite_master_csv,25_noinit_batch_cmd_PRAGMA_integrity_check_json,2,2,2,2,1.0
sqlite3,sqlite3,17,26,17_noinit_batch_cmd_SELECT_name_type_FROM_sqlite_master_csv,26_noinit_batch_cmd_PRAGMA_integrity_check_mmap_0,2,2,2,2,1.0
sqlite3,sqlite3,17,27,17_noinit_batch_cmd_SELECT_name_type_FROM_sqlite_master_csv,27_noinit_batch_cmd_PRAGMA_integrity_check_mmap_1048576,2,2,2,2,1.0
sqlite3,sqlite3,17,28,17_noinit_batch_cmd_SELECT_name_type_FROM_sqlite_master_csv,28_noinit_batch_cmd_PRAGMA_quick_check_nofollow,2,2,2,2,1.0
sqlite3,sqlite3,17,29,17_noinit_batch_cmd_SELECT_name_type_FROM_sqlite_master_csv,29_noinit_batch_cmd_PRAGMA_quick_check_safe,2,2,2,2,1.0
sqlite3,sqlite3,17,30,17_noinit_batch_cmd_SELECT_name_type_FROM_sqlite_master_csv,30_noinit_batch_cmd_PRAGMA_quick_check_list,2,2,2,2,1.0
sqlite3,sqlite3,17,31,17_noinit_batch_cmd_SELECT_name_type_FROM_sqlite_master_csv,31_noinit_batch_cmd_PRAGMA_quick_check_csv,2,2,2,2,1.0
sqlite3,sqlite3,17,32,17_noinit_batch_cmd_SELECT_name_type_FROM_sqlite_master_csv,32_noinit_batch_cmd_PRAGMA_quick_check_json,2,2,2,2,1.0
sqlite3,sqlite3,17,33,17_noinit_batch_cmd_SELECT_name_type_FROM_sqlite_master_csv,33_noinit_batch_cmd_PRAGMA_quick_check_mmap_0,2,2,2,2,1.0
sqlite3,sqlite3,17,34,17_noinit_batch_cmd_SELECT_name_type_FROM_sqlite_master_csv,34_noinit_batch_cmd_PRAGMA_quick_check_mmap_1048576,2,2,2,2,1.0
sqlite3,sqlite3,17,35,17_noinit_batch_cmd_SELECT_name_type_FROM_sqlite_master_csv,35_noinit_batch_cmd_PRAGMA_schema_version_PRAGMA_user_version_nofollow,2,2,2,2,1.0
sqlite3,sqlite3,17,36,17_noinit_batch_cmd_SELECT_name_type_FROM_sqlite_master_csv,36_noinit_batch_cmd_PRAGMA_schema_version_PRAGMA_user_version_safe,2,2,2,2,1.0
sqlite3,sqlite3,17,37,17_noinit_batch_cmd_SELECT_name_type_FROM_sqlite_master_csv,37_noinit_batch_cmd_PRAGMA_schema_version_PRAGMA_user_version_list,2,2,2,2,1.0
sqlite3,sqlite3,17,38,17_noinit_batch_cmd_SELECT_name_type_FROM_sqlite_master_csv,38_noinit_batch_cmd_PRAGMA_schema_version_PRAGMA_user_version_csv,2,2,2,2,1.0
sqlite3,sqlite3,17,39,17_noinit_batch_cmd_SELECT_name_type_FROM_sqlite_master_csv,39_noinit_batch_cmd_PRAGMA_schema_version_PRAGMA_user_version_json,2,2,2,2,1.0
sqlite3,sqlite3,17,40,17_noinit_batch_cmd_SELECT_name_type_FROM_sqlite_master_csv,40_noinit_batch_cmd_PRAGMA_schema_version_PRAGMA_user_version_mmap_0,2,2,2,2,1.0
sqlite3,sqlite3,17,41,17_noinit_batch_cmd_SELECT_name_type_FROM_sqlite_master_csv,41_noinit_batch_cmd_PRAGMA_schema_version_PRAGMA_user_version_mmap_1048576,2,2,2,2,1.0
sqlite3,sqlite3,17,42,17_noinit_batch_cmd_SELECT_name_type_FROM_sqlite_master_csv,42_noinit_batch_cmd_SELECT_count_FROM_sqlite_master_nofollow,2,2,2,2,1.0
sqlite3,sqlite3,17,43,17_noinit_batch_cmd_SELECT_name_type_FROM_sqlite_master_csv,43_noinit_batch_cmd_SELECT_count_FROM_sqlite_master_safe,2,2,2,2,1.0
sqlite3,sqlite3,17,44,17_noinit_batch_cmd_SELECT_name_type_FROM_sqlite_master_csv,44_noinit_batch_cmd_SELECT_count_FROM_sqlite_master_list,2,2,2,2,1.0
sqlite3,sqlite3,17,45,17_noinit_batch_cmd_SELECT_name_type_FROM_sqlite_master_csv,45_noinit_batch_cmd_SELECT_count_FROM_sqlite_master_csv,2,2,2,2,1.0
sqlite3,sqlite3,17,46,17_noinit_batch_cmd_SELECT_name_type_FROM_sqlite_master_csv,46_noinit_batch_cmd_SELECT_count_FROM_sqlite_master_json,2,2,2,2,1.0
sqlite3,sqlite3,17,47,17_noinit_batch_cmd_SELECT_name_type_FROM_sqlite_master_csv,47_noinit_batch_cmd_SELECT_count_FROM_sqlite_master_mmap_0,2,2,2,2,1.0
sqlite3,sqlite3,17,48,17_noinit_batch_cmd_SELECT_name_type_FROM_sqlite_master_csv,48_noinit_batch_cmd_SELECT_count_FROM_sqlite_master_mmap_1048576,2,2,2,2,1.0
sqlite3,sqlite3,18,19,18_noinit_batch_cmd_SELECT_name_type_FROM_sqlite_master_json,19_noinit_batch_cmd_SELECT_name_type_FROM_sqlite_master_mmap_0,2,2,2,2,1.0
sqlite3,sqlite3,18,20,18_noinit_batch_cmd_SELECT_name_type_FROM_sqlite_master_json,20_noinit_batch_cmd_SELECT_name_type_FROM_sqlite_master_mmap_1048576,2,2,2,2,1.0
sqlite3,sqlite3,18,21,18_noinit_batch_cmd_SELECT_name_type_FROM_sqlite_master_json,21_noinit_batch_cmd_PRAGMA_integrity_check_nofollow,2,2,2,2,1.0
sqlite3,sqlite3,18,22,18_noinit_batch_cmd_SELECT_name_type_FROM_sqlite_master_json,22_noinit_batch_cmd_PRAGMA_integrity_check_safe,2,2,2,2,1.0
sqlite3,sqlite3,18,23,18_noinit_batch_cmd_SELECT_name_type_FROM_sqlite_master_json,23_noinit_batch_cmd_PRAGMA_integrity_check_list,2,2,2,2,1.0
sqlite3,sqlite3,18,24,18_noinit_batch_cmd_SELECT_name_type_FROM_sqlite_master_json,24_noinit_batch_cmd_PRAGMA_integrity_check_csv,2,2,2,2,1.0
sqlite3,sqlite3,18,25,18_noinit_batch_cmd_SELECT_name_type_FROM_sqlite_master_json,25_noinit_batch_cmd_PRAGMA_integrity_check_json,2,2,2,2,1.0
sqlite3,sqlite3,18,26,18_noinit_batch_cmd_SELECT_name_type_FROM_sqlite_master_json,26_noinit_batch_cmd_PRAGMA_integrity_check_mmap_0,2,2,2,2,1.0
sqlite3,sqlite3,18,27,18_noinit_batch_cmd_SELECT_name_type_FROM_sqlite_master_json,27_noinit_batch_cmd_PRAGMA_integrity_check_mmap_1048576,2,2,2,2,1.0
sqlite3,sqlite3,18,28,18_noinit_batch_cmd_SELECT_name_type_FROM_sqlite_master_json,28_noinit_batch_cmd_PRAGMA_quick_check_nofollow,2,2,2,2,1.0
sqlite3,sqlite3,18,29,18_noinit_batch_cmd_SELECT_name_type_FROM_sqlite_master_json,29_noinit_batch_cmd_PRAGMA_quick_check_safe,2,2,2,2,1.0
sqlite3,sqlite3,18,30,18_noinit_batch_cmd_SELECT_name_type_FROM_sqlite_master_json,30_noinit_batch_cmd_PRAGMA_quick_check_list,2,2,2,2,1.0
sqlite3,sqlite3,18,31,18_noinit_batch_cmd_SELECT_name_type_FROM_sqlite_master_json,31_noinit_batch_cmd_PRAGMA_quick_check_csv,2,2,2,2,1.0
sqlite3,sqlite3,18,32,18_noinit_batch_cmd_SELECT_name_type_FROM_sqlite_master_json,32_noinit_batch_cmd_PRAGMA_quick_check_json,2,2,2,2,1.0
sqlite3,sqlite3,18,33,18_noinit_batch_cmd_SELECT_name_type_FROM_sqlite_master_json,33_noinit_batch_cmd_PRAGMA_quick_check_mmap_0,2,2,2,2,1.0
sqlite3,sqlite3,18,34,18_noinit_batch_cmd_SELECT_name_type_FROM_sqlite_master_json,34_noinit_batch_cmd_PRAGMA_quick_check_mmap_1048576,2,2,2,2,1.0
sqlite3,sqlite3,18,35,18_noinit_batch_cmd_SELECT_name_type_FROM_sqlite_master_json,35_noinit_batch_cmd_PRAGMA_schema_version_PRAGMA_user_version_nofollow,2,2,2,2,1.0
sqlite3,sqlite3,18,36,18_noinit_batch_cmd_SELECT_name_type_FROM_sqlite_master_json,36_noinit_batch_cmd_PRAGMA_schema_version_PRAGMA_user_version_safe,2,2,2,2,1.0
sqlite3,sqlite3,18,37,18_noinit_batch_cmd_SELECT_name_type_FROM_sqlite_master_json,37_noinit_batch_cmd_PRAGMA_schema_version_PRAGMA_user_version_list,2,2,2,2,1.0
sqlite3,sqlite3,18,38,18_noinit_batch_cmd_SELECT_name_type_FROM_sqlite_master_json,38_noinit_batch_cmd_PRAGMA_schema_version_PRAGMA_user_version_csv,2,2,2,2,1.0
sqlite3,sqlite3,18,39,18_noinit_batch_cmd_SELECT_name_type_FROM_sqlite_master_json,39_noinit_batch_cmd_PRAGMA_schema_version_PRAGMA_user_version_json,2,2,2,2,1.0
sqlite3,sqlite3,18,40,18_noinit_batch_cmd_SELECT_name_type_FROM_sqlite_master_json,40_noinit_batch_cmd_PRAGMA_schema_version_PRAGMA_user_version_mmap_0,2,2,2,2,1.0
sqlite3,sqlite3,18,41,18_noinit_batch_cmd_SELECT_name_type_FROM_sqlite_master_json,41_noinit_batch_cmd_PRAGMA_schema_version_PRAGMA_user_version_mmap_1048576,2,2,2,2,1.0
sqlite3,sqlite3,18,42,18_noinit_batch_cmd_SELECT_name_type_FROM_sqlite_master_json,42_noinit_batch_cmd_SELECT_count_FROM_sqlite_master_nofollow,2,2,2,2,1.0
sqlite3,sqlite3,18,43,18_noinit_batch_cmd_SELECT_name_type_FROM_sqlite_master_json,43_noinit_batch_cmd_SELECT_count_FROM_sqlite_master_safe,2,2,2,2,1.0
sqlite3,sqlite3,18,44,18_noinit_batch_cmd_SELECT_name_type_FROM_sqlite_master_json,44_noinit_batch_cmd_SELECT_count_FROM_sqlite_master_list,2,2,2,2,1.0
sqlite3,sqlite3,18,45,18_noinit_batch_cmd_SELECT_name_type_FROM_sqlite_master_json,45_noinit_batch_cmd_SELECT_count_FROM_sqlite_master_csv,2,2,2,2,1.0
sqlite3,sqlite3,18,46,18_noinit_batch_cmd_SELECT_name_type_FROM_sqlite_master_json,46_noinit_batch_cmd_SELECT_count_FROM_sqlite_master_json,2,2,2,2,1.0
sqlite3,sqlite3,18,47,18_noinit_batch_cmd_SELECT_name_type_FROM_sqlite_master_json,47_noinit_batch_cmd_SELECT_count_FROM_sqlite_master_mmap_0,2,2,2,2,1.0
sqlite3,sqlite3,18,48,18_noinit_batch_cmd_SELECT_name_type_FROM_sqlite_master_json,48_noinit_batch_cmd_SELECT_count_FROM_sqlite_master_mmap_1048576,2,2,2,2,1.0
sqlite3,sqlite3,19,20,19_noinit_batch_cmd_SELECT_name_type_FROM_sqlite_master_mmap_0,20_noinit_batch_cmd_SELECT_name_type_FROM_sqlite_master_mmap_1048576,2,2,2,2,1.0
sqlite3,sqlite3,19,21,19_noinit_batch_cmd_SELECT_name_type_FROM_sqlite_master_mmap_0,21_noinit_batch_cmd_PRAGMA_integrity_check_nofollow,2,2,2,2,1.0
sqlite3,sqlite3,19,22,19_noinit_batch_cmd_SELECT_name_type_FROM_sqlite_master_mmap_0,22_noinit_batch_cmd_PRAGMA_integrity_check_safe,2,2,2,2,1.0
sqlite3,sqlite3,19,23,19_noinit_batch_cmd_SELECT_name_type_FROM_sqlite_master_mmap_0,23_noinit_batch_cmd_PRAGMA_integrity_check_list,2,2,2,2,1.0
sqlite3,sqlite3,19,24,19_noinit_batch_cmd_SELECT_name_type_FROM_sqlite_master_mmap_0,24_noinit_batch_cmd_PRAGMA_integrity_check_csv,2,2,2,2,1.0
sqlite3,sqlite3,19,25,19_noinit_batch_cmd_SELECT_name_type_FROM_sqlite_master_mmap_0,25_noinit_batch_cmd_PRAGMA_integrity_check_json,2,2,2,2,1.0
sqlite3,sqlite3,19,26,19_noinit_batch_cmd_SELECT_name_type_FROM_sqlite_master_mmap_0,26_noinit_batch_cmd_PRAGMA_integrity_check_mmap_0,2,2,2,2,1.0
sqlite3,sqlite3,19,27,19_noinit_batch_cmd_SELECT_name_type_FROM_sqlite_master_mmap_0,27_noinit_batch_cmd_PRAGMA_integrity_check_mmap_1048576,2,2,2,2,1.0
sqlite3,sqlite3,19,28,19_noinit_batch_cmd_SELECT_name_type_FROM_sqlite_master_mmap_0,28_noinit_batch_cmd_PRAGMA_quick_check_nofollow,2,2,2,2,1.0
sqlite3,sqlite3,19,29,19_noinit_batch_cmd_SELECT_name_type_FROM_sqlite_master_mmap_0,29_noinit_batch_cmd_PRAGMA_quick_check_safe,2,2,2,2,1.0
sqlite3,sqlite3,19,30,19_noinit_batch_cmd_SELECT_name_type_FROM_sqlite_master_mmap_0,30_noinit_batch_cmd_PRAGMA_quick_check_list,2,2,2,2,1.0
sqlite3,sqlite3,19,31,19_noinit_batch_cmd_SELECT_name_type_FROM_sqlite_master_mmap_0,31_noinit_batch_cmd_PRAGMA_quick_check_csv,2,2,2,2,1.0
sqlite3,sqlite3,19,32,19_noinit_batch_cmd_SELECT_name_type_FROM_sqlite_master_mmap_0,32_noinit_batch_cmd_PRAGMA_quick_check_json,2,2,2,2,1.0
sqlite3,sqlite3,19,33,19_noinit_batch_cmd_SELECT_name_type_FROM_sqlite_master_mmap_0,33_noinit_batch_cmd_PRAGMA_quick_check_mmap_0,2,2,2,2,1.0
sqlite3,sqlite3,19,34,19_noinit_batch_cmd_SELECT_name_type_FROM_sqlite_master_mmap_0,34_noinit_batch_cmd_PRAGMA_quick_check_mmap_1048576,2,2,2,2,1.0
sqlite3,sqlite3,19,35,19_noinit_batch_cmd_SELECT_name_type_FROM_sqlite_master_mmap_0,35_noinit_batch_cmd_PRAGMA_schema_version_PRAGMA_user_version_nofollow,2,2,2,2,1.0
sqlite3,sqlite3,19,36,19_noinit_batch_cmd_SELECT_name_type_FROM_sqlite_master_mmap_0,36_noinit_batch_cmd_PRAGMA_schema_version_PRAGMA_user_version_safe,2,2,2,2,1.0
sqlite3,sqlite3,19,37,19_noinit_batch_cmd_SELECT_name_type_FROM_sqlite_master_mmap_0,37_noinit_batch_cmd_PRAGMA_schema_version_PRAGMA_user_version_list,2,2,2,2,1.0
sqlite3,sqlite3,19,38,19_noinit_batch_cmd_SELECT_name_type_FROM_sqlite_master_mmap_0,38_noinit_batch_cmd_PRAGMA_schema_version_PRAGMA_user_version_csv,2,2,2,2,1.0
sqlite3,sqlite3,19,39,19_noinit_batch_cmd_SELECT_name_type_FROM_sqlite_master_mmap_0,39_noinit_batch_cmd_PRAGMA_schema_version_PRAGMA_user_version_json,2,2,2,2,1.0
sqlite3,sqlite3,19,40,19_noinit_batch_cmd_SELECT_name_type_FROM_sqlite_master_mmap_0,40_noinit_batch_cmd_PRAGMA_schema_version_PRAGMA_user_version_mmap_0,2,2,2,2,1.0
sqlite3,sqlite3,19,41,19_noinit_batch_cmd_SELECT_name_type_FROM_sqlite_master_mmap_0,41_noinit_batch_cmd_PRAGMA_schema_version_PRAGMA_user_version_mmap_1048576,2,2,2,2,1.0
sqlite3,sqlite3,19,42,19_noinit_batch_cmd_SELECT_name_type_FROM_sqlite_master_mmap_0,42_noinit_batch_cmd_SELECT_count_FROM_sqlite_master_nofollow,2,2,2,2,1.0
sqlite3,sqlite3,19,43,19_noinit_batch_cmd_SELECT_name_type_FROM_sqlite_master_mmap_0,43_noinit_batch_cmd_SELECT_count_FROM_sqlite_master_safe,2,2,2,2,1.0
sqlite3,sqlite3,19,44,19_noinit_batch_cmd_SELECT_name_type_FROM_sqlite_master_mmap_0,44_noinit_batch_cmd_SELECT_count_FROM_sqlite_master_list,2,2,2,2,1.0
sqlite3,sqlite3,19,45,19_noinit_batch_cmd_SELECT_name_type_FROM_sqlite_master_mmap_0,45_noinit_batch_cmd_SELECT_count_FROM_sqlite_master_csv,2,2,2,2,1.0
sqlite3,sqlite3,19,46,19_noinit_batch_cmd_SELECT_name_type_FROM_sqlite_master_mmap_0,46_noinit_batch_cmd_SELECT_count_FROM_sqlite_master_json,2,2,2,2,1.0
sqlite3,sqlite3,19,47,19_noinit_batch_cmd_SELECT_name_type_FROM_sqlite_master_mmap_0,47_noinit_batch_cmd_SELECT_count_FROM_sqlite_master_mmap_0,2,2,2,2,1.0
sqlite3,sqlite3,19,48,19_noinit_batch_cmd_SELECT_name_type_FROM_sqlite_master_mmap_0,48_noinit_batch_cmd_SELECT_count_FROM_sqlite_master_mmap_1048576,2,2,2,2,1.0
sqlite3,sqlite3,20,21,20_noinit_batch_cmd_SELECT_name_type_FROM_sqlite_master_mmap_1048576,21_noinit_batch_cmd_PRAGMA_integrity_check_nofollow,2,2,2,2,1.0
sqlite3,sqlite3,20,22,20_noinit_batch_cmd_SELECT_name_type_FROM_sqlite_master_mmap_1048576,22_noinit_batch_cmd_PRAGMA_integrity_check_safe,2,2,2,2,1.0
sqlite3,sqlite3,20,23,20_noinit_batch_cmd_SELECT_name_type_FROM_sqlite_master_mmap_1048576,23_noinit_batch_cmd_PRAGMA_integrity_check_list,2,2,2,2,1.0
sqlite3,sqlite3,20,24,20_noinit_batch_cmd_SELECT_name_type_FROM_sqlite_master_mmap_1048576,24_noinit_batch_cmd_PRAGMA_integrity_check_csv,2,2,2,2,1.0
sqlite3,sqlite3,20,25,20_noinit_batch_cmd_SELECT_name_type_FROM_sqlite_master_mmap_1048576,25_noinit_batch_cmd_PRAGMA_integrity_check_json,2,2,2,2,1.0
sqlite3,sqlite3,20,26,20_noinit_batch_cmd_SELECT_name_type_FROM_sqlite_master_mmap_1048576,26_noinit_batch_cmd_PRAGMA_integrity_check_mmap_0,2,2,2,2,1.0
sqlite3,sqlite3,20,27,20_noinit_batch_cmd_SELECT_name_type_FROM_sqlite_master_mmap_1048576,27_noinit_batch_cmd_PRAGMA_integrity_check_mmap_1048576,2,2,2,2,1.0
sqlite3,sqlite3,20,28,20_noinit_batch_cmd_SELECT_name_type_FROM_sqlite_master_mmap_1048576,28_noinit_batch_cmd_PRAGMA_quick_check_nofollow,2,2,2,2,1.0
sqlite3,sqlite3,20,29,20_noinit_batch_cmd_SELECT_name_type_FROM_sqlite_master_mmap_1048576,29_noinit_batch_cmd_PRAGMA_quick_check_safe,2,2,2,2,1.0
sqlite3,sqlite3,20,30,20_noinit_batch_cmd_SELECT_name_type_FROM_sqlite_master_mmap_1048576,30_noinit_batch_cmd_PRAGMA_quick_check_list,2,2,2,2,1.0
sqlite3,sqlite3,20,31,20_noinit_batch_cmd_SELECT_name_type_FROM_sqlite_master_mmap_1048576,31_noinit_batch_cmd_PRAGMA_quick_check_csv,2,2,2,2,1.0
sqlite3,sqlite3,20,32,20_noinit_batch_cmd_SELECT_name_type_FROM_sqlite_master_mmap_1048576,32_noinit_batch_cmd_PRAGMA_quick_check_json,2,2,2,2,1.0
sqlite3,sqlite3,20,33,20_noinit_batch_cmd_SELECT_name_type_FROM_sqlite_master_mmap_1048576,33_noinit_batch_cmd_PRAGMA_quick_check_mmap_0,2,2,2,2,1.0
sqlite3,sqlite3,20,34,20_noinit_batch_cmd_SELECT_name_type_FROM_sqlite_master_mmap_1048576,34_noinit_batch_cmd_PRAGMA_quick_check_mmap_1048576,2,2,2,2,1.0
sqlite3,sqlite3,20,35,20_noinit_batch_cmd_SELECT_name_type_FROM_sqlite_master_mmap_1048576,35_noinit_batch_cmd_PRAGMA_schema_version_PRAGMA_user_version_nofollow,2,2,2,2,1.0
sqlite3,sqlite3,20,36,20_noinit_batch_cmd_SELECT_name_type_FROM_sqlite_master_mmap_1048576,36_noinit_batch_cmd_PRAGMA_schema_version_PRAGMA_user_version_safe,2,2,2,2,1.0
sqlite3,sqlite3,20,37,20_noinit_batch_cmd_SELECT_name_type_FROM_sqlite_master_mmap_1048576,37_noinit_batch_cmd_PRAGMA_schema_version_PRAGMA_user_version_list,2,2,2,2,1.0
sqlite3,sqlite3,20,38,20_noinit_batch_cmd_SELECT_name_type_FROM_sqlite_master_mmap_1048576,38_noinit_batch_cmd_PRAGMA_schema_version_PRAGMA_user_version_csv,2,2,2,2,1.0
sqlite3,sqlite3,20,39,20_noinit_batch_cmd_SELECT_name_type_FROM_sqlite_master_mmap_1048576,39_noinit_batch_cmd_PRAGMA_schema_version_PRAGMA_user_version_json,2,2,2,2,1.0
sqlite3,sqlite3,20,40,20_noinit_batch_cmd_SELECT_name_type_FROM_sqlite_master_mmap_1048576,40_noinit_batch_cmd_PRAGMA_schema_version_PRAGMA_user_version_mmap_0,2,2,2,2,1.0
sqlite3,sqlite3,20,41,20_noinit_batch_cmd_SELECT_name_type_FROM_sqlite_master_mmap_1048576,41_noinit_batch_cmd_PRAGMA_schema_version_PRAGMA_user_version_mmap_1048576,2,2,2,2,1.0
sqlite3,sqlite3,20,42,20_noinit_batch_cmd_SELECT_name_type_FROM_sqlite_master_mmap_1048576,42_noinit_batch_cmd_SELECT_count_FROM_sqlite_master_nofollow,2,2,2,2,1.0
sqlite3,sqlite3,20,43,20_noinit_batch_cmd_SELECT_name_type_FROM_sqlite_master_mmap_1048576,43_noinit_batch_cmd_SELECT_count_FROM_sqlite_master_safe,2,2,2,2,1.0
sqlite3,sqlite3,20,44,20_noinit_batch_cmd_SELECT_name_type_FROM_sqlite_master_mmap_1048576,44_noinit_batch_cmd_SELECT_count_FROM_sqlite_master_list,2,2,2,2,1.0
sqlite3,sqlite3,20,45,20_noinit_batch_cmd_SELECT_name_type_FROM_sqlite_master_mmap_1048576,45_noinit_batch_cmd_SELECT_count_FROM_sqlite_master_csv,2,2,2,2,1.0
sqlite3,sqlite3,20,46,20_noinit_batch_cmd_SELECT_name_type_FROM_sqlite_master_mmap_1048576,46_noinit_batch_cmd_SELECT_count_FROM_sqlite_master_json,2,2,2,2,1.0
sqlite3,sqlite3,20,47,20_noinit_batch_cmd_SELECT_name_type_FROM_sqlite_master_mmap_1048576,47_noinit_batch_cmd_SELECT_count_FROM_sqlite_master_mmap_0,2,2,2,2,1.0
sqlite3,sqlite3,20,48,20_noinit_batch_cmd_SELECT_name_type_FROM_sqlite_master_mmap_1048576,48_noinit_batch_cmd_SELECT_count_FROM_sqlite_master_mmap_1048576,2,2,2,2,1.0
sqlite3,sqlite3,21,22,21_noinit_batch_cmd_PRAGMA_integrity_check_nofollow,22_noinit_batch_cmd_PRAGMA_integrity_check_safe,2,2,2,2,1.0
sqlite3,sqlite3,21,23,21_noinit_batch_cmd_PRAGMA_integrity_check_nofollow,23_noinit_batch_cmd_PRAGMA_integrity_check_list,2,2,2,2,1.0
sqlite3,sqlite3,21,24,21_noinit_batch_cmd_PRAGMA_integrity_check_nofollow,24_noinit_batch_cmd_PRAGMA_integrity_check_csv,2,2,2,2,1.0
sqlite3,sqlite3,21,25,21_noinit_batch_cmd_PRAGMA_integrity_check_nofollow,25_noinit_batch_cmd_PRAGMA_integrity_check_json,2,2,2,2,1.0
sqlite3,sqlite3,21,26,21_noinit_batch_cmd_PRAGMA_integrity_check_nofollow,26_noinit_batch_cmd_PRAGMA_integrity_check_mmap_0,2,2,2,2,1.0
sqlite3,sqlite3,21,27,21_noinit_batch_cmd_PRAGMA_integrity_check_nofollow,27_noinit_batch_cmd_PRAGMA_integrity_check_mmap_1048576,2,2,2,2,1.0
sqlite3,sqlite3,21,28,21_noinit_batch_cmd_PRAGMA_integrity_check_nofollow,28_noinit_batch_cmd_PRAGMA_quick_check_nofollow,2,2,2,2,1.0
sqlite3,sqlite3,21,29,21_noinit_batch_cmd_PRAGMA_integrity_check_nofollow,29_noinit_batch_cmd_PRAGMA_quick_check_safe,2,2,2,2,1.0
sqlite3,sqlite3,21,30,21_noinit_batch_cmd_PRAGMA_integrity_check_nofollow,30_noinit_batch_cmd_PRAGMA_quick_check_list,2,2,2,2,1.0
sqlite3,sqlite3,21,31,21_noinit_batch_cmd_PRAGMA_integrity_check_nofollow,31_noinit_batch_cmd_PRAGMA_quick_check_csv,2,2,2,2,1.0
sqlite3,sqlite3,21,32,21_noinit_batch_cmd_PRAGMA_integrity_check_nofollow,32_noinit_batch_cmd_PRAGMA_quick_check_json,2,2,2,2,1.0
sqlite3,sqlite3,21,33,21_noinit_batch_cmd_PRAGMA_integrity_check_nofollow,33_noinit_batch_cmd_PRAGMA_quick_check_mmap_0,2,2,2,2,1.0
sqlite3,sqlite3,21,34,21_noinit_batch_cmd_PRAGMA_integrity_check_nofollow,34_noinit_batch_cmd_PRAGMA_quick_check_mmap_1048576,2,2,2,2,1.0
sqlite3,sqlite3,21,35,21_noinit_batch_cmd_PRAGMA_integrity_check_nofollow,35_noinit_batch_cmd_PRAGMA_schema_version_PRAGMA_user_version_nofollow,2,2,2,2,1.0
sqlite3,sqlite3,21,36,21_noinit_batch_cmd_PRAGMA_integrity_check_nofollow,36_noinit_batch_cmd_PRAGMA_schema_version_PRAGMA_user_version_safe,2,2,2,2,1.0
sqlite3,sqlite3,21,37,21_noinit_batch_cmd_PRAGMA_integrity_check_nofollow,37_noinit_batch_cmd_PRAGMA_schema_version_PRAGMA_user_version_list,2,2,2,2,1.0
sqlite3,sqlite3,21,38,21_noinit_batch_cmd_PRAGMA_integrity_check_nofollow,38_noinit_batch_cmd_PRAGMA_schema_version_PRAGMA_user_version_csv,2,2,2,2,1.0
sqlite3,sqlite3,21,39,21_noinit_batch_cmd_PRAGMA_integrity_check_nofollow,39_noinit_batch_cmd_PRAGMA_schema_version_PRAGMA_user_version_json,2,2,2,2,1.0
sqlite3,sqlite3,21,40,21_noinit_batch_cmd_PRAGMA_integrity_check_nofollow,40_noinit_batch_cmd_PRAGMA_schema_version_PRAGMA_user_version_mmap_0,2,2,2,2,1.0
sqlite3,sqlite3,21,41,21_noinit_batch_cmd_PRAGMA_integrity_check_nofollow,41_noinit_batch_cmd_PRAGMA_schema_version_PRAGMA_user_version_mmap_1048576,2,2,2,2,1.0
sqlite3,sqlite3,21,42,21_noinit_batch_cmd_PRAGMA_integrity_check_nofollow,42_noinit_batch_cmd_SELECT_count_FROM_sqlite_master_nofollow,2,2,2,2,1.0
sqlite3,sqlite3,21,43,21_noinit_batch_cmd_PRAGMA_integrity_check_nofollow,43_noinit_batch_cmd_SELECT_count_FROM_sqlite_master_safe,2,2,2,2,1.0
sqlite3,sqlite3,21,44,21_noinit_batch_cmd_PRAGMA_integrity_check_nofollow,44_noinit_batch_cmd_SELECT_count_FROM_sqlite_master_list,2,2,2,2,1.0
sqlite3,sqlite3,21,45,21_noinit_batch_cmd_PRAGMA_integrity_check_nofollow,45_noinit_batch_cmd_SELECT_count_FROM_sqlite_master_csv,2,2,2,2,1.0
sqlite3,sqlite3,21,46,21_noinit_batch_cmd_PRAGMA_integrity_check_nofollow,46_noinit_batch_cmd_SELECT_count_FROM_sqlite_master_json,2,2,2,2,1.0
sqlite3,sqlite3,21,47,21_noinit_batch_cmd_PRAGMA_integrity_check_nofollow,47_noinit_batch_cmd_SELECT_count_FROM_sqlite_master_mmap_0,2,2,2,2,1.0
sqlite3,sqlite3,21,48,21_noinit_batch_cmd_PRAGMA_integrity_check_nofollow,48_noinit_batch_cmd_SELECT_count_FROM_sqlite_master_mmap_1048576,2,2,2,2,1.0
sqlite3,sqlite3,22,23,22_noinit_batch_cmd_PRAGMA_integrity_check_safe,23_noinit_batch_cmd_PRAGMA_integrity_check_list,2,2,2,2,1.0
sqlite3,sqlite3,22,24,22_noinit_batch_cmd_PRAGMA_integrity_check_safe,24_noinit_batch_cmd_PRAGMA_integrity_check_csv,2,2,2,2,1.0
sqlite3,sqlite3,22,25,22_noinit_batch_cmd_PRAGMA_integrity_check_safe,25_noinit_batch_cmd_PRAGMA_integrity_check_json,2,2,2,2,1.0
sqlite3,sqlite3,22,26,22_noinit_batch_cmd_PRAGMA_integrity_check_safe,26_noinit_batch_cmd_PRAGMA_integrity_check_mmap_0,2,2,2,2,1.0
sqlite3,sqlite3,22,27,22_noinit_batch_cmd_PRAGMA_integrity_check_safe,27_noinit_batch_cmd_PRAGMA_integrity_check_mmap_1048576,2,2,2,2,1.0
sqlite3,sqlite3,22,28,22_noinit_batch_cmd_PRAGMA_integrity_check_safe,28_noinit_batch_cmd_PRAGMA_quick_check_nofollow,2,2,2,2,1.0
sqlite3,sqlite3,22,29,22_noinit_batch_cmd_PRAGMA_integrity_check_safe,29_noinit_batch_cmd_PRAGMA_quick_check_safe,2,2,2,2,1.0
sqlite3,sqlite3,22,30,22_noinit_batch_cmd_PRAGMA_integrity_check_safe,30_noinit_batch_cmd_PRAGMA_quick_check_list,2,2,2,2,1.0
sqlite3,sqlite3,22,31,22_noinit_batch_cmd_PRAGMA_integrity_check_safe,31_noinit_batch_cmd_PRAGMA_quick_check_csv,2,2,2,2,1.0
sqlite3,sqlite3,22,32,22_noinit_batch_cmd_PRAGMA_integrity_check_safe,32_noinit_batch_cmd_PRAGMA_quick_check_json,2,2,2,2,1.0
sqlite3,sqlite3,22,33,22_noinit_batch_cmd_PRAGMA_integrity_check_safe,33_noinit_batch_cmd_PRAGMA_quick_check_mmap_0,2,2,2,2,1.0
sqlite3,sqlite3,22,34,22_noinit_batch_cmd_PRAGMA_integrity_check_safe,34_noinit_batch_cmd_PRAGMA_quick_check_mmap_1048576,2,2,2,2,1.0
sqlite3,sqlite3,22,35,22_noinit_batch_cmd_PRAGMA_integrity_check_safe,35_noinit_batch_cmd_PRAGMA_schema_version_PRAGMA_user_version_nofollow,2,2,2,2,1.0
sqlite3,sqlite3,22,36,22_noinit_batch_cmd_PRAGMA_integrity_check_safe,36_noinit_batch_cmd_PRAGMA_schema_version_PRAGMA_user_version_safe,2,2,2,2,1.0
sqlite3,sqlite3,22,37,22_noinit_batch_cmd_PRAGMA_integrity_check_safe,37_noinit_batch_cmd_PRAGMA_schema_version_PRAGMA_user_version_list,2,2,2,2,1.0
sqlite3,sqlite3,22,38,22_noinit_batch_cmd_PRAGMA_integrity_check_safe,38_noinit_batch_cmd_PRAGMA_schema_version_PRAGMA_user_version_csv,2,2,2,2,1.0
sqlite3,sqlite3,22,39,22_noinit_batch_cmd_PRAGMA_integrity_check_safe,39_noinit_batch_cmd_PRAGMA_schema_version_PRAGMA_user_version_json,2,2,2,2,1.0
sqlite3,sqlite3,22,40,22_noinit_batch_cmd_PRAGMA_integrity_check_safe,40_noinit_batch_cmd_PRAGMA_schema_version_PRAGMA_user_version_mmap_0,2,2,2,2,1.0
sqlite3,sqlite3,22,41,22_noinit_batch_cmd_PRAGMA_integrity_check_safe,41_noinit_batch_cmd_PRAGMA_schema_version_PRAGMA_user_version_mmap_1048576,2,2,2,2,1.0
sqlite3,sqlite3,22,42,22_noinit_batch_cmd_PRAGMA_integrity_check_safe,42_noinit_batch_cmd_SELECT_count_FROM_sqlite_master_nofollow,2,2,2,2,1.0
sqlite3,sqlite3,22,43,22_noinit_batch_cmd_PRAGMA_integrity_check_safe,43_noinit_batch_cmd_SELECT_count_FROM_sqlite_master_safe,2,2,2,2,1.0
sqlite3,sqlite3,22,44,22_noinit_batch_cmd_PRAGMA_integrity_check_safe,44_noinit_batch_cmd_SELECT_count_FROM_sqlite_master_list,2,2,2,2,1.0
sqlite3,sqlite3,22,45,22_noinit_batch_cmd_PRAGMA_integrity_check_safe,45_noinit_batch_cmd_SELECT_count_FROM_sqlite_master_csv,2,2,2,2,1.0
sqlite3,sqlite3,22,46,22_noinit_batch_cmd_PRAGMA_integrity_check_safe,46_noinit_batch_cmd_SELECT_count_FROM_sqlite_master_json,2,2,2,2,1.0
sqlite3,sqlite3,22,47,22_noinit_batch_cmd_PRAGMA_integrity_check_safe,47_noinit_batch_cmd_SELECT_count_FROM_sqlite_master_mmap_0,2,2,2,2,1.0
sqlite3,sqlite3,22,48,22_noinit_batch_cmd_PRAGMA_integrity_check_safe,48_noinit_batch_cmd_SELECT_count_FROM_sqlite_master_mmap_1048576,2,2,2,2,1.0
sqlite3,sqlite3,23,24,23_noinit_batch_cmd_PRAGMA_integrity_check_list,24_noinit_batch_cmd_PRAGMA_integrity_check_csv,2,2,2,2,1.0
sqlite3,sqlite3,23,25,23_noinit_batch_cmd_PRAGMA_integrity_check_list,25_noinit_batch_cmd_PRAGMA_integrity_check_json,2,2,2,2,1.0
sqlite3,sqlite3,23,26,23_noinit_batch_cmd_PRAGMA_integrity_check_list,26_noinit_batch_cmd_PRAGMA_integrity_check_mmap_0,2,2,2,2,1.0
sqlite3,sqlite3,23,27,23_noinit_batch_cmd_PRAGMA_integrity_check_list,27_noinit_batch_cmd_PRAGMA_integrity_check_mmap_1048576,2,2,2,2,1.0
sqlite3,sqlite3,23,28,23_noinit_batch_cmd_PRAGMA_integrity_check_list,28_noinit_batch_cmd_PRAGMA_quick_check_nofollow,2,2,2,2,1.0
sqlite3,sqlite3,23,29,23_noinit_batch_cmd_PRAGMA_integrity_check_list,29_noinit_batch_cmd_PRAGMA_quick_check_safe,2,2,2,2,1.0
sqlite3,sqlite3,23,30,23_noinit_batch_cmd_PRAGMA_integrity_check_list,30_noinit_batch_cmd_PRAGMA_quick_check_list,2,2,2,2,1.0
sqlite3,sqlite3,23,31,23_noinit_batch_cmd_PRAGMA_integrity_check_list,31_noinit_batch_cmd_PRAGMA_quick_check_csv,2,2,2,2,1.0
sqlite3,sqlite3,23,32,23_noinit_batch_cmd_PRAGMA_integrity_check_list,32_noinit_batch_cmd_PRAGMA_quick_check_json,2,2,2,2,1.0
sqlite3,sqlite3,23,33,23_noinit_batch_cmd_PRAGMA_integrity_check_list,33_noinit_batch_cmd_PRAGMA_quick_check_mmap_0,2,2,2,2,1.0
sqlite3,sqlite3,23,34,23_noinit_batch_cmd_PRAGMA_integrity_check_list,34_noinit_batch_cmd_PRAGMA_quick_check_mmap_1048576,2,2,2,2,1.0
sqlite3,sqlite3,23,35,23_noinit_batch_cmd_PRAGMA_integrity_check_list,35_noinit_batch_cmd_PRAGMA_schema_version_PRAGMA_user_version_nofollow,2,2,2,2,1.0
sqlite3,sqlite3,23,36,23_noinit_batch_cmd_PRAGMA_integrity_check_list,36_noinit_batch_cmd_PRAGMA_schema_version_PRAGMA_user_version_safe,2,2,2,2,1.0
sqlite3,sqlite3,23,37,23_noinit_batch_cmd_PRAGMA_integrity_check_list,37_noinit_batch_cmd_PRAGMA_schema_version_PRAGMA_user_version_list,2,2,2,2,1.0
sqlite3,sqlite3,23,38,23_noinit_batch_cmd_PRAGMA_integrity_check_list,38_noinit_batch_cmd_PRAGMA_schema_version_PRAGMA_user_version_csv,2,2,2,2,1.0
sqlite3,sqlite3,23,39,23_noinit_batch_cmd_PRAGMA_integrity_check_list,39_noinit_batch_cmd_PRAGMA_schema_version_PRAGMA_user_version_json,2,2,2,2,1.0
sqlite3,sqlite3,23,40,23_noinit_batch_cmd_PRAGMA_integrity_check_list,40_noinit_batch_cmd_PRAGMA_schema_version_PRAGMA_user_version_mmap_0,2,2,2,2,1.0
sqlite3,sqlite3,23,41,23_noinit_batch_cmd_PRAGMA_integrity_check_list,41_noinit_batch_cmd_PRAGMA_schema_version_PRAGMA_user_version_mmap_1048576,2,2,2,2,1.0
sqlite3,sqlite3,23,42,23_noinit_batch_cmd_PRAGMA_integrity_check_list,42_noinit_batch_cmd_SELECT_count_FROM_sqlite_master_nofollow,2,2,2,2,1.0
sqlite3,sqlite3,23,43,23_noinit_batch_cmd_PRAGMA_integrity_check_list,43_noinit_batch_cmd_SELECT_count_FROM_sqlite_master_safe,2,2,2,2,1.0
sqlite3,sqlite3,23,44,23_noinit_batch_cmd_PRAGMA_integrity_check_list,44_noinit_batch_cmd_SELECT_count_FROM_sqlite_master_list,2,2,2,2,1.0
sqlite3,sqlite3,23,45,23_noinit_batch_cmd_PRAGMA_integrity_check_list,45_noinit_batch_cmd_SELECT_count_FROM_sqlite_master_csv,2,2,2,2,1.0
sqlite3,sqlite3,23,46,23_noinit_batch_cmd_PRAGMA_integrity_check_list,46_noinit_batch_cmd_SELECT_count_FROM_sqlite_master_json,2,2,2,2,1.0
sqlite3,sqlite3,23,47,23_noinit_batch_cmd_PRAGMA_integrity_check_list,47_noinit_batch_cmd_SELECT_count_FROM_sqlite_master_mmap_0,2,2,2,2,1.0
sqlite3,sqlite3,23,48,23_noinit_batch_cmd_PRAGMA_integrity_check_list,48_noinit_batch_cmd_SELECT_count_FROM_sqlite_master_mmap_1048576,2,2,2,2,1.0
sqlite3,sqlite3,24,25,24_noinit_batch_cmd_PRAGMA_integrity_check_csv,25_noinit_batch_cmd_PRAGMA_integrity_check_json,2,2,2,2,1.0
sqlite3,sqlite3,24,26,24_noinit_batch_cmd_PRAGMA_integrity_check_csv,26_noinit_batch_cmd_PRAGMA_integrity_check_mmap_0,2,2,2,2,1.0
sqlite3,sqlite3,24,27,24_noinit_batch_cmd_PRAGMA_integrity_check_csv,27_noinit_batch_cmd_PRAGMA_integrity_check_mmap_1048576,2,2,2,2,1.0
sqlite3,sqlite3,24,28,24_noinit_batch_cmd_PRAGMA_integrity_check_csv,28_noinit_batch_cmd_PRAGMA_quick_check_nofollow,2,2,2,2,1.0
sqlite3,sqlite3,24,29,24_noinit_batch_cmd_PRAGMA_integrity_check_csv,29_noinit_batch_cmd_PRAGMA_quick_check_safe,2,2,2,2,1.0
sqlite3,sqlite3,24,30,24_noinit_batch_cmd_PRAGMA_integrity_check_csv,30_noinit_batch_cmd_PRAGMA_quick_check_list,2,2,2,2,1.0
sqlite3,sqlite3,24,31,24_noinit_batch_cmd_PRAGMA_integrity_check_csv,31_noinit_batch_cmd_PRAGMA_quick_check_csv,2,2,2,2,1.0
sqlite3,sqlite3,24,32,24_noinit_batch_cmd_PRAGMA_integrity_check_csv,32_noinit_batch_cmd_PRAGMA_quick_check_json,2,2,2,2,1.0
sqlite3,sqlite3,24,33,24_noinit_batch_cmd_PRAGMA_integrity_check_csv,33_noinit_batch_cmd_PRAGMA_quick_check_mmap_0,2,2,2,2,1.0
sqlite3,sqlite3,24,34,24_noinit_batch_cmd_PRAGMA_integrity_check_csv,34_noinit_batch_cmd_PRAGMA_quick_check_mmap_1048576,2,2,2,2,1.0
sqlite3,sqlite3,24,35,24_noinit_batch_cmd_PRAGMA_integrity_check_csv,35_noinit_batch_cmd_PRAGMA_schema_version_PRAGMA_user_version_nofollow,2,2,2,2,1.0
sqlite3,sqlite3,24,36,24_noinit_batch_cmd_PRAGMA_integrity_check_csv,36_noinit_batch_cmd_PRAGMA_schema_version_PRAGMA_user_version_safe,2,2,2,2,1.0
sqlite3,sqlite3,24,37,24_noinit_batch_cmd_PRAGMA_integrity_check_csv,37_noinit_batch_cmd_PRAGMA_schema_version_PRAGMA_user_version_list,2,2,2,2,1.0
sqlite3,sqlite3,24,38,24_noinit_batch_cmd_PRAGMA_integrity_check_csv,38_noinit_batch_cmd_PRAGMA_schema_version_PRAGMA_user_version_csv,2,2,2,2,1.0
sqlite3,sqlite3,24,39,24_noinit_batch_cmd_PRAGMA_integrity_check_csv,39_noinit_batch_cmd_PRAGMA_schema_version_PRAGMA_user_version_json,2,2,2,2,1.0
sqlite3,sqlite3,24,40,24_noinit_batch_cmd_PRAGMA_integrity_check_csv,40_noinit_batch_cmd_PRAGMA_schema_version_PRAGMA_user_version_mmap_0,2,2,2,2,1.0
sqlite3,sqlite3,24,41,24_noinit_batch_cmd_PRAGMA_integrity_check_csv,41_noinit_batch_cmd_PRAGMA_schema_version_PRAGMA_user_version_mmap_1048576,2,2,2,2,1.0
sqlite3,sqlite3,24,42,24_noinit_batch_cmd_PRAGMA_integrity_check_csv,42_noinit_batch_cmd_SELECT_count_FROM_sqlite_master_nofollow,2,2,2,2,1.0
sqlite3,sqlite3,24,43,24_noinit_batch_cmd_PRAGMA_integrity_check_csv,43_noinit_batch_cmd_SELECT_count_FROM_sqlite_master_safe,2,2,2,2,1.0
sqlite3,sqlite3,24,44,24_noinit_batch_cmd_PRAGMA_integrity_check_csv,44_noinit_batch_cmd_SELECT_count_FROM_sqlite_master_list,2,2,2,2,1.0
sqlite3,sqlite3,24,45,24_noinit_batch_cmd_PRAGMA_integrity_check_csv,45_noinit_batch_cmd_SELECT_count_FROM_sqlite_master_csv,2,2,2,2,1.0
sqlite3,sqlite3,24,46,24_noinit_batch_cmd_PRAGMA_integrity_check_csv,46_noinit_batch_cmd_SELECT_count_FROM_sqlite_master_json,2,2,2,2,1.0
sqlite3,sqlite3,24,47,24_noinit_batch_cmd_PRAGMA_integrity_check_csv,47_noinit_batch_cmd_SELECT_count_FROM_sqlite_master_mmap_0,2,2,2,2,1.0
sqlite3,sqlite3,24,48,24_noinit_batch_cmd_PRAGMA_integrity_check_csv,48_noinit_batch_cmd_SELECT_count_FROM_sqlite_master_mmap_1048576,2,2,2,2,1.0
sqlite3,sqlite3,25,26,25_noinit_batch_cmd_PRAGMA_integrity_check_json,26_noinit_batch_cmd_PRAGMA_integrity_check_mmap_0,2,2,2,2,1.0
sqlite3,sqlite3,25,27,25_noinit_batch_cmd_PRAGMA_integrity_check_json,27_noinit_batch_cmd_PRAGMA_integrity_check_mmap_1048576,2,2,2,2,1.0
sqlite3,sqlite3,25,28,25_noinit_batch_cmd_PRAGMA_integrity_check_json,28_noinit_batch_cmd_PRAGMA_quick_check_nofollow,2,2,2,2,1.0
sqlite3,sqlite3,25,29,25_noinit_batch_cmd_PRAGMA_integrity_check_json,29_noinit_batch_cmd_PRAGMA_quick_check_safe,2,2,2,2,1.0
sqlite3,sqlite3,25,30,25_noinit_batch_cmd_PRAGMA_integrity_check_json,30_noinit_batch_cmd_PRAGMA_quick_check_list,2,2,2,2,1.0
sqlite3,sqlite3,25,31,25_noinit_batch_cmd_PRAGMA_integrity_check_json,31_noinit_batch_cmd_PRAGMA_quick_check_csv,2,2,2,2,1.0
sqlite3,sqlite3,25,32,25_noinit_batch_cmd_PRAGMA_integrity_check_json,32_noinit_batch_cmd_PRAGMA_quick_check_json,2,2,2,2,1.0
sqlite3,sqlite3,25,33,25_noinit_batch_cmd_PRAGMA_integrity_check_json,33_noinit_batch_cmd_PRAGMA_quick_check_mmap_0,2,2,2,2,1.0
sqlite3,sqlite3,25,34,25_noinit_batch_cmd_PRAGMA_integrity_check_json,34_noinit_batch_cmd_PRAGMA_quick_check_mmap_1048576,2,2,2,2,1.0
sqlite3,sqlite3,25,35,25_noinit_batch_cmd_PRAGMA_integrity_check_json,35_noinit_batch_cmd_PRAGMA_schema_version_PRAGMA_user_version_nofollow,2,2,2,2,1.0
sqlite3,sqlite3,25,36,25_noinit_batch_cmd_PRAGMA_integrity_check_json,36_noinit_batch_cmd_PRAGMA_schema_version_PRAGMA_user_version_safe,2,2,2,2,1.0
sqlite3,sqlite3,25,37,25_noinit_batch_cmd_PRAGMA_integrity_check_json,37_noinit_batch_cmd_PRAGMA_schema_version_PRAGMA_user_version_list,2,2,2,2,1.0
sqlite3,sqlite3,25,38,25_noinit_batch_cmd_PRAGMA_integrity_check_json,38_noinit_batch_cmd_PRAGMA_schema_version_PRAGMA_user_version_csv,2,2,2,2,1.0
sqlite3,sqlite3,25,39,25_noinit_batch_cmd_PRAGMA_integrity_check_json,39_noinit_batch_cmd_PRAGMA_schema_version_PRAGMA_user_version_json,2,2,2,2,1.0
sqlite3,sqlite3,25,40,25_noinit_batch_cmd_PRAGMA_integrity_check_json,40_noinit_batch_cmd_PRAGMA_schema_version_PRAGMA_user_version_mmap_0,2,2,2,2,1.0
sqlite3,sqlite3,25,41,25_noinit_batch_cmd_PRAGMA_integrity_check_json,41_noinit_batch_cmd_PRAGMA_schema_version_PRAGMA_user_version_mmap_1048576,2,2,2,2,1.0
sqlite3,sqlite3,25,42,25_noinit_batch_cmd_PRAGMA_integrity_check_json,42_noinit_batch_cmd_SELECT_count_FROM_sqlite_master_nofollow,2,2,2,2,1.0
sqlite3,sqlite3,25,43,25_noinit_batch_cmd_PRAGMA_integrity_check_json,43_noinit_batch_cmd_SELECT_count_FROM_sqlite_master_safe,2,2,2,2,1.0
sqlite3,sqlite3,25,44,25_noinit_batch_cmd_PRAGMA_integrity_check_json,44_noinit_batch_cmd_SELECT_count_FROM_sqlite_master_list,2,2,2,2,1.0
sqlite3,sqlite3,25,45,25_noinit_batch_cmd_PRAGMA_integrity_check_json,45_noinit_batch_cmd_SELECT_count_FROM_sqlite_master_csv,2,2,2,2,1.0
sqlite3,sqlite3,25,46,25_noinit_batch_cmd_PRAGMA_integrity_check_json,46_noinit_batch_cmd_SELECT_count_FROM_sqlite_master_json,2,2,2,2,1.0
sqlite3,sqlite3,25,47,25_noinit_batch_cmd_PRAGMA_integrity_check_json,47_noinit_batch_cmd_SELECT_count_FROM_sqlite_master_mmap_0,2,2,2,2,1.0
sqlite3,sqlite3,25,48,25_noinit_batch_cmd_PRAGMA_integrity_check_json,48_noinit_batch_cmd_SELECT_count_FROM_sqlite_master_mmap_1048576,2,2,2,2,1.0
sqlite3,sqlite3,26,27,26_noinit_batch_cmd_PRAGMA_integrity_check_mmap_0,27_noinit_batch_cmd_PRAGMA_integrity_check_mmap_1048576,2,2,2,2,1.0
sqlite3,sqlite3,26,28,26_noinit_batch_cmd_PRAGMA_integrity_check_mmap_0,28_noinit_batch_cmd_PRAGMA_quick_check_nofollow,2,2,2,2,1.0
sqlite3,sqlite3,26,29,26_noinit_batch_cmd_PRAGMA_integrity_check_mmap_0,29_noinit_batch_cmd_PRAGMA_quick_check_safe,2,2,2,2,1.0
sqlite3,sqlite3,26,30,26_noinit_batch_cmd_PRAGMA_integrity_check_mmap_0,30_noinit_batch_cmd_PRAGMA_quick_check_list,2,2,2,2,1.0
sqlite3,sqlite3,26,31,26_noinit_batch_cmd_PRAGMA_integrity_check_mmap_0,31_noinit_batch_cmd_PRAGMA_quick_check_csv,2,2,2,2,1.0
sqlite3,sqlite3,26,32,26_noinit_batch_cmd_PRAGMA_integrity_check_mmap_0,32_noinit_batch_cmd_PRAGMA_quick_check_json,2,2,2,2,1.0
sqlite3,sqlite3,26,33,26_noinit_batch_cmd_PRAGMA_integrity_check_mmap_0,33_noinit_batch_cmd_PRAGMA_quick_check_mmap_0,2,2,2,2,1.0
sqlite3,sqlite3,26,34,26_noinit_batch_cmd_PRAGMA_integrity_check_mmap_0,34_noinit_batch_cmd_PRAGMA_quick_check_mmap_1048576,2,2,2,2,1.0
sqlite3,sqlite3,26,35,26_noinit_batch_cmd_PRAGMA_integrity_check_mmap_0,35_noinit_batch_cmd_PRAGMA_schema_version_PRAGMA_user_version_nofollow,2,2,2,2,1.0
sqlite3,sqlite3,26,36,26_noinit_batch_cmd_PRAGMA_integrity_check_mmap_0,36_noinit_batch_cmd_PRAGMA_schema_version_PRAGMA_user_version_safe,2,2,2,2,1.0
sqlite3,sqlite3,26,37,26_noinit_batch_cmd_PRAGMA_integrity_check_mmap_0,37_noinit_batch_cmd_PRAGMA_schema_version_PRAGMA_user_version_list,2,2,2,2,1.0
sqlite3,sqlite3,26,38,26_noinit_batch_cmd_PRAGMA_integrity_check_mmap_0,38_noinit_batch_cmd_PRAGMA_schema_version_PRAGMA_user_version_csv,2,2,2,2,1.0
sqlite3,sqlite3,26,39,26_noinit_batch_cmd_PRAGMA_integrity_check_mmap_0,39_noinit_batch_cmd_PRAGMA_schema_version_PRAGMA_user_version_json,2,2,2,2,1.0
sqlite3,sqlite3,26,40,26_noinit_batch_cmd_PRAGMA_integrity_check_mmap_0,40_noinit_batch_cmd_PRAGMA_schema_version_PRAGMA_user_version_mmap_0,2,2,2,2,1.0
sqlite3,sqlite3,26,41,26_noinit_batch_cmd_PRAGMA_integrity_check_mmap_0,41_noinit_batch_cmd_PRAGMA_schema_version_PRAGMA_user_version_mmap_1048576,2,2,2,2,1.0
sqlite3,sqlite3,26,42,26_noinit_batch_cmd_PRAGMA_integrity_check_mmap_0,42_noinit_batch_cmd_SELECT_count_FROM_sqlite_master_nofollow,2,2,2,2,1.0
sqlite3,sqlite3,26,43,26_noinit_batch_cmd_PRAGMA_integrity_check_mmap_0,43_noinit_batch_cmd_SELECT_count_FROM_sqlite_master_safe,2,2,2,2,1.0
sqlite3,sqlite3,26,44,26_noinit_batch_cmd_PRAGMA_integrity_check_mmap_0,44_noinit_batch_cmd_SELECT_count_FROM_sqlite_master_list,2,2,2,2,1.0
sqlite3,sqlite3,26,45,26_noinit_batch_cmd_PRAGMA_integrity_check_mmap_0,45_noinit_batch_cmd_SELECT_count_FROM_sqlite_master_csv,2,2,2,2,1.0
sqlite3,sqlite3,26,46,26_noinit_batch_cmd_PRAGMA_integrity_check_mmap_0,46_noinit_batch_cmd_SELECT_count_FROM_sqlite_master_json,2,2,2,2,1.0
sqlite3,sqlite3,26,47,26_noinit_batch_cmd_PRAGMA_integrity_check_mmap_0,47_noinit_batch_cmd_SELECT_count_FROM_sqlite_master_mmap_0,2,2,2,2,1.0
sqlite3,sqlite3,26,48,26_noinit_batch_cmd_PRAGMA_integrity_check_mmap_0,48_noinit_batch_cmd_SELECT_count_FROM_sqlite_master_mmap_1048576,2,2,2,2,1.0
sqlite3,sqlite3,27,28,27_noinit_batch_cmd_PRAGMA_integrity_check_mmap_1048576,28_noinit_batch_cmd_PRAGMA_quick_check_nofollow,2,2,2,2,1.0
sqlite3,sqlite3,27,29,27_noinit_batch_cmd_PRAGMA_integrity_check_mmap_1048576,29_noinit_batch_cmd_PRAGMA_quick_check_safe,2,2,2,2,1.0
sqlite3,sqlite3,27,30,27_noinit_batch_cmd_PRAGMA_integrity_check_mmap_1048576,30_noinit_batch_cmd_PRAGMA_quick_check_list,2,2,2,2,1.0
sqlite3,sqlite3,27,31,27_noinit_batch_cmd_PRAGMA_integrity_check_mmap_1048576,31_noinit_batch_cmd_PRAGMA_quick_check_csv,2,2,2,2,1.0
sqlite3,sqlite3,27,32,27_noinit_batch_cmd_PRAGMA_integrity_check_mmap_1048576,32_noinit_batch_cmd_PRAGMA_quick_check_json,2,2,2,2,1.0
sqlite3,sqlite3,27,33,27_noinit_batch_cmd_PRAGMA_integrity_check_mmap_1048576,33_noinit_batch_cmd_PRAGMA_quick_check_mmap_0,2,2,2,2,1.0
sqlite3,sqlite3,27,34,27_noinit_batch_cmd_PRAGMA_integrity_check_mmap_1048576,34_noinit_batch_cmd_PRAGMA_quick_check_mmap_1048576,2,2,2,2,1.0
sqlite3,sqlite3,27,35,27_noinit_batch_cmd_PRAGMA_integrity_check_mmap_1048576,35_noinit_batch_cmd_PRAGMA_schema_version_PRAGMA_user_version_nofollow,2,2,2,2,1.0
sqlite3,sqlite3,27,36,27_noinit_batch_cmd_PRAGMA_integrity_check_mmap_1048576,36_noinit_batch_cmd_PRAGMA_schema_version_PRAGMA_user_version_safe,2,2,2,2,1.0
sqlite3,sqlite3,27,37,27_noinit_batch_cmd_PRAGMA_integrity_check_mmap_1048576,37_noinit_batch_cmd_PRAGMA_schema_version_PRAGMA_user_version_list,2,2,2,2,1.0
sqlite3,sqlite3,27,38,27_noinit_batch_cmd_PRAGMA_integrity_check_mmap_1048576,38_noinit_batch_cmd_PRAGMA_schema_version_PRAGMA_user_version_csv,2,2,2,2,1.0
sqlite3,sqlite3,27,39,27_noinit_batch_cmd_PRAGMA_integrity_check_mmap_1048576,39_noinit_batch_cmd_PRAGMA_schema_version_PRAGMA_user_version_json,2,2,2,2,1.0
sqlite3,sqlite3,27,40,27_noinit_batch_cmd_PRAGMA_integrity_check_mmap_1048576,40_noinit_batch_cmd_PRAGMA_schema_version_PRAGMA_user_version_mmap_0,2,2,2,2,1.0
sqlite3,sqlite3,27,41,27_noinit_batch_cmd_PRAGMA_integrity_check_mmap_1048576,41_noinit_batch_cmd_PRAGMA_schema_version_PRAGMA_user_version_mmap_1048576,2,2,2,2,1.0
sqlite3,sqlite3,27,42,27_noinit_batch_cmd_PRAGMA_integrity_check_mmap_1048576,42_noinit_batch_cmd_SELECT_count_FROM_sqlite_master_nofollow,2,2,2,2,1.0
sqlite3,sqlite3,27,43,27_noinit_batch_cmd_PRAGMA_integrity_check_mmap_1048576,43_noinit_batch_cmd_SELECT_count_FROM_sqlite_master_safe,2,2,2,2,1.0
sqlite3,sqlite3,27,44,27_noinit_batch_cmd_PRAGMA_integrity_check_mmap_1048576,44_noinit_batch_cmd_SELECT_count_FROM_sqlite_master_list,2,2,2,2,1.0
sqlite3,sqlite3,27,45,27_noinit_batch_cmd_PRAGMA_integrity_check_mmap_1048576,45_noinit_batch_cmd_SELECT_count_FROM_sqlite_master_csv,2,2,2,2,1.0
sqlite3,sqlite3,27,46,27_noinit_batch_cmd_PRAGMA_integrity_check_mmap_1048576,46_noinit_batch_cmd_SELECT_count_FROM_sqlite_master_json,2,2,2,2,1.0
sqlite3,sqlite3,27,47,27_noinit_batch_cmd_PRAGMA_integrity_check_mmap_1048576,47_noinit_batch_cmd_SELECT_count_FROM_sqlite_master_mmap_0,2,2,2,2,1.0
sqlite3,sqlite3,27,48,27_noinit_batch_cmd_PRAGMA_integrity_check_mmap_1048576,48_noinit_batch_cmd_SELECT_count_FROM_sqlite_master_mmap_1048576,2,2,2,2,1.0
sqlite3,sqlite3,28,29,28_noinit_batch_cmd_PRAGMA_quick_check_nofollow,29_noinit_batch_cmd_PRAGMA_quick_check_safe,2,2,2,2,1.0
sqlite3,sqlite3,28,30,28_noinit_batch_cmd_PRAGMA_quick_check_nofollow,30_noinit_batch_cmd_PRAGMA_quick_check_list,2,2,2,2,1.0
sqlite3,sqlite3,28,31,28_noinit_batch_cmd_PRAGMA_quick_check_nofollow,31_noinit_batch_cmd_PRAGMA_quick_check_csv,2,2,2,2,1.0
sqlite3,sqlite3,28,32,28_noinit_batch_cmd_PRAGMA_quick_check_nofollow,32_noinit_batch_cmd_PRAGMA_quick_check_json,2,2,2,2,1.0
sqlite3,sqlite3,28,33,28_noinit_batch_cmd_PRAGMA_quick_check_nofollow,33_noinit_batch_cmd_PRAGMA_quick_check_mmap_0,2,2,2,2,1.0
sqlite3,sqlite3,28,34,28_noinit_batch_cmd_PRAGMA_quick_check_nofollow,34_noinit_batch_cmd_PRAGMA_quick_check_mmap_1048576,2,2,2,2,1.0
sqlite3,sqlite3,28,35,28_noinit_batch_cmd_PRAGMA_quick_check_nofollow,35_noinit_batch_cmd_PRAGMA_schema_version_PRAGMA_user_version_nofollow,2,2,2,2,1.0
sqlite3,sqlite3,28,36,28_noinit_batch_cmd_PRAGMA_quick_check_nofollow,36_noinit_batch_cmd_PRAGMA_schema_version_PRAGMA_user_version_safe,2,2,2,2,1.0
sqlite3,sqlite3,28,37,28_noinit_batch_cmd_PRAGMA_quick_check_nofollow,37_noinit_batch_cmd_PRAGMA_schema_version_PRAGMA_user_version_list,2,2,2,2,1.0
sqlite3,sqlite3,28,38,28_noinit_batch_cmd_PRAGMA_quick_check_nofollow,38_noinit_batch_cmd_PRAGMA_schema_version_PRAGMA_user_version_csv,2,2,2,2,1.0
sqlite3,sqlite3,28,39,28_noinit_batch_cmd_PRAGMA_quick_check_nofollow,39_noinit_batch_cmd_PRAGMA_schema_version_PRAGMA_user_version_json,2,2,2,2,1.0
sqlite3,sqlite3,28,40,28_noinit_batch_cmd_PRAGMA_quick_check_nofollow,40_noinit_batch_cmd_PRAGMA_schema_version_PRAGMA_user_version_mmap_0,2,2,2,2,1.0
sqlite3,sqlite3,28,41,28_noinit_batch_cmd_PRAGMA_quick_check_nofollow,41_noinit_batch_cmd_PRAGMA_schema_version_PRAGMA_user_version_mmap_1048576,2,2,2,2,1.0
sqlite3,sqlite3,28,42,28_noinit_batch_cmd_PRAGMA_quick_check_nofollow,42_noinit_batch_cmd_SELECT_count_FROM_sqlite_master_nofollow,2,2,2,2,1.0
sqlite3,sqlite3,28,43,28_noinit_batch_cmd_PRAGMA_quick_check_nofollow,43_noinit_batch_cmd_SELECT_count_FROM_sqlite_master_safe,2,2,2,2,1.0
sqlite3,sqlite3,28,44,28_noinit_batch_cmd_PRAGMA_quick_check_nofollow,44_noinit_batch_cmd_SELECT_count_FROM_sqlite_master_list,2,2,2,2,1.0
sqlite3,sqlite3,28,45,28_noinit_batch_cmd_PRAGMA_quick_check_nofollow,45_noinit_batch_cmd_SELECT_count_FROM_sqlite_master_csv,2,2,2,2,1.0
sqlite3,sqlite3,28,46,28_noinit_batch_cmd_PRAGMA_quick_check_nofollow,46_noinit_batch_cmd_SELECT_count_FROM_sqlite_master_json,2,2,2,2,1.0
sqlite3,sqlite3,28,47,28_noinit_batch_cmd_PRAGMA_quick_check_nofollow,47_noinit_batch_cmd_SELECT_count_FROM_sqlite_master_mmap_0,2,2,2,2,1.0
sqlite3,sqlite3,28,48,28_noinit_batch_cmd_PRAGMA_quick_check_nofollow,48_noinit_batch_cmd_SELECT_count_FROM_sqlite_master_mmap_1048576,2,2,2,2,1.0
sqlite3,sqlite3,29,30,29_noinit_batch_cmd_PRAGMA_quick_check_safe,30_noinit_batch_cmd_PRAGMA_quick_check_list,2,2,2,2,1.0
sqlite3,sqlite3,29,31,29_noinit_batch_cmd_PRAGMA_quick_check_safe,31_noinit_batch_cmd_PRAGMA_quick_check_csv,2,2,2,2,1.0
sqlite3,sqlite3,29,32,29_noinit_batch_cmd_PRAGMA_quick_check_safe,32_noinit_batch_cmd_PRAGMA_quick_check_json,2,2,2,2,1.0
sqlite3,sqlite3,29,33,29_noinit_batch_cmd_PRAGMA_quick_check_safe,33_noinit_batch_cmd_PRAGMA_quick_check_mmap_0,2,2,2,2,1.0
sqlite3,sqlite3,29,34,29_noinit_batch_cmd_PRAGMA_quick_check_safe,34_noinit_batch_cmd_PRAGMA_quick_check_mmap_1048576,2,2,2,2,1.0
sqlite3,sqlite3,29,35,29_noinit_batch_cmd_PRAGMA_quick_check_safe,35_noinit_batch_cmd_PRAGMA_schema_version_PRAGMA_user_version_nofollow,2,2,2,2,1.0
sqlite3,sqlite3,29,36,29_noinit_batch_cmd_PRAGMA_quick_check_safe,36_noinit_batch_cmd_PRAGMA_schema_version_PRAGMA_user_version_safe,2,2,2,2,1.0
sqlite3,sqlite3,29,37,29_noinit_batch_cmd_PRAGMA_quick_check_safe,37_noinit_batch_cmd_PRAGMA_schema_version_PRAGMA_user_version_list,2,2,2,2,1.0
sqlite3,sqlite3,29,38,29_noinit_batch_cmd_PRAGMA_quick_check_safe,38_noinit_batch_cmd_PRAGMA_schema_version_PRAGMA_user_version_csv,2,2,2,2,1.0
sqlite3,sqlite3,29,39,29_noinit_batch_cmd_PRAGMA_quick_check_safe,39_noinit_batch_cmd_PRAGMA_schema_version_PRAGMA_user_version_json,2,2,2,2,1.0
sqlite3,sqlite3,29,40,29_noinit_batch_cmd_PRAGMA_quick_check_safe,40_noinit_batch_cmd_PRAGMA_schema_version_PRAGMA_user_version_mmap_0,2,2,2,2,1.0
sqlite3,sqlite3,29,41,29_noinit_batch_cmd_PRAGMA_quick_check_safe,41_noinit_batch_cmd_PRAGMA_schema_version_PRAGMA_user_version_mmap_1048576,2,2,2,2,1.0
sqlite3,sqlite3,29,42,29_noinit_batch_cmd_PRAGMA_quick_check_safe,42_noinit_batch_cmd_SELECT_count_FROM_sqlite_master_nofollow,2,2,2,2,1.0
sqlite3,sqlite3,29,43,29_noinit_batch_cmd_PRAGMA_quick_check_safe,43_noinit_batch_cmd_SELECT_count_FROM_sqlite_master_safe,2,2,2,2,1.0
sqlite3,sqlite3,29,44,29_noinit_batch_cmd_PRAGMA_quick_check_safe,44_noinit_batch_cmd_SELECT_count_FROM_sqlite_master_list,2,2,2,2,1.0
sqlite3,sqlite3,29,45,29_noinit_batch_cmd_PRAGMA_quick_check_safe,45_noinit_batch_cmd_SELECT_count_FROM_sqlite_master_csv,2,2,2,2,1.0
sqlite3,sqlite3,29,46,29_noinit_batch_cmd_PRAGMA_quick_check_safe,46_noinit_batch_cmd_SELECT_count_FROM_sqlite_master_json,2,2,2,2,1.0
sqlite3,sqlite3,29,47,29_noinit_batch_cmd_PRAGMA_quick_check_safe,47_noinit_batch_cmd_SELECT_count_FROM_sqlite_master_mmap_0,2,2,2,2,1.0
sqlite3,sqlite3,29,48,29_noinit_batch_cmd_PRAGMA_quick_check_safe,48_noinit_batch_cmd_SELECT_count_FROM_sqlite_master_mmap_1048576,2,2,2,2,1.0
sqlite3,sqlite3,30,31,30_noinit_batch_cmd_PRAGMA_quick_check_list,31_noinit_batch_cmd_PRAGMA_quick_check_csv,2,2,2,2,1.0
sqlite3,sqlite3,30,32,30_noinit_batch_cmd_PRAGMA_quick_check_list,32_noinit_batch_cmd_PRAGMA_quick_check_json,2,2,2,2,1.0
sqlite3,sqlite3,30,33,30_noinit_batch_cmd_PRAGMA_quick_check_list,33_noinit_batch_cmd_PRAGMA_quick_check_mmap_0,2,2,2,2,1.0
sqlite3,sqlite3,30,34,30_noinit_batch_cmd_PRAGMA_quick_check_list,34_noinit_batch_cmd_PRAGMA_quick_check_mmap_1048576,2,2,2,2,1.0
sqlite3,sqlite3,30,35,30_noinit_batch_cmd_PRAGMA_quick_check_list,35_noinit_batch_cmd_PRAGMA_schema_version_PRAGMA_user_version_nofollow,2,2,2,2,1.0
sqlite3,sqlite3,30,36,30_noinit_batch_cmd_PRAGMA_quick_check_list,36_noinit_batch_cmd_PRAGMA_schema_version_PRAGMA_user_version_safe,2,2,2,2,1.0
sqlite3,sqlite3,30,37,30_noinit_batch_cmd_PRAGMA_quick_check_list,37_noinit_batch_cmd_PRAGMA_schema_version_PRAGMA_user_version_list,2,2,2,2,1.0
sqlite3,sqlite3,30,38,30_noinit_batch_cmd_PRAGMA_quick_check_list,38_noinit_batch_cmd_PRAGMA_schema_version_PRAGMA_user_version_csv,2,2,2,2,1.0
sqlite3,sqlite3,30,39,30_noinit_batch_cmd_PRAGMA_quick_check_list,39_noinit_batch_cmd_PRAGMA_schema_version_PRAGMA_user_version_json,2,2,2,2,1.0
sqlite3,sqlite3,30,40,30_noinit_batch_cmd_PRAGMA_quick_check_list,40_noinit_batch_cmd_PRAGMA_schema_version_PRAGMA_user_version_mmap_0,2,2,2,2,1.0
sqlite3,sqlite3,30,41,30_noinit_batch_cmd_PRAGMA_quick_check_list,41_noinit_batch_cmd_PRAGMA_schema_version_PRAGMA_user_version_mmap_1048576,2,2,2,2,1.0
sqlite3,sqlite3,30,42,30_noinit_batch_cmd_PRAGMA_quick_check_list,42_noinit_batch_cmd_SELECT_count_FROM_sqlite_master_nofollow,2,2,2,2,1.0
sqlite3,sqlite3,30,43,30_noinit_batch_cmd_PRAGMA_quick_check_list,43_noinit_batch_cmd_SELECT_count_FROM_sqlite_master_safe,2,2,2,2,1.0
sqlite3,sqlite3,30,44,30_noinit_batch_cmd_PRAGMA_quick_check_list,44_noinit_batch_cmd_SELECT_count_FROM_sqlite_master_list,2,2,2,2,1.0
sqlite3,sqlite3,30,45,30_noinit_batch_cmd_PRAGMA_quick_check_list,45_noinit_batch_cmd_SELECT_count_FROM_sqlite_master_csv,2,2,2,2,1.0
sqlite3,sqlite3,30,46,30_noinit_batch_cmd_PRAGMA_quick_check_list,46_noinit_batch_cmd_SELECT_count_FROM_sqlite_master_json,2,2,2,2,1.0
sqlite3,sqlite3,30,47,30_noinit_batch_cmd_PRAGMA_quick_check_list,47_noinit_batch_cmd_SELECT_count_FROM_sqlite_master_mmap_0,2,2,2,2,1.0
sqlite3,sqlite3,30,48,30_noinit_batch_cmd_PRAGMA_quick_check_list,48_noinit_batch_cmd_SELECT_count_FROM_sqlite_master_mmap_1048576,2,2,2,2,1.0
sqlite3,sqlite3,31,32,31_noinit_batch_cmd_PRAGMA_quick_check_csv,32_noinit_batch_cmd_PRAGMA_quick_check_json,2,2,2,2,1.0
sqlite3,sqlite3,31,33,31_noinit_batch_cmd_PRAGMA_quick_check_csv,33_noinit_batch_cmd_PRAGMA_quick_check_mmap_0,2,2,2,2,1.0
sqlite3,sqlite3,31,34,31_noinit_batch_cmd_PRAGMA_quick_check_csv,34_noinit_batch_cmd_PRAGMA_quick_check_mmap_1048576,2,2,2,2,1.0
sqlite3,sqlite3,31,35,31_noinit_batch_cmd_PRAGMA_quick_check_csv,35_noinit_batch_cmd_PRAGMA_schema_version_PRAGMA_user_version_nofollow,2,2,2,2,1.0
sqlite3,sqlite3,31,36,31_noinit_batch_cmd_PRAGMA_quick_check_csv,36_noinit_batch_cmd_PRAGMA_schema_version_PRAGMA_user_version_safe,2,2,2,2,1.0
sqlite3,sqlite3,31,37,31_noinit_batch_cmd_PRAGMA_quick_check_csv,37_noinit_batch_cmd_PRAGMA_schema_version_PRAGMA_user_version_list,2,2,2,2,1.0
sqlite3,sqlite3,31,38,31_noinit_batch_cmd_PRAGMA_quick_check_csv,38_noinit_batch_cmd_PRAGMA_schema_version_PRAGMA_user_version_csv,2,2,2,2,1.0
sqlite3,sqlite3,31,39,31_noinit_batch_cmd_PRAGMA_quick_check_csv,39_noinit_batch_cmd_PRAGMA_schema_version_PRAGMA_user_version_json,2,2,2,2,1.0
sqlite3,sqlite3,31,40,31_noinit_batch_cmd_PRAGMA_quick_check_csv,40_noinit_batch_cmd_PRAGMA_schema_version_PRAGMA_user_version_mmap_0,2,2,2,2,1.0
sqlite3,sqlite3,31,41,31_noinit_batch_cmd_PRAGMA_quick_check_csv,41_noinit_batch_cmd_PRAGMA_schema_version_PRAGMA_user_version_mmap_1048576,2,2,2,2,1.0
sqlite3,sqlite3,31,42,31_noinit_batch_cmd_PRAGMA_quick_check_csv,42_noinit_batch_cmd_SELECT_count_FROM_sqlite_master_nofollow,2,2,2,2,1.0
sqlite3,sqlite3,31,43,31_noinit_batch_cmd_PRAGMA_quick_check_csv,43_noinit_batch_cmd_SELECT_count_FROM_sqlite_master_safe,2,2,2,2,1.0
sqlite3,sqlite3,31,44,31_noinit_batch_cmd_PRAGMA_quick_check_csv,44_noinit_batch_cmd_SELECT_count_FROM_sqlite_master_list,2,2,2,2,1.0
sqlite3,sqlite3,31,45,31_noinit_batch_cmd_PRAGMA_quick_check_csv,45_noinit_batch_cmd_SELECT_count_FROM_sqlite_master_csv,2,2,2,2,1.0
sqlite3,sqlite3,31,46,31_noinit_batch_cmd_PRAGMA_quick_check_csv,46_noinit_batch_cmd_SELECT_count_FROM_sqlite_master_json,2,2,2,2,1.0
sqlite3,sqlite3,31,47,31_noinit_batch_cmd_PRAGMA_quick_check_csv,47_noinit_batch_cmd_SELECT_count_FROM_sqlite_master_mmap_0,2,2,2,2,1.0
sqlite3,sqlite3,31,48,31_noinit_batch_cmd_PRAGMA_quick_check_csv,48_noinit_batch_cmd_SELECT_count_FROM_sqlite_master_mmap_1048576,2,2,2,2,1.0
sqlite3,sqlite3,32,33,32_noinit_batch_cmd_PRAGMA_quick_check_json,33_noinit_batch_cmd_PRAGMA_quick_check_mmap_0,2,2,2,2,1.0
sqlite3,sqlite3,32,34,32_noinit_batch_cmd_PRAGMA_quick_check_json,34_noinit_batch_cmd_PRAGMA_quick_check_mmap_1048576,2,2,2,2,1.0
sqlite3,sqlite3,32,35,32_noinit_batch_cmd_PRAGMA_quick_check_json,35_noinit_batch_cmd_PRAGMA_schema_version_PRAGMA_user_version_nofollow,2,2,2,2,1.0
sqlite3,sqlite3,32,36,32_noinit_batch_cmd_PRAGMA_quick_check_json,36_noinit_batch_cmd_PRAGMA_schema_version_PRAGMA_user_version_safe,2,2,2,2,1.0
sqlite3,sqlite3,32,37,32_noinit_batch_cmd_PRAGMA_quick_check_json,37_noinit_batch_cmd_PRAGMA_schema_version_PRAGMA_user_version_list,2,2,2,2,1.0
sqlite3,sqlite3,32,38,32_noinit_batch_cmd_PRAGMA_quick_check_json,38_noinit_batch_cmd_PRAGMA_schema_version_PRAGMA_user_version_csv,2,2,2,2,1.0
sqlite3,sqlite3,32,39,32_noinit_batch_cmd_PRAGMA_quick_check_json,39_noinit_batch_cmd_PRAGMA_schema_version_PRAGMA_user_version_json,2,2,2,2,1.0
sqlite3,sqlite3,32,40,32_noinit_batch_cmd_PRAGMA_quick_check_json,40_noinit_batch_cmd_PRAGMA_schema_version_PRAGMA_user_version_mmap_0,2,2,2,2,1.0
sqlite3,sqlite3,32,41,32_noinit_batch_cmd_PRAGMA_quick_check_json,41_noinit_batch_cmd_PRAGMA_schema_version_PRAGMA_user_version_mmap_1048576,2,2,2,2,1.0
sqlite3,sqlite3,32,42,32_noinit_batch_cmd_PRAGMA_quick_check_json,42_noinit_batch_cmd_SELECT_count_FROM_sqlite_master_nofollow,2,2,2,2,1.0
sqlite3,sqlite3,32,43,32_noinit_batch_cmd_PRAGMA_quick_check_json,43_noinit_batch_cmd_SELECT_count_FROM_sqlite_master_safe,2,2,2,2,1.0
sqlite3,sqlite3,32,44,32_noinit_batch_cmd_PRAGMA_quick_check_json,44_noinit_batch_cmd_SELECT_count_FROM_sqlite_master_list,2,2,2,2,1.0
sqlite3,sqlite3,32,45,32_noinit_batch_cmd_PRAGMA_quick_check_json,45_noinit_batch_cmd_SELECT_count_FROM_sqlite_master_csv,2,2,2,2,1.0
sqlite3,sqlite3,32,46,32_noinit_batch_cmd_PRAGMA_quick_check_json,46_noinit_batch_cmd_SELECT_count_FROM_sqlite_master_json,2,2,2,2,1.0
sqlite3,sqlite3,32,47,32_noinit_batch_cmd_PRAGMA_quick_check_json,47_noinit_batch_cmd_SELECT_count_FROM_sqlite_master_mmap_0,2,2,2,2,1.0
sqlite3,sqlite3,32,48,32_noinit_batch_cmd_PRAGMA_quick_check_json,48_noinit_batch_cmd_SELECT_count_FROM_sqlite_master_mmap_1048576,2,2,2,2,1.0
sqlite3,sqlite3,33,34,33_noinit_batch_cmd_PRAGMA_quick_check_mmap_0,34_noinit_batch_cmd_PRAGMA_quick_check_mmap_1048576,2,2,2,2,1.0
sqlite3,sqlite3,33,35,33_noinit_batch_cmd_PRAGMA_quick_check_mmap_0,35_noinit_batch_cmd_PRAGMA_schema_version_PRAGMA_user_version_nofollow,2,2,2,2,1.0
sqlite3,sqlite3,33,36,33_noinit_batch_cmd_PRAGMA_quick_check_mmap_0,36_noinit_batch_cmd_PRAGMA_schema_version_PRAGMA_user_version_safe,2,2,2,2,1.0
sqlite3,sqlite3,33,37,33_noinit_batch_cmd_PRAGMA_quick_check_mmap_0,37_noinit_batch_cmd_PRAGMA_schema_version_PRAGMA_user_version_list,2,2,2,2,1.0
sqlite3,sqlite3,33,38,33_noinit_batch_cmd_PRAGMA_quick_check_mmap_0,38_noinit_batch_cmd_PRAGMA_schema_version_PRAGMA_user_version_csv,2,2,2,2,1.0
sqlite3,sqlite3,33,39,33_noinit_batch_cmd_PRAGMA_quick_check_mmap_0,39_noinit_batch_cmd_PRAGMA_schema_version_PRAGMA_user_version_json,2,2,2,2,1.0
sqlite3,sqlite3,33,40,33_noinit_batch_cmd_PRAGMA_quick_check_mmap_0,40_noinit_batch_cmd_PRAGMA_schema_version_PRAGMA_user_version_mmap_0,2,2,2,2,1.0
sqlite3,sqlite3,33,41,33_noinit_batch_cmd_PRAGMA_quick_check_mmap_0,41_noinit_batch_cmd_PRAGMA_schema_version_PRAGMA_user_version_mmap_1048576,2,2,2,2,1.0
sqlite3,sqlite3,33,42,33_noinit_batch_cmd_PRAGMA_quick_check_mmap_0,42_noinit_batch_cmd_SELECT_count_FROM_sqlite_master_nofollow,2,2,2,2,1.0
sqlite3,sqlite3,33,43,33_noinit_batch_cmd_PRAGMA_quick_check_mmap_0,43_noinit_batch_cmd_SELECT_count_FROM_sqlite_master_safe,2,2,2,2,1.0
sqlite3,sqlite3,33,44,33_noinit_batch_cmd_PRAGMA_quick_check_mmap_0,44_noinit_batch_cmd_SELECT_count_FROM_sqlite_master_list,2,2,2,2,1.0
sqlite3,sqlite3,33,45,33_noinit_batch_cmd_PRAGMA_quick_check_mmap_0,45_noinit_batch_cmd_SELECT_count_FROM_sqlite_master_csv,2,2,2,2,1.0
sqlite3,sqlite3,33,46,33_noinit_batch_cmd_PRAGMA_quick_check_mmap_0,46_noinit_batch_cmd_SELECT_count_FROM_sqlite_master_json,2,2,2,2,1.0
sqlite3,sqlite3,33,47,33_noinit_batch_cmd_PRAGMA_quick_check_mmap_0,47_noinit_batch_cmd_SELECT_count_FROM_sqlite_master_mmap_0,2,2,2,2,1.0
sqlite3,sqlite3,33,48,33_noinit_batch_cmd_PRAGMA_quick_check_mmap_0,48_noinit_batch_cmd_SELECT_count_FROM_sqlite_master_mmap_1048576,2,2,2,2,1.0
sqlite3,sqlite3,34,35,34_noinit_batch_cmd_PRAGMA_quick_check_mmap_1048576,35_noinit_batch_cmd_PRAGMA_schema_version_PRAGMA_user_version_nofollow,2,2,2,2,1.0
sqlite3,sqlite3,34,36,34_noinit_batch_cmd_PRAGMA_quick_check_mmap_1048576,36_noinit_batch_cmd_PRAGMA_schema_version_PRAGMA_user_version_safe,2,2,2,2,1.0
sqlite3,sqlite3,34,37,34_noinit_batch_cmd_PRAGMA_quick_check_mmap_1048576,37_noinit_batch_cmd_PRAGMA_schema_version_PRAGMA_user_version_list,2,2,2,2,1.0
sqlite3,sqlite3,34,38,34_noinit_batch_cmd_PRAGMA_quick_check_mmap_1048576,38_noinit_batch_cmd_PRAGMA_schema_version_PRAGMA_user_version_csv,2,2,2,2,1.0
sqlite3,sqlite3,34,39,34_noinit_batch_cmd_PRAGMA_quick_check_mmap_1048576,39_noinit_batch_cmd_PRAGMA_schema_version_PRAGMA_user_version_json,2,2,2,2,1.0
sqlite3,sqlite3,34,40,34_noinit_batch_cmd_PRAGMA_quick_check_mmap_1048576,40_noinit_batch_cmd_PRAGMA_schema_version_PRAGMA_user_version_mmap_0,2,2,2,2,1.0
sqlite3,sqlite3,34,41,34_noinit_batch_cmd_PRAGMA_quick_check_mmap_1048576,41_noinit_batch_cmd_PRAGMA_schema_version_PRAGMA_user_version_mmap_1048576,2,2,2,2,1.0
sqlite3,sqlite3,34,42,34_noinit_batch_cmd_PRAGMA_quick_check_mmap_1048576,42_noinit_batch_cmd_SELECT_count_FROM_sqlite_master_nofollow,2,2,2,2,1.0
sqlite3,sqlite3,34,43,34_noinit_batch_cmd_PRAGMA_quick_check_mmap_1048576,43_noinit_batch_cmd_SELECT_count_FROM_sqlite_master_safe,2,2,2,2,1.0
sqlite3,sqlite3,34,44,34_noinit_batch_cmd_PRAGMA_quick_check_mmap_1048576,44_noinit_batch_cmd_SELECT_count_FROM_sqlite_master_list,2,2,2,2,1.0
sqlite3,sqlite3,34,45,34_noinit_batch_cmd_PRAGMA_quick_check_mmap_1048576,45_noinit_batch_cmd_SELECT_count_FROM_sqlite_master_csv,2,2,2,2,1.0
sqlite3,sqlite3,34,46,34_noinit_batch_cmd_PRAGMA_quick_check_mmap_1048576,46_noinit_batch_cmd_SELECT_count_FROM_sqlite_master_json,2,2,2,2,1.0
sqlite3,sqlite3,34,47,34_noinit_batch_cmd_PRAGMA_quick_check_mmap_1048576,47_noinit_batch_cmd_SELECT_count_FROM_sqlite_master_mmap_0,2,2,2,2,1.0
sqlite3,sqlite3,34,48,34_noinit_batch_cmd_PRAGMA_quick_check_mmap_1048576,48_noinit_batch_cmd_SELECT_count_FROM_sqlite_master_mmap_1048576,2,2,2,2,1.0
sqlite3,sqlite3,35,36,35_noinit_batch_cmd_PRAGMA_schema_version_PRAGMA_user_version_nofollow,36_noinit_batch_cmd_PRAGMA_schema_version_PRAGMA_user_version_safe,2,2,2,2,1.0
sqlite3,sqlite3,35,37,35_noinit_batch_cmd_PRAGMA_schema_version_PRAGMA_user_version_nofollow,37_noinit_batch_cmd_PRAGMA_schema_version_PRAGMA_user_version_list,2,2,2,2,1.0
sqlite3,sqlite3,35,38,35_noinit_batch_cmd_PRAGMA_schema_version_PRAGMA_user_version_nofollow,38_noinit_batch_cmd_PRAGMA_schema_version_PRAGMA_user_version_csv,2,2,2,2,1.0
sqlite3,sqlite3,35,39,35_noinit_batch_cmd_PRAGMA_schema_version_PRAGMA_user_version_nofollow,39_noinit_batch_cmd_PRAGMA_schema_version_PRAGMA_user_version_json,2,2,2,2,1.0
sqlite3,sqlite3,35,40,35_noinit_batch_cmd_PRAGMA_schema_version_PRAGMA_user_version_nofollow,40_noinit_batch_cmd_PRAGMA_schema_version_PRAGMA_user_version_mmap_0,2,2,2,2,1.0
sqlite3,sqlite3,35,41,35_noinit_batch_cmd_PRAGMA_schema_version_PRAGMA_user_version_nofollow,41_noinit_batch_cmd_PRAGMA_schema_version_PRAGMA_user_version_mmap_1048576,2,2,2,2,1.0
sqlite3,sqlite3,35,42,35_noinit_batch_cmd_PRAGMA_schema_version_PRAGMA_user_version_nofollow,42_noinit_batch_cmd_SELECT_count_FROM_sqlite_master_nofollow,2,2,2,2,1.0
sqlite3,sqlite3,35,43,35_noinit_batch_cmd_PRAGMA_schema_version_PRAGMA_user_version_nofollow,43_noinit_batch_cmd_SELECT_count_FROM_sqlite_master_safe,2,2,2,2,1.0
sqlite3,sqlite3,35,44,35_noinit_batch_cmd_PRAGMA_schema_version_PRAGMA_user_version_nofollow,44_noinit_batch_cmd_SELECT_count_FROM_sqlite_master_list,2,2,2,2,1.0
sqlite3,sqlite3,35,45,35_noinit_batch_cmd_PRAGMA_schema_version_PRAGMA_user_version_nofollow,45_noinit_batch_cmd_SELECT_count_FROM_sqlite_master_csv,2,2,2,2,1.0
sqlite3,sqlite3,35,46,35_noinit_batch_cmd_PRAGMA_schema_version_PRAGMA_user_version_nofollow,46_noinit_batch_cmd_SELECT_count_FROM_sqlite_master_json,2,2,2,2,1.0
sqlite3,sqlite3,35,47,35_noinit_batch_cmd_PRAGMA_schema_version_PRAGMA_user_version_nofollow,47_noinit_batch_cmd_SELECT_count_FROM_sqlite_master_mmap_0,2,2,2,2,1.0
sqlite3,sqlite3,35,48,35_noinit_batch_cmd_PRAGMA_schema_version_PRAGMA_user_version_nofollow,48_noinit_batch_cmd_SELECT_count_FROM_sqlite_master_mmap_1048576,2,2,2,2,1.0
sqlite3,sqlite3,36,37,36_noinit_batch_cmd_PRAGMA_schema_version_PRAGMA_user_version_safe,37_noinit_batch_cmd_PRAGMA_schema_version_PRAGMA_user_version_list,2,2,2,2,1.0
sqlite3,sqlite3,36,38,36_noinit_batch_cmd_PRAGMA_schema_version_PRAGMA_user_version_safe,38_noinit_batch_cmd_PRAGMA_schema_version_PRAGMA_user_version_csv,2,2,2,2,1.0
sqlite3,sqlite3,36,39,36_noinit_batch_cmd_PRAGMA_schema_version_PRAGMA_user_version_safe,39_noinit_batch_cmd_PRAGMA_schema_version_PRAGMA_user_version_json,2,2,2,2,1.0
sqlite3,sqlite3,36,40,36_noinit_batch_cmd_PRAGMA_schema_version_PRAGMA_user_version_safe,40_noinit_batch_cmd_PRAGMA_schema_version_PRAGMA_user_version_mmap_0,2,2,2,2,1.0
sqlite3,sqlite3,36,41,36_noinit_batch_cmd_PRAGMA_schema_version_PRAGMA_user_version_safe,41_noinit_batch_cmd_PRAGMA_schema_version_PRAGMA_user_version_mmap_1048576,2,2,2,2,1.0
sqlite3,sqlite3,36,42,36_noinit_batch_cmd_PRAGMA_schema_version_PRAGMA_user_version_safe,42_noinit_batch_cmd_SELECT_count_FROM_sqlite_master_nofollow,2,2,2,2,1.0
sqlite3,sqlite3,36,43,36_noinit_batch_cmd_PRAGMA_schema_version_PRAGMA_user_version_safe,43_noinit_batch_cmd_SELECT_count_FROM_sqlite_master_safe,2,2,2,2,1.0
sqlite3,sqlite3,36,44,36_noinit_batch_cmd_PRAGMA_schema_version_PRAGMA_user_version_safe,44_noinit_batch_cmd_SELECT_count_FROM_sqlite_master_list,2,2,2,2,1.0
sqlite3,sqlite3,36,45,36_noinit_batch_cmd_PRAGMA_schema_version_PRAGMA_user_version_safe,45_noinit_batch_cmd_SELECT_count_FROM_sqlite_master_csv,2,2,2,2,1.0
sqlite3,sqlite3,36,46,36_noinit_batch_cmd_PRAGMA_schema_version_PRAGMA_user_version_safe,46_noinit_batch_cmd_SELECT_count_FROM_sqlite_master_json,2,2,2,2,1.0
sqlite3,sqlite3,36,47,36_noinit_batch_cmd_PRAGMA_schema_version_PRAGMA_user_version_safe,47_noinit_batch_cmd_SELECT_count_FROM_sqlite_master_mmap_0,2,2,2,2,1.0
sqlite3,sqlite3,36,48,36_noinit_batch_cmd_PRAGMA_schema_version_PRAGMA_user_version_safe,48_noinit_batch_cmd_SELECT_count_FROM_sqlite_master_mmap_1048576,2,2,2,2,1.0
sqlite3,sqlite3,37,38,37_noinit_batch_cmd_PRAGMA_schema_version_PRAGMA_user_version_list,38_noinit_batch_cmd_PRAGMA_schema_version_PRAGMA_user_version_csv,2,2,2,2,1.0
sqlite3,sqlite3,37,39,37_noinit_batch_cmd_PRAGMA_schema_version_PRAGMA_user_version_list,39_noinit_batch_cmd_PRAGMA_schema_version_PRAGMA_user_version_json,2,2,2,2,1.0
sqlite3,sqlite3,37,40,37_noinit_batch_cmd_PRAGMA_schema_version_PRAGMA_user_version_list,40_noinit_batch_cmd_PRAGMA_schema_version_PRAGMA_user_version_mmap_0,2,2,2,2,1.0
sqlite3,sqlite3,37,41,37_noinit_batch_cmd_PRAGMA_schema_version_PRAGMA_user_version_list,41_noinit_batch_cmd_PRAGMA_schema_version_PRAGMA_user_version_mmap_1048576,2,2,2,2,1.0
sqlite3,sqlite3,37,42,37_noinit_batch_cmd_PRAGMA_schema_version_PRAGMA_user_version_list,42_noinit_batch_cmd_SELECT_count_FROM_sqlite_master_nofollow,2,2,2,2,1.0
sqlite3,sqlite3,37,43,37_noinit_batch_cmd_PRAGMA_schema_version_PRAGMA_user_version_list,43_noinit_batch_cmd_SELECT_count_FROM_sqlite_master_safe,2,2,2,2,1.0
sqlite3,sqlite3,37,44,37_noinit_batch_cmd_PRAGMA_schema_version_PRAGMA_user_version_list,44_noinit_batch_cmd_SELECT_count_FROM_sqlite_master_list,2,2,2,2,1.0
sqlite3,sqlite3,37,45,37_noinit_batch_cmd_PRAGMA_schema_version_PRAGMA_user_version_list,45_noinit_batch_cmd_SELECT_count_FROM_sqlite_master_csv,2,2,2,2,1.0
sqlite3,sqlite3,37,46,37_noinit_batch_cmd_PRAGMA_schema_version_PRAGMA_user_version_list,46_noinit_batch_cmd_SELECT_count_FROM_sqlite_master_json,2,2,2,2,1.0
sqlite3,sqlite3,37,47,37_noinit_batch_cmd_PRAGMA_schema_version_PRAGMA_user_version_list,47_noinit_batch_cmd_SELECT_count_FROM_sqlite_master_mmap_0,2,2,2,2,1.0
sqlite3,sqlite3,37,48,37_noinit_batch_cmd_PRAGMA_schema_version_PRAGMA_user_version_list,48_noinit_batch_cmd_SELECT_count_FROM_sqlite_master_mmap_1048576,2,2,2,2,1.0
sqlite3,sqlite3,38,39,38_noinit_batch_cmd_PRAGMA_schema_version_PRAGMA_user_version_csv,39_noinit_batch_cmd_PRAGMA_schema_version_PRAGMA_user_version_json,2,2,2,2,1.0
sqlite3,sqlite3,38,40,38_noinit_batch_cmd_PRAGMA_schema_version_PRAGMA_user_version_csv,40_noinit_batch_cmd_PRAGMA_schema_version_PRAGMA_user_version_mmap_0,2,2,2,2,1.0
sqlite3,sqlite3,38,41,38_noinit_batch_cmd_PRAGMA_schema_version_PRAGMA_user_version_csv,41_noinit_batch_cmd_PRAGMA_schema_version_PRAGMA_user_version_mmap_1048576,2,2,2,2,1.0
sqlite3,sqlite3,38,42,38_noinit_batch_cmd_PRAGMA_schema_version_PRAGMA_user_version_csv,42_noinit_batch_cmd_SELECT_count_FROM_sqlite_master_nofollow,2,2,2,2,1.0
sqlite3,sqlite3,38,43,38_noinit_batch_cmd_PRAGMA_schema_version_PRAGMA_user_version_csv,43_noinit_batch_cmd_SELECT_count_FROM_sqlite_master_safe,2,2,2,2,1.0
sqlite3,sqlite3,38,44,38_noinit_batch_cmd_PRAGMA_schema_version_PRAGMA_user_version_csv,44_noinit_batch_cmd_SELECT_count_FROM_sqlite_master_list,2,2,2,2,1.0
sqlite3,sqlite3,38,45,38_noinit_batch_cmd_PRAGMA_schema_version_PRAGMA_user_version_csv,45_noinit_batch_cmd_SELECT_count_FROM_sqlite_master_csv,2,2,2,2,1.0
sqlite3,sqlite3,38,46,38_noinit_batch_cmd_PRAGMA_schema_version_PRAGMA_user_version_csv,46_noinit_batch_cmd_SELECT_count_FROM_sqlite_master_json,2,2,2,2,1.0
sqlite3,sqlite3,38,47,38_noinit_batch_cmd_PRAGMA_schema_version_PRAGMA_user_version_csv,47_noinit_batch_cmd_SELECT_count_FROM_sqlite_master_mmap_0,2,2,2,2,1.0
sqlite3,sqlite3,38,48,38_noinit_batch_cmd_PRAGMA_schema_version_PRAGMA_user_version_csv,48_noinit_batch_cmd_SELECT_count_FROM_sqlite_master_mmap_1048576,2,2,2,2,1.0
sqlite3,sqlite3,39,40,39_noinit_batch_cmd_PRAGMA_schema_version_PRAGMA_user_version_json,40_noinit_batch_cmd_PRAGMA_schema_version_PRAGMA_user_version_mmap_0,2,2,2,2,1.0
sqlite3,sqlite3,39,41,39_noinit_batch_cmd_PRAGMA_schema_version_PRAGMA_user_version_json,41_noinit_batch_cmd_PRAGMA_schema_version_PRAGMA_user_version_mmap_1048576,2,2,2,2,1.0
sqlite3,sqlite3,39,42,39_noinit_batch_cmd_PRAGMA_schema_version_PRAGMA_user_version_json,42_noinit_batch_cmd_SELECT_count_FROM_sqlite_master_nofollow,2,2,2,2,1.0
sqlite3,sqlite3,39,43,39_noinit_batch_cmd_PRAGMA_schema_version_PRAGMA_user_version_json,43_noinit_batch_cmd_SELECT_count_FROM_sqlite_master_safe,2,2,2,2,1.0
sqlite3,sqlite3,39,44,39_noinit_batch_cmd_PRAGMA_schema_version_PRAGMA_user_version_json,44_noinit_batch_cmd_SELECT_count_FROM_sqlite_master_list,2,2,2,2,1.0
sqlite3,sqlite3,39,45,39_noinit_batch_cmd_PRAGMA_schema_version_PRAGMA_user_version_json,45_noinit_batch_cmd_SELECT_count_FROM_sqlite_master_csv,2,2,2,2,1.0
sqlite3,sqlite3,39,46,39_noinit_batch_cmd_PRAGMA_schema_version_PRAGMA_user_version_json,46_noinit_batch_cmd_SELECT_count_FROM_sqlite_master_json,2,2,2,2,1.0
sqlite3,sqlite3,39,47,39_noinit_batch_cmd_PRAGMA_schema_version_PRAGMA_user_version_json,47_noinit_batch_cmd_SELECT_count_FROM_sqlite_master_mmap_0,2,2,2,2,1.0
sqlite3,sqlite3,39,48,39_noinit_batch_cmd_PRAGMA_schema_version_PRAGMA_user_version_json,48_noinit_batch_cmd_SELECT_count_FROM_sqlite_master_mmap_1048576,2,2,2,2,1.0
sqlite3,sqlite3,40,41,40_noinit_batch_cmd_PRAGMA_schema_version_PRAGMA_user_version_mmap_0,41_noinit_batch_cmd_PRAGMA_schema_version_PRAGMA_user_version_mmap_1048576,2,2,2,2,1.0
sqlite3,sqlite3,40,42,40_noinit_batch_cmd_PRAGMA_schema_version_PRAGMA_user_version_mmap_0,42_noinit_batch_cmd_SELECT_count_FROM_sqlite_master_nofollow,2,2,2,2,1.0
sqlite3,sqlite3,40,43,40_noinit_batch_cmd_PRAGMA_schema_version_PRAGMA_user_version_mmap_0,43_noinit_batch_cmd_SELECT_count_FROM_sqlite_master_safe,2,2,2,2,1.0
sqlite3,sqlite3,40,44,40_noinit_batch_cmd_PRAGMA_schema_version_PRAGMA_user_version_mmap_0,44_noinit_batch_cmd_SELECT_count_FROM_sqlite_master_list,2,2,2,2,1.0
sqlite3,sqlite3,40,45,40_noinit_batch_cmd_PRAGMA_schema_version_PRAGMA_user_version_mmap_0,45_noinit_batch_cmd_SELECT_count_FROM_sqlite_master_csv,2,2,2,2,1.0
sqlite3,sqlite3,40,46,40_noinit_batch_cmd_PRAGMA_schema_version_PRAGMA_user_version_mmap_0,46_noinit_batch_cmd_SELECT_count_FROM_sqlite_master_json,2,2,2,2,1.0
sqlite3,sqlite3,40,47,40_noinit_batch_cmd_PRAGMA_schema_version_PRAGMA_user_version_mmap_0,47_noinit_batch_cmd_SELECT_count_FROM_sqlite_master_mmap_0,2,2,2,2,1.0
sqlite3,sqlite3,40,48,40_noinit_batch_cmd_PRAGMA_schema_version_PRAGMA_user_version_mmap_0,48_noinit_batch_cmd_SELECT_count_FROM_sqlite_master_mmap_1048576,2,2,2,2,1.0
sqlite3,sqlite3,41,42,41_noinit_batch_cmd_PRAGMA_schema_version_PRAGMA_user_version_mmap_1048576,42_noinit_batch_cmd_SELECT_count_FROM_sqlite_master_nofollow,2,2,2,2,1.0
sqlite3,sqlite3,41,43,41_noinit_batch_cmd_PRAGMA_schema_version_PRAGMA_user_version_mmap_1048576,43_noinit_batch_cmd_SELECT_count_FROM_sqlite_master_safe,2,2,2,2,1.0
sqlite3,sqlite3,41,44,41_noinit_batch_cmd_PRAGMA_schema_version_PRAGMA_user_version_mmap_1048576,44_noinit_batch_cmd_SELECT_count_FROM_sqlite_master_list,2,2,2,2,1.0
sqlite3,sqlite3,41,45,41_noinit_batch_cmd_PRAGMA_schema_version_PRAGMA_user_version_mmap_1048576,45_noinit_batch_cmd_SELECT_count_FROM_sqlite_master_csv,2,2,2,2,1.0
sqlite3,sqlite3,41,46,41_noinit_batch_cmd_PRAGMA_schema_version_PRAGMA_user_version_mmap_1048576,46_noinit_batch_cmd_SELECT_count_FROM_sqlite_master_json,2,2,2,2,1.0
sqlite3,sqlite3,41,47,41_noinit_batch_cmd_PRAGMA_schema_version_PRAGMA_user_version_mmap_1048576,47_noinit_batch_cmd_SELECT_count_FROM_sqlite_master_mmap_0,2,2,2,2,1.0
sqlite3,sqlite3,41,48,41_noinit_batch_cmd_PRAGMA_schema_version_PRAGMA_user_version_mmap_1048576,48_noinit_batch_cmd_SELECT_count_FROM_sqlite_master_mmap_1048576,2,2,2,2,1.0
sqlite3,sqlite3,42,43,42_noinit_batch_cmd_SELECT_count_FROM_sqlite_master_nofollow,43_noinit_batch_cmd_SELECT_count_FROM_sqlite_master_safe,2,2,2,2,1.0
sqlite3,sqlite3,42,44,42_noinit_batch_cmd_SELECT_count_FROM_sqlite_master_nofollow,44_noinit_batch_cmd_SELECT_count_FROM_sqlite_master_list,2,2,2,2,1.0
sqlite3,sqlite3,42,45,42_noinit_batch_cmd_SELECT_count_FROM_sqlite_master_nofollow,45_noinit_batch_cmd_SELECT_count_FROM_sqlite_master_csv,2,2,2,2,1.0
sqlite3,sqlite3,42,46,42_noinit_batch_cmd_SELECT_count_FROM_sqlite_master_nofollow,46_noinit_batch_cmd_SELECT_count_FROM_sqlite_master_json,2,2,2,2,1.0
sqlite3,sqlite3,42,47,42_noinit_batch_cmd_SELECT_count_FROM_sqlite_master_nofollow,47_noinit_batch_cmd_SELECT_count_FROM_sqlite_master_mmap_0,2,2,2,2,1.0
sqlite3,sqlite3,42,48,42_noinit_batch_cmd_SELECT_count_FROM_sqlite_master_nofollow,48_noinit_batch_cmd_SELECT_count_FROM_sqlite_master_mmap_1048576,2,2,2,2,1.0
sqlite3,sqlite3,43,44,43_noinit_batch_cmd_SELECT_count_FROM_sqlite_master_safe,44_noinit_batch_cmd_SELECT_count_FROM_sqlite_master_list,2,2,2,2,1.0
sqlite3,sqlite3,43,45,43_noinit_batch_cmd_SELECT_count_FROM_sqlite_master_safe,45_noinit_batch_cmd_SELECT_count_FROM_sqlite_master_csv,2,2,2,2,1.0
sqlite3,sqlite3,43,46,43_noinit_batch_cmd_SELECT_count_FROM_sqlite_master_safe,46_noinit_batch_cmd_SELECT_count_FROM_sqlite_master_json,2,2,2,2,1.0
sqlite3,sqlite3,43,47,43_noinit_batch_cmd_SELECT_count_FROM_sqlite_master_safe,47_noinit_batch_cmd_SELECT_count_FROM_sqlite_master_mmap_0,2,2,2,2,1.0
sqlite3,sqlite3,43,48,43_noinit_batch_cmd_SELECT_count_FROM_sqlite_master_safe,48_noinit_batch_cmd_SELECT_count_FROM_sqlite_master_mmap_1048576,2,2,2,2,1.0
sqlite3,sqlite3,44,45,44_noinit_batch_cmd_SELECT_count_FROM_sqlite_master_list,45_noinit_batch_cmd_SELECT_count_FROM_sqlite_master_csv,2,2,2,2,1.0
sqlite3,sqlite3,44,46,44_noinit_batch_cmd_SELECT_count_FROM_sqlite_master_list,46_noinit_batch_cmd_SELECT_count_FROM_sqlite_master_json,2,2,2,2,1.0
sqlite3,sqlite3,44,47,44_noinit_batch_cmd_SELECT_count_FROM_sqlite_master_list,47_noinit_batch_cmd_SELECT_count_FROM_sqlite_master_mmap_0,2,2,2,2,1.0
sqlite3,sqlite3,44,48,44_noinit_batch_cmd_SELECT_count_FROM_sqlite_master_list,48_noinit_batch_cmd_SELECT_count_FROM_sqlite_master_mmap_1048576,2,2,2,2,1.0
sqlite3,sqlite3,45,46,45_noinit_batch_cmd_SELECT_count_FROM_sqlite_master_csv,46_noinit_batch_cmd_SELECT_count_FROM_sqlite_master_json,2,2,2,2,1.0
sqlite3,sqlite3,45,47,45_noinit_batch_cmd_SELECT_count_FROM_sqlite_master_csv,47_noinit_batch_cmd_SELECT_count_FROM_sqlite_master_mmap_0,2,2,2,2,1.0
sqlite3,sqlite3,45,48,45_noinit_batch_cmd_SELECT_count_FROM_sqlite_master_csv,48_noinit_batch_cmd_SELECT_count_FROM_sqlite_master_mmap_1048576,2,2,2,2,1.0
sqlite3,sqlite3,46,47,46_noinit_batch_cmd_SELECT_count_FROM_sqlite_master_json,47_noinit_batch_cmd_SELECT_count_FROM_sqlite_master_mmap_0,2,2,2,2,1.0
sqlite3,sqlite3,46,48,46_noinit_batch_cmd_SELECT_count_FROM_sqlite_master_json,48_noinit_batch_cmd_SELECT_count_FROM_sqlite_master_mmap_1048576,2,2,2,2,1.0
sqlite3,sqlite3,47,48,47_noinit_batch_cmd_SELECT_count_FROM_sqlite_master_mmap_0,48_noinit_batch_cmd_SELECT_count_FROM_sqlite_master_mmap_1048576,2,2,2,2,1.0
